sma,peak_accel,tilt_change,stillness,bbox_aspect_ratio,centroid_height,frame_motion,descent_speed,label,group
1.44655,1.0304314630289586,2.7274029997017237,0.9999761015366238,0.7272727272727273,0.396875,1.2505286458333331,0.0,0,Subject10Activity11Trial1
1.4226,1.0358267229609401,2.1870981038006967,0.9999248761622905,1.1,0.9479166666666666,1.104005859375,0.0,0,Subject10Activity11Trial1
1.4139,1.0446592745962675,3.6475051761809283,0.9997791671214679,1.2448979591836735,0.9489583333333333,0.9386451822916667,0.0,0,Subject10Activity11Trial1
1.417475,1.0446592745962675,2.7293825093209136,0.9999411971912016,1.392156862745098,0.946875,0.8782623697916667,0.0,0,Subject10Activity11Trial1
1.46755,1.1132448068596592,12.646538812180019,0.9999073493170404,1.25,0.9458333333333333,0.9679342447916666,0.0,0,Subject10Activity11Trial1
1.5793750000000002,1.1132448068596592,12.646538812180019,0.9998942334813209,0.7346938775510204,0.890625,0.937458984375,0.0,0,Subject10Activity11Trial1
1.6240999999999999,1.0574256475043529,2.2386893140390924,0.9999907624742914,0.7111111111111111,0.884375,0.8634856770833335,0.0,0,Subject10Activity11Trial1
1.6226749999999999,1.0499699995714165,1.636210261332792,0.9999715492057102,0.0,0.0,0.73847265625,0.0,0,Subject10Activity11Trial1
1.6238500000000002,1.0580789195518452,1.5673032601064882,0.9999368685425507,0.0,0.0,0.7410234375,0.0,0,Subject10Activity11Trial1
1.6210250000000002,1.0817855610055072,3.1542715958178604,0.9993498013526813,0.9148936170212766,0.946875,0.9144010416666667,0.0,0,Subject10Activity11Trial1
1.6161749999999997,1.0817855610055072,3.666508443188132,0.9999662065771004,1.2857142857142858,0.9489583333333333,0.9216158854166666,0.0,0,Subject10Activity11Trial1
1.6131249999999997,1.0629703664731205,2.7949311801047507,0.9999515639615693,1.4772727272727273,0.9541666666666667,0.887498046875,0.0,0,Subject10Activity11Trial1
1.6167499999999997,1.0629703664731205,4.415893837739041,0.9999805732142869,1.25,0.9458333333333333,0.9070670572916667,0.0,0,Subject10Activity11Trial1
1.614725,1.0504670389878972,3.1456676574799296,0.9999747607411623,1.2307692307692308,0.9458333333333333,0.8642623697916665,0.0,0,Subject10Activity11Trial1
1.60895,1.0453468323958321,1.3699811274262323,0.9999640078480577,0.0,0.0,0.7657923177083333,0.0,0,Subject10Activity11Trial1
1.607575,1.0554401925263222,2.3320143988893562,0.9998774402374093,0.6363636363636364,0.9416666666666667,0.7909947916666666,0.0,0,Subject10Activity11Trial1
1.6066250000000004,1.0554401925263222,3.6241138936026047,0.9999863234258863,0.5869565217391305,0.9416666666666667,0.8206438802083333,0.0,0,Subject10Activity11Trial1
1.606075,1.059050518152935,3.6241138936026047,0.9999808037051403,0.8823529411764706,0.8854166666666666,0.8253639322916667,0.0,0,Subject10Activity11Trial1
1.604975,1.059050518152935,2.1343304321754992,0.9999966458698196,0.0,0.0,0.7209042968749999,0.0,0,Subject10Activity11Trial1
1.6048749999999998,1.0441623436994845,1.7831636557228414,0.9999852487411323,0.0,0.0,0.7129876302083333,0.0,0,Subject10Activity11Trial1
1.6059249999999998,1.0446142828814855,1.1294267947527281,0.9999938623325333,0.0,0.0,0.71025,0.0,0,Subject10Activity11Trial1
1.60545,1.0461605995257133,1.6539502784080788,0.9999807165196873,0.0,0.0,0.6943665364583335,0.0,0,Subject10Activity11Trial1
1.6042250000000002,1.0461605995257133,1.5490659175540635,0.9999567357203281,0.0,0.0,0.7170188802083333,0.0,0,Subject10Activity11Trial1
1.604625,1.0428509001770099,1.2293697705032116,0.9999696606382316,0.0,0.0,0.72296484375,0.0,0,Subject10Activity11Trial1
1.6045000000000003,1.045503228115533,1.268767474340546,0.9999721512255941,0.0,0.0,0.7507532552083334,0.0,0,Subject10Activity11Trial1
1.604225,1.0718493364274664,5.19952891652483,0.9997357635817697,1.6338028169014085,0.9260416666666667,1.1753190104166666,0.0,0,Subject10Activity11Trial1
1.6399250000000003,1.0718493364274664,7.2287185314296885,0.9999938840831964,0.51875,0.5,4.970731119791667,0.008333333333333415,0,Subject10Activity11Trial1
1.679025,1.0509110333420237,3.357353988719389,0.9999932871352109,0.4205607476635514,0.44583333333333336,7.343710286458334,0.2114583333333333,0,Subject10Activity11Trial1
1.6841000000000002,1.0450803796837829,1.4799733492578326,0.9999818080859217,0.3939393939393939,0.6864583333333333,7.440375651041665,0.0,0,Subject10Activity11Trial1
1.6875,1.0450803796837829,1.7340504834409458,0.999986126770172,0.2773109243697479,0.55625,6.404782552083335,0.2552083333333333,0,Subject10Activity11Trial1
1.6883,1.0450803796837829,1.2777247072773292,0.9999952949042556,0.38860103626943004,0.40208333333333335,7.272273437499999,0.0,0,Subject10Activity11Trial1
1.69135,1.043193654121803,2.1332719555772997,0.9999749195321112,0.41818181818181815,0.4010416666666667,8.088669921874999,0.07916666666666666,0,Subject10Activity11Trial1
1.697475,1.043193654121803,1.2100006449873462,0.999996765616696,0.8080808080808081,0.43645833333333334,7.992899739583334,0.0,0,Subject10Activity11Trial1
1.6856250000000004,1.0526067641811923,10.150257984519051,0.9998544896446078,0.9083969465648855,0.4552083333333333,4.864389973958334,0.5489583333333333,0,Subject10Activity11Trial1
1.651325,1.0526067641811923,10.150257984519051,0.9999789655238467,1.7,0.4,1.7295299479166668,0.027083333333333293,0,Subject10Activity11Trial1
1.6288,1.0487831043642915,1.5825601035502679,0.9999583473222803,0.9827586206896551,0.42291666666666666,0.9315149739583333,0.0,0,Subject10Activity11Trial1
1.6226750000000003,1.0487831043642915,1.2939400177497333,0.9999942980672591,1.0769230769230769,0.44479166666666664,0.7808912760416666,0.0,0,Subject10Activity11Trial1
1.615475,1.0479475177698547,1.2939400177497333,0.9999907865083031,0.0,0.0,0.7080657552083334,0.0,0,Subject10Activity11Trial1
1.611175,1.0446903847552156,0.8880995901310484,0.9999840451157658,0.0,0.0,0.6721197916666666,0.0,0,Subject10Activity11Trial1
1.608425,1.0446903847552156,1.0167481845828235,0.9999848182641152,0.0,0.0,0.684439453125,0.0,0,Subject10Activity11Trial1
1.5969000000000002,1.0512131087462713,2.298282536792364,0.9999151746682512,1.2745098039215685,0.946875,0.8369687500000002,0.0,0,Subject10Activity11Trial1
1.5782500000000002,1.0512131087462713,4.23479241823134,0.9999217358032573,1.3617021276595744,0.9510416666666667,0.9194010416666666,0.0,0,Subject10Activity11Trial1
1.5702500000000001,1.0528337950502917,4.23479241823134,0.9999678426637079,1.09375,0.9520833333333333,0.858375,0.0,0,Subject10Activity11Trial1
1.5692499999999998,1.0528337950502917,2.4740869683157634,0.9999611624745529,0.0,0.0,0.8071914062500001,0.0,0,Subject10Activity11Trial1
1.5585250000000002,1.0565874313089285,11.426454152194054,0.9997984678085823,0.33093525179856115,0.490625,1.2240299479166665,0.0,0,Subject10Activity11Trial1
1.520425,1.0648370767399113,12.980302924732236,0.9999395421427922,0.71900826446281,0.5114583333333333,1.5255826822916667,0.033333333333333326,0,Subject10Activity11Trial1
1.49355,1.0648370767399113,1.5726154590578254,0.9999783300003959,1.1521739130434783,0.3875,1.2900130208333334,0.0,0,Subject10Activity11Trial1
1.4888249999999998,1.046484591382023,1.568745208110684,0.9999897964423352,1.0444444444444445,0.39166666666666666,1.1593001302083334,0.005208333333333315,0,Subject10Activity11Trial1
1.4846,1.046484591382023,1.3488645402815607,0.9999910094745024,1.0113636363636365,0.39166666666666666,1.17308203125,0.025000000000000022,0,Subject10Activity11Trial1
1.4907249999999999,1.0723889219867948,5.091632621114705,0.9997164810917346,1.0410958904109588,0.409375,1.1766588541666667,0.0,0,Subject10Activity11Trial1
1.5021,1.0723889219867948,6.96304643153282,0.9999157249596174,1.1320754716981132,0.43020833333333336,1.1046790364583334,0.0,0,Subject10Activity11Trial1
1.48325,1.0613020305266545,7.242512500647937,0.9999629130001273,0.8526315789473684,0.484375,1.4253990885416665,0.019791666666666652,0,Subject10Activity11Trial2
1.47265,1.0613020305266545,1.993024699023028,0.9999964559267746,1.1565217391304348,0.459375,1.3712819010416666,0.0010416666666667185,0,Subject10Activity11Trial2
1.483425,1.057825127324928,5.9853254808720315,0.9998861576543917,1.0991735537190082,0.44479166666666664,1.6907656250000003,0.4135416666666667,0,Subject10Activity11Trial2
1.48475,1.057825127324928,5.9853254808720315,0.9999900887461045,1.0,0.48333333333333334,1.4367272135416667,0.43333333333333335,0,Subject10Activity11Trial2
1.482925,1.0457389731668223,9.55073246920476,0.9999533845515335,1.5408163265306123,0.8979166666666667,1.4079550781249999,0.0,0,Subject10Activity11Trial2
1.4372500000000001,1.047525656010391,8.970049146858628,0.9999832744036681,1.2626262626262625,0.896875,1.5201119791666666,0.0,0,Subject10Activity11Trial2
1.3964750000000001,1.0512078766828186,4.486402603966994,0.9999659044000082,1.0638297872340425,0.9020833333333333,1.2087695312500002,0.0,0,Subject10Activity11Trial2
1.4284500000000002,1.0656190688984502,9.8906107307484,0.999871017352018,0.45255474452554745,0.496875,1.5791595052083334,0.0,0,Subject10Activity11Trial2
1.469075,1.1555929214044192,18.306449390107158,0.9939609054583529,0.5407407407407407,0.503125,2.259440104166667,0.036458333333333315,0,Subject10Activity11Trial2
1.471225,1.1555929214044192,18.25099573187904,0.9999558477680479,0.8280254777070064,0.521875,2.6256334635416665,0.012500000000000011,0,Subject10Activity11Trial2
1.4540250000000001,1.0543400779634624,2.532477680721936,0.9999537091112176,1.2345679012345678,0.4239583333333333,2.1193671875,0.0,0,Subject10Activity11Trial2
1.45975,1.0666573957930447,25.431167584459722,0.9995088958471716,1.5844155844155845,0.40729166666666666,1.7116985677083334,0.01874999999999999,0,Subject10Activity11Trial2
1.562325,1.206406233405647,36.40208912273018,0.9852689261679726,1.2564102564102564,0.4041666666666667,1.3965436197916667,0.0,0,Subject10Activity11Trial2
1.5759000000000003,1.2994514227165246,33.75389270959123,0.9997593239284457,1.1466666666666667,0.921875,1.3370709635416667,0.0,0,Subject10Activity11Trial2
1.4493749999999999,1.2994514227165246,11.116740792568976,0.9999895803140767,1.1066666666666667,0.921875,0.9038300781249999,0.0,0,Subject10Activity11Trial2
1.386975,1.0399951922965798,2.7839200962924906,0.999970805611838,1.0784313725490196,0.8385416666666666,0.8366718750000001,0.0,0,Subject10Activity11Trial2
1.3742749999999997,1.0399951922965798,2.3669905281367463,0.9999926713677927,1.1016949152542372,0.8427083333333333,1.0269427083333333,0.0,0,Subject10Activity11Trial2
1.4163249999999998,1.0398394106783988,3.7540493146594223,0.9999908591516844,0.7536231884057971,0.421875,1.053978515625,0.0,0,Subject10Activity11Trial2
1.484325,1.0526718387037814,6.517721964793086,0.9995142447795771,0.6857142857142857,0.42083333333333334,1.0696419270833333,0.0,0,Subject10Activity11Trial2
1.514125,1.0526718387037814,6.03163395168637,0.9997696975413053,0.7222222222222222,0.37083333333333335,1.024763671875,0.0,0,Subject10Activity11Trial2
1.49905,1.052223360318521,6.600427653142997,0.9999584936270431,0.0,0.0,0.9741757812499999,0.0,0,Subject10Activity11Trial2
1.47535,1.052223360318521,2.9776285328441574,0.9999913036834289,0.0,0.0,0.8812506510416667,0.0,0,Subject10Activity11Trial2
1.497625,1.0881939165424515,4.165068317624083,0.9994470458960908,1.0,0.9375,1.0363736979166667,0.0,0,Subject10Activity11Trial2
1.547675,1.0881939165424515,7.2280769255789075,0.9998052370697297,0.9420289855072463,0.928125,1.1245865885416666,0.0,0,Subject10Activity11Trial2
1.5635749999999997,1.0648990562489948,3.9727021603906714,0.9998828775028634,0.5405405405405406,0.9083333333333333,1.0152949218749998,0.0,0,Subject10Activity11Trial2
1.5532,1.053091164144871,4.106346482099013,0.9998774396523453,1.2857142857142858,0.9416666666666667,1.0021634114583333,0.0,0,Subject10Activity11Trial2
1.5472249999999999,1.071710315337125,4.775662928524703,0.9994230619865865,0.6590909090909091,0.9375,0.8841438802083333,0.0,0,Subject10Activity11Trial2
1.5335749999999997,1.071710315337125,4.444398283596307,0.9999829746831987,0.9791666666666666,0.9333333333333333,0.8320058593750002,0.0,0,Subject10Activity11Trial2
1.531175,1.0473304158669317,2.2949154419431856,0.9999486435685946,0.0,0.0,0.7174375,0.0,0,Subject10Activity11Trial2
1.537425,1.0536607613458897,4.8551562676193925,0.9999460759221761,0.9772727272727273,0.9458333333333333,0.8899485677083334,0.0,0,Subject10Activity11Trial2
1.514675,1.0599839621428242,7.646828656624386,0.9996950364023511,0.7222222222222222,0.925,1.0449485677083332,0.0,0,Subject10Activity11Trial2
1.498025,1.0627741999126625,8.718339236906427,0.9998882921621738,0.9166666666666666,0.925,1.180826171875,0.0,0,Subject10Activity11Trial2
1.5225750000000002,1.2083298390754074,61.61498386996816,0.979057913255382,0.9014084507042254,0.9260416666666667,1.3073365885416668,0.0,0,Subject10Activity11Trial2
1.5368249999999999,1.2083298390754074,76.68773085117388,0.9996879216313241,1.3333333333333333,0.95,1.1492884114583333,0.0,0,Subject10Activity11Trial2
1.515125,1.1940661623209996,57.545271009215305,0.9989016235473396,0.9545454545454546,0.9479166666666666,1.0388040364583335,0.0,0,Subject10Activity11Trial2
1.52225,1.1133018458621184,47.79307627160752,0.9979927359401001,1.1956521739130435,0.9479166666666666,0.98783203125,0.0,0,Subject10Activity11Trial2
1.5401,1.0991856076204782,27.424082271204085,0.995948299686476,0.9302325581395349,0.940625,0.9384407552083334,0.0,0,Subject10Activity11Trial2
1.453275,1.1138873372114435,40.932229088846285,0.9985912603999986,0.8214285714285714,0.9416666666666667,0.9453710937500001,0.0,0,Subject10Activity11Trial2
1.3479499999999998,1.1394375805633234,34.00952313698726,0.9985898804741054,1.4193548387096775,0.915625,0.86479296875,0.0,0,Subject10Activity11Trial2
1.301675,1.155873695522136,18.372650400993358,0.9954207497557219,1.2105263157894737,0.9229166666666667,1.0538365885416667,0.0,0,Subject10Activity11Trial2
1.25965,1.221957855247062,16.41267163585695,0.991750866761954,1.55,0.9375,1.0556080729166666,0.0,0,Subject10Activity11Trial2
1.267225,1.221957855247062,16.41267163585695,0.9994724969120247,1.2571428571428571,0.9270833333333334,1.392300130208333,0.0,0,Subject10Activity11Trial2
1.2769249999999999,1.1143504834655926,11.470444683120267,0.9999313887139837,1.352112676056338,0.9260416666666667,1.2862011718750002,0.0010416666666667185,0,Subject10Activity11Trial2
1.2563749999999998,1.0879563410357973,4.755495001963935,0.9999865949479794,0.0,0.0,0.799626953125,0.0,0,Subject10Activity11Trial2
1.2531999999999999,1.0545126836600878,1.8937684968329425,0.9999784703484611,0.6,0.9385416666666667,0.81515625,0.0,0,Subject10Activity11Trial2
1.251325,1.053577239693417,1.8937684968329425,0.9999938269848968,0.6216216216216216,0.9145833333333333,0.8033645833333335,0.0,0,Subject10Activity11Trial2
1.2517749999999999,1.0566101457018098,1.3887417359573435,0.999987738264472,0.0,0.0,0.6720266927083334,0.0,0,Subject10Activity11Trial2
1.2528,1.0566101457018098,2.938023925493357,0.9999503265683973,0.0,0.0,0.6986738281250001,0.0,0,Subject10Activity11Trial2
1.2388,1.0534443506896791,3.0573721387100417,0.9999986910859069,0.0,0.0,0.7093951822916666,0.0,0,Subject10Activity11Trial2
1.218575,1.057861049476726,2.1780923990366956,0.9999740243589329,0.8627450980392157,0.9260416666666667,0.799044921875,0.0,0,Subject10Activity11Trial2
1.212425,1.0686388538697251,2.679801032110613,0.999889595469183,0.7076923076923077,0.9072916666666667,0.843658203125,0.0,0,Subject10Activity11Trial2
1.217025,1.0686388538697251,3.7701563918185066,0.9999876646647486,0.68,0.8895833333333333,0.922232421875,0.0,0,Subject10Activity11Trial2
1.2329999999999999,1.0695181157886013,4.952964117378898,0.9999108014695625,1.5625,0.95,0.9875136718749999,0.0,0,Subject10Activity11Trial3
1.252925,1.0699672892196284,6.803729045536662,0.9999614337604015,1.553191489361702,0.9427083333333334,0.9104641927083333,0.0,0,Subject10Activity11Trial3
1.2414749999999999,1.0699672892196284,11.87294352878248,0.9999067155946936,1.2727272727272727,0.9395833333333333,0.9213574218749999,0.0,0,Subject10Activity11Trial3
1.14865,1.0692852753124398,7.273420722923306,0.999934738719004,1.4883720930232558,0.9447916666666667,0.9203372395833332,0.0,0,Subject10Activity11Trial3
1.10855,1.0776743478435402,3.8430611583438425,0.9998278809126804,0.7236842105263158,0.9208333333333333,1.0295364583333333,0.0,0,Subject10Activity11Trial3
1.151825,1.0805817877421402,6.356353688032856,0.9999542463489272,0.7671232876712328,0.9239583333333333,1.09928515625,0.0,0,Subject10Activity11Trial3
1.193525,1.1074443552612476,13.115953392701684,0.9993220069143964,1.2769230769230768,0.9322916666666666,1.0556796875,0.0,0,Subject10Activity11Trial3
1.21345,1.1074443552612476,13.115953392701684,0.9998571931000781,1.375,0.9333333333333333,1.2146966145833331,0.02083333333333326,0,Subject10Activity11Trial3
1.1851,1.0760604072262858,7.283689993140586,0.9999694903652919,1.2222222222222223,0.934375,1.00065234375,0.0,0,Subject10Activity11Trial3
1.149675,1.0750948795338948,2.0407986102037534,0.9999895468371742,0.0,0.0,0.7341959635416666,0.0,0,Subject10Activity11Trial3
1.15305,1.0635059943413578,3.9796492943806867,0.9998873016567611,1.5769230769230769,0.9458333333333333,0.8316790364583335,0.0,0,Subject10Activity11Trial3
1.1614749999999998,1.0789870249451567,4.55788014279635,0.9997265462919771,1.5,0.94375,0.9372298177083334,0.0,0,Subject10Activity11Trial3
1.1589500000000001,1.0789870249451567,4.010860514876448,0.9999902557326336,0.0,0.0,0.8058600260416666,0.0,0,Subject10Activity11Trial3
1.147475,1.0609981149841878,2.776424779078452,0.9999978327886258,0.0,0.0,0.7459251302083334,0.0,0,Subject10Activity11Trial3
1.143075,1.0524946555683787,1.0377274351962398,0.9999969585667277,0.0,0.0,0.6764720052083333,0.0,0,Subject10Activity11Trial3
1.1441,1.0524946555683787,1.2135612671264275,0.999995035603044,0.0,0.0,0.7087773437499999,0.0,0,Subject10Activity11Trial3
1.1417000000000002,1.0669700089505798,2.6879781848805164,0.9999479559424166,0.0,0.0,0.8422044270833334,0.0,0,Subject10Activity11Trial3
1.1326999999999998,1.0669700089505798,2.167786678238059,0.9999663736959337,0.3884297520661157,0.48854166666666665,1.4052376302083334,0.0,0,Subject10Activity11Trial3
1.12415,1.064264534784468,1.9182017917502874,0.9999928746696105,0.8870967741935484,0.475,2.0382285156249997,0.013541666666666619,0,Subject10Activity11Trial3
1.118975,1.0611941386947066,1.0312783142293416,0.999970782929608,0.9217391304347826,0.4822916666666667,2.3542311197916668,0.0,0,Subject10Activity11Trial3
1.12015,1.0611941386947066,0.935957004726685,0.99998488322953,1.4337349397590362,0.428125,2.0272884114583336,0.001041666666666663,0,Subject10Activity11Trial3
1.114175,1.0583194224807555,2.175130086493131,0.9999900297818125,1.922077922077922,0.40729166666666666,1.4240104166666665,0.00520833333333337,0,Subject10Activity11Trial3
1.1338000000000001,1.062022127829736,5.8059525625352535,0.9999028077591825,0.88,0.40520833333333334,1.0131438802083335,0.0,0,Subject10Activity11Trial3
1.172725,1.0681427807180088,4.772168337059989,0.9999214268634427,0.9384615384615385,0.415625,1.1159140625000001,0.0,0,Subject10Activity11Trial3
1.176075,1.0681427807180088,4.38531137128565,0.9999765006600926,1.1395348837209303,0.440625,0.9876477864583334,0.0,0,Subject10Activity11Trial3
1.169075,1.0767376653577232,3.1113572272152616,0.999790072830882,1.8214285714285714,0.8604166666666667,0.8195221354166666,0.0,0,Subject10Activity11Trial3
1.1837250000000001,1.084823487946311,3.791876170745014,0.9998605406658215,1.9,0.8625,0.879931640625,0.0,0,Subject10Activity11Trial3
1.1885249999999998,1.084823487946311,3.771420439489482,0.9999813316452862,0.0,0.0,0.8224492187499999,0.0,0,Subject10Activity11Trial3
1.185425,1.076425566400204,3.3248779491444873,0.9998717883401949,0.9666666666666667,0.9520833333333333,0.8682526041666666,0.0,0,Subject10Activity11Trial3
1.200275,1.134919380396687,10.836927299444865,0.9976949317079967,0.9466666666666667,0.915625,1.1053209635416665,0.0,0,Subject10Activity11Trial3
1.2152249999999998,1.189939914449465,14.937371182000007,0.9945496191091919,2.0641025641025643,0.91875,1.3413287760416668,0.0,0,Subject10Activity11Trial3
1.227325,1.189939914449465,14.13789990436784,0.9991795494453914,1.813953488372093,0.9104166666666667,1.5884108072916667,0.0,0,Subject10Activity11Trial3
1.2462499999999999,1.127833321018669,11.542084929707524,0.9993499046674178,1.8888888888888888,0.89375,1.36449609375,0.0,0,Subject10Activity11Trial3
1.22,1.0833748197184576,13.729202920757546,0.9998083258675133,0.6753246753246753,0.9197916666666667,1.382830078125,0.007291666666666696,0,Subject10Activity11Trial3
1.1486750000000001,1.0719379646229532,10.465311492014038,0.9998593370951794,0.7692307692307693,0.91875,1.0662447916666666,0.0,0,Subject10Activity11Trial3
1.112475,1.0719379646229532,4.696425599219373,0.9999101035978353,1.5,0.8625,0.8758587239583333,0.0,0,Subject10Activity11Trial3
1.1072250000000001,1.0627539696467851,2.7810638646786003,0.9999922618015028,1.2058823529411764,0.8604166666666667,0.8197454427083333,0.0,0,Subject10Activity11Trial3
1.108825,1.055888725197878,2.3313774670334473,0.9999796263157652,1.3548387096774193,0.8489583333333334,0.744283203125,0.0,0,Subject10Activity11Trial3
1.1167000000000002,1.0571092658755763,1.5949250544002513,0.9999858654661592,1.3793103448275863,0.853125,0.73391015625,0.0,0,Subject10Activity11Trial3
1.1028,1.0571092658755763,2.8923505934460247,0.9999918104915635,0.0,0.0,0.7464016927083332,0.0,0,Subject10Activity11Trial3
1.0892,1.056263698136029,2.675700741539149,0.9999874486755811,1.0869565217391304,0.94375,0.8208769531250001,0.0,0,Subject10Activity11Trial3
1.089375,1.0601797017487176,2.05948617213141,0.9999521745475332,1.2666666666666666,0.953125,0.9555110677083334,0.0,0,Subject10Activity11Trial3
1.088275,1.0601797017487176,2.098806335508668,0.9999902989119529,0.8727272727272727,0.9427083333333334,0.930103515625,0.0,0,Subject10Activity11Trial3
1.0852999999999997,1.0625591748227483,4.92941705435667,0.9999467540136271,0.725,0.9166666666666666,0.979970703125,0.0,0,Subject10Activity11Trial3
1.0716,1.0625591748227483,4.977339762212731,0.999994436971066,0.7037037037037037,0.915625,1.039591796875,0.0,0,Subject10Activity11Trial3
1.0654499999999998,1.0560194127003537,1.0824553884181012,0.9999903705765403,1.3035714285714286,0.36041666666666666,0.9033645833333332,0.0,0,Subject10Activity11Trial3
1.0712,1.0550592400429466,2.0855474797135742,0.9999916109280363,1.2456140350877194,0.359375,0.8668821614583333,0.0,0,Subject10Activity11Trial3
1.0764749999999998,1.0581913815562853,1.6892275170400244,0.999992024936652,1.271186440677966,0.3572916666666667,0.8621796875,0.0,0,Subject10Activity11Trial3
1.13235,1.076459938873714,11.343898422902118,0.9998298295658882,1.1724137931034482,0.3541666666666667,0.9178313802083334,0.0,0,Subject10Activity11Trial3
1.194925,1.0912721933596585,12.875577744590512,0.9999969534196302,1.1090909090909091,0.35104166666666664,0.9274114583333335,0.002083333333333326,0,Subject10Activity11Trial3
1.210475,1.0912721933596585,12.615999753454826,0.9999910465100064,0.0,0.0,0.736431640625,0.0,0,Subject10Activity11Trial3
1.22025,1.063827523614613,6.504176861609428,0.9998791241805559,1.5434782608695652,0.9520833333333333,0.8982317708333334,0.0,0,Subject10Activity11Trial3
1.6444249999999996,2.8145473881247765,104.15197726921372,0.6742248095385518,1.3365384615384615,0.675,6.199721354166667,0.16874999999999996,0,Subject10Activity1Trial1
1.4442249999999999,2.8145473881247765,109.53371417233416,0.9616209309035403,1.3333333333333333,0.690625,5.3147382812499995,0.125,0,Subject10Activity1Trial1
1.1889499999999997,1.4921038837828955,42.33974332002202,0.9996775480033611,2.2142857142857144,0.9270833333333334,1.4427220052083334,0.0,0,Subject10Activity1Trial1
1.203075,1.0551710761767497,3.4042362366394627,0.9999840624489628,0.6764705882352942,0.5125,1.2017513020833335,0.004166666666666652,0,Subject10Activity1Trial1
1.204475,0.9939406420908645,0.6879775590311397,0.9999957498287328,0.5348837209302325,0.5395833333333333,1.6261373697916668,0.0,0,Subject10Activity1Trial1
1.1999499999999999,0.9930664630325605,0.6414972634954381,0.9999927081747862,1.0128205128205128,0.42916666666666664,1.6862259114583331,0.00520833333333337,0,Subject10Activity1Trial1
1.1927249999999998,0.9965023833388458,0.635290606814408,0.9999703790923993,0.7024793388429752,0.4864583333333333,1.8587519531249999,0.08854166666666669,0,Subject10Activity1Trial1
1.5744500000000001,2.787654569705508,151.49229008800754,0.6223800805006459,1.2820512820512822,0.675,5.8935104166666665,0.15312499999999996,0,Subject10Activity1Trial2
1.3612749999999998,2.787654569705508,151.49229008800754,0.99125398579735,1.496124031007752,0.73125,4.556235026041667,0.11041666666666661,0,Subject10Activity1Trial2
1.1310749999999998,1.4716759154107266,22.09354649435369,0.9999968099628155,0.0,0.0,0.8656725260416668,0.0,0,Subject10Activity1Trial2
1.1303,0.9931052310807752,0.7420458513258552,0.9999991442826373,0.0,0.0,0.7056640625,0.0,0,Subject10Activity1Trial2
1.127875,0.9840269305257859,0.6214937579472348,0.9999972306076953,0.9230769230769231,0.4427083333333333,0.7140911458333334,0.0,0,Subject10Activity1Trial2
1.127375,0.9863822788351381,0.4472500977951199,0.999998480333603,0.975609756097561,0.44479166666666664,0.7195963541666666,0.0,0,Subject10Activity1Trial2
1.13105,0.9870227960893304,0.6036758250096739,0.9999919174784636,0.0,0.0,0.7318229166666667,0.0,0,Subject10Activity1Trial2
1.582925,2.4535398916667326,67.85800862857899,0.7533375953743296,1.22508038585209,0.6760416666666667,6.763440755208333,0.1885416666666666,1,Subject10Activity1Trial3
1.3773250000000001,2.4535398916667326,66.83756834320396,0.9945623723075487,2.423841059602649,0.8427083333333333,3.5497682291666663,0.08333333333333326,0,Subject10Activity1Trial3
1.161325,1.2382733946911724,19.5828571705475,0.9999574186356923,0.0,0.0,0.9036536458333334,0.0,0,Subject10Activity1Trial3
1.151725,1.0042076478497861,0.40449556003483167,0.9999946014899095,0.0,0.0,0.7465117187500001,0.0,0,Subject10Activity1Trial3
1.1515999999999997,0.9904291998926525,0.3855158356230959,0.9999892350118536,0.0,0.0,0.7958170572916667,0.0,0,Subject10Activity1Trial3
1.1507999999999998,0.9899227242567977,0.2558890379659431,0.9999964953337596,0.42,0.43333333333333335,0.7794889322916666,0.0,0,Subject10Activity1Trial3
1.145775,0.9884862163935316,0.44468452392018776,0.9999984907553611,0.35185185185185186,0.42916666666666664,0.6979205729166666,0.0,0,Subject10Activity1Trial3
1.4956,2.2505610411628476,48.759343063984105,0.8906037367093942,0.5306748466257669,0.6604166666666667,5.758548177083332,0.28124999999999994,0,Subject10Activity2Trial1
1.6089999999999995,2.2505610411628476,17.82773504760783,0.995853637833965,0.6060606060606061,0.759375,3.817650390625,0.05624999999999997,0,Subject10Activity2Trial1
1.5790250000000001,1.1194918490100765,4.7816867208827745,0.9998700983062829,0.4523809523809524,0.825,1.7406542968750003,0.0,0,Subject10Activity2Trial1
1.5927000000000002,1.016178133990296,2.2566425798462006,0.9999363452834386,0.8947368421052632,0.5885416666666666,1.0872799479166666,0.0,0,Subject10Activity2Trial1
1.5903,1.003309523527012,2.7773205642615437,0.9999657838754332,0.9651162790697675,0.6208333333333333,1.2268138020833332,0.0,0,Subject10Activity2Trial1
1.595875,1.0033927446418973,2.5246335846122463,0.9999493884518469,0.6942148760330579,0.6572916666666667,1.2574042968749999,0.0,0,Subject10Activity2Trial1
1.6000500000000002,1.0033927446418973,1.9005380841262394,0.9999876350801927,0.9777777777777777,0.6135416666666667,1.025647786458333,0.0,0,Subject10Activity2Trial1
1.5707750000000003,3.0606051689167617,29.8267114881876,0.9360802663010995,0.6270096463022508,0.6760416666666667,4.67543359375,0.08750000000000002,0,Subject10Activity2Trial2
1.70865,3.0606051689167617,20.66356982797805,0.9987484508922541,0.6666666666666666,0.753125,2.8871796875,0.07187500000000002,0,Subject10Activity2Trial2
1.5877750000000002,1.2058863959760058,3.980455941072293,0.9997776665593304,0.4148936170212766,0.4895833333333333,3.550287760416667,0.0,0,Subject10Activity2Trial2
1.5962,1.019209007024565,1.6998967783143968,0.9999711700173174,0.4740740740740741,0.421875,5.340977864583333,0.26979166666666665,0,Subject10Activity2Trial2
1.60315,0.9952055064156348,1.2913655400327855,0.9999624651728032,0.5291666666666667,0.55,4.0005221354166665,0.5197916666666667,0,Subject10Activity2Trial2
1.606525,1.0051482477724367,1.844320449608702,0.999953731157137,0.4026315789473684,0.39791666666666664,3.464611328125,0.0,0,Subject10Activity2Trial2
1.6076249999999999,1.0051482477724367,1.246033735237134,0.9999771248910689,0.4164305949008499,0.39479166666666665,4.626393229166666,0.11875,0,Subject10Activity2Trial2
1.6111250000000001,0.9950180902878099,1.0500352472523389,0.9999822142173024,0.6936936936936937,0.359375,2.7503203125,0.0,0,Subject10Activity2Trial2
1.5742749999999996,3.626002482073061,54.777301471548014,0.8520701451159749,0.7138263665594855,0.6760416666666667,5.417146484375,0.28333333333333327,0,Subject10Activity2Trial3
1.66765,3.626002482073061,61.54881123726727,0.9973708771151022,0.8084291187739464,0.728125,5.509752604166667,0.1635416666666667,0,Subject10Activity2Trial3
1.6252499999999999,1.2576000954198439,26.189660470917275,0.9983993655329664,0.8333333333333334,0.7625,3.8078209635416664,0.09687500000000004,0,Subject10Activity2Trial3
1.597825,1.0607384220438136,11.69489572032137,0.9996930306557537,0.588495575221239,0.7645833333333333,1.97690234375,0.0,0,Subject10Activity2Trial3
1.6009250000000002,1.0236859870096884,2.5191417128384472,0.9999930639617279,0.4246575342465753,0.921875,1.1707408854166668,0.0,0,Subject10Activity2Trial3
1.6056249999999999,1.0000464989189253,1.1142944785697608,0.9999641587685368,0.0,0.0,1.026021484375,0.0,0,Subject10Activity2Trial3
1.6070500000000003,1.0000464989189253,1.0786306174477147,0.9999922091457925,0.0,0.0,0.9243932291666667,0.0,0,Subject10Activity2Trial3
1.5212249999999998,4.321588249706351,141.37835346394945,0.81598077773698,0.6377358490566037,0.5822916666666667,6.459386067708333,0.2802083333333334,0,Subject10Activity3Trial1
1.7301750000000002,4.321588249706351,100.1111658006025,0.9987665654554924,1.4224806201550388,0.73125,5.1834290364583335,0.009375000000000022,0,Subject10Activity3Trial1
1.580725,1.5368962229116188,14.51753412673822,0.9998499117490792,1.8453608247422681,0.40520833333333334,2.289588541666667,0.034375000000000044,0,Subject10Activity3Trial1
1.5550000000000002,1.1006116481302566,6.315936074570768,0.9993663521896591,0.6277372262773723,0.49895833333333334,1.877591796875,0.07708333333333334,0,Subject10Activity3Trial1
1.4711750000000001,1.1006116481302566,13.879365312348101,0.9999699194077514,0.6821705426356589,0.434375,1.733875,0.0,0,Subject10Activity3Trial1
1.3942249999999998,1.1006116481302566,9.710976553357922,0.9997899737057767,0.5625,0.4375,1.4984778645833334,0.44270833333333326,0,Subject10Activity3Trial1
1.396325,1.1569636986526415,15.255198222763443,0.9952128077494752,1.7157894736842105,0.9010416666666666,2.0994908854166665,0.0,0,Subject10Activity3Trial1
1.51415,5.701558558850378,105.11606607471931,0.35395558973020486,1.2644376899696048,0.6572916666666667,5.4374628906249995,0.24375000000000002,0,Subject10Activity3Trial2
1.7238999999999998,5.701558558850378,151.99988613686628,0.8337043782387173,3.669724770642202,0.8864583333333333,5.502889973958334,0.29479166666666656,1,Subject10Activity3Trial2
1.7131250000000002,2.2226169260581092,98.68169558127303,0.999436655699972,2.2948717948717947,0.91875,1.927978515625,0.0,0,Subject10Activity3Trial2
1.55985,1.1620086058201118,5.3744861709929665,0.9999740206820957,4.695652173913044,0.9760416666666667,0.9434355468749999,0.0,0,Subject10Activity3Trial2
1.547075,1.060023112955562,5.3744861709929665,0.9999711606451879,2.96,0.9739583333333334,0.8775000000000001,0.0,0,Subject10Activity3Trial2
1.5465499999999999,1.0576038956055334,2.3825699260444004,0.9999849701611186,2.9642857142857144,0.9708333333333333,0.8730182291666667,0.0,0,Subject10Activity3Trial2
1.543025,1.0576038956055334,1.0962707370752476,0.9999971544484284,0.45,0.5020833333333333,1.3419361979166666,0.05833333333333335,0,Subject10Activity3Trial2
1.54235,1.0531875426532542,0.7729740611011735,0.9999961270077254,0.6274509803921569,0.4864583333333333,2.108102213541667,0.029166666666666674,0,Subject10Activity3Trial2
1.7890000000000001,4.946005863320423,124.68746659689741,0.42569862348525433,1.225609756097561,0.6583333333333333,6.613865234375,0.3375,1,Subject10Activity3Trial3
1.8006999999999997,4.946005863320423,131.60055033804906,0.976790316521169,1.2937293729372936,0.684375,5.078393880208333,0.29270833333333335,1,Subject10Activity3Trial3
1.47915,1.8762739672020181,70.2909419836754,0.9997905765751436,1.8181818181818181,0.93125,1.6008313802083336,0.0,0,Subject10Activity3Trial3
1.451675,1.1077386875973954,5.407856369666424,0.9999585211802441,1.0227272727272727,0.93125,1.0306640625,0.0,0,Subject10Activity3Trial3
1.437725,1.0685714763177987,3.1021755264917044,0.9999899083253665,0.9767441860465116,0.9260416666666667,1.06192578125,0.0,0,Subject10Activity3Trial3
1.4292500000000001,1.0583350131220264,1.8352817438168536,0.9999922722972406,1.0606060606060606,0.965625,0.9225885416666666,0.0,0,Subject10Activity3Trial3
1.4143,1.0511579329482321,1.5580339471113334,0.9999971803388181,0.0,0.0,0.8596595052083333,0.0,0,Subject10Activity3Trial3
1.407325,1.0585064950202243,1.2011307314977806,0.9999826867977534,0.0,0.0,0.9047591145833334,0.0,0,Subject10Activity3Trial3
1.483675,3.1827585519482935,80.4200570342288,0.6348163323569722,1.4188311688311688,0.6791666666666667,6.351113932291666,0.20104166666666667,1,Subject10Activity4Trial1
1.6195499999999998,3.1827585519482935,123.80406818674001,0.9733067919983932,1.8477366255144032,0.746875,5.322859375,0.04062500000000002,0,Subject10Activity4Trial1
1.48175,1.6263741881867162,56.594142358611236,0.9987849435907855,1.5849056603773586,0.8895833333333333,1.9443945312500002,0.007291666666666585,0,Subject10Activity4Trial1
1.4850249999999998,1.0690360143606015,10.532142126086086,0.9999808695599474,1.379746835443038,0.865625,1.1100813802083334,0.055208333333333415,0,Subject10Activity4Trial1
1.4852750000000001,1.0062276084465185,1.5507867268109123,0.9999877015977723,0.6444444444444445,0.8989583333333333,0.7754609374999999,0.0,0,Subject10Activity4Trial1
1.484825,1.0137978102166132,0.9503293369247672,0.9999724135794367,1.1818181818181819,0.9,0.7876998697916667,0.0,0,Subject10Activity4Trial1
1.48575,1.0137978102166132,1.3949822188157697,0.9999868055964015,0.0,0.0,0.6852630208333335,0.0,0,Subject10Activity4Trial1
1.4932,1.0022125523061463,0.9198734010573304,0.9999960411608385,0.0,0.0,0.6431653645833333,0.0,0,Subject10Activity4Trial1
1.6221,2.7856302697953295,76.74465889716865,0.543074849699529,1.6103896103896105,0.6791666666666667,6.007033203124999,0.18854166666666672,1,Subject10Activity4Trial2
1.6540999999999997,2.7856302697953295,90.89889892676493,0.956058101050747,1.8369565217391304,0.7125,6.441249999999999,0.11354166666666665,1,Subject10Activity4Trial2
1.515075,1.505771895075745,82.36976939437992,0.9998362468125528,2.2142857142857144,0.9125,1.9827200520833332,0.0,0,Subject10Activity4Trial2
1.572025,1.0222074153516987,8.484120379363347,0.9999970652799682,0.0,0.0,0.8053385416666666,0.0,0,Subject10Activity4Trial2
1.569975,0.990398404683691,1.0494695234639693,0.9999962075765174,0.0,0.0,0.6925618489583333,0.0,0,Subject10Activity4Trial2
1.572475,0.9860552722844699,1.4416159204732821,0.9999988162406745,0.0,0.0,0.6506171875000001,0.0,0,Subject10Activity4Trial2
1.576625,0.9817540425177785,0.8268902225232466,0.9999983876889952,0.0,0.0,0.6301497395833333,0.0,0,Subject10Activity4Trial2
1.578325,0.9834556421110207,1.0677455726817016,0.9999931797413933,0.0,0.0,0.6361061197916666,0.0,0,Subject10Activity4Trial2
1.4718,1.9682324557836148,101.75399040458822,0.9060137477408191,1.6019417475728155,0.678125,6.451944661458333,0.1968749999999999,1,Subject10Activity4Trial3
1.60825,1.9682324557836148,101.75399040458822,0.9967781456341427,1.6851851851851851,0.71875,5.582506510416668,0.050000000000000044,0,Subject10Activity4Trial3
1.599225,1.0782852127336255,36.75530584308552,0.9990829935451262,2.625,0.925,1.9058098958333336,0.009375000000000022,0,Subject10Activity4Trial3
1.625425,1.0408520548089435,21.164505109170776,0.9999876376661055,1.4857142857142858,0.9270833333333334,0.9891634114583333,0.0,0,Subject10Activity4Trial3
1.620625,0.9957339001962322,1.4025284058235457,0.9999967173249432,0.0,0.0,0.6368671875,0.0,0,Subject10Activity4Trial3
1.6216000000000002,0.9770619222956138,0.5847602956124831,0.99999919766751,0.0,0.0,0.6261627604166666,0.0,0,Subject10Activity4Trial3
1.622625,0.9770619222956138,0.5839043872861822,0.9999978647895035,0.0,0.0,0.6210442708333332,0.0,0,Subject10Activity4Trial3
1.6224500000000002,0.9743500397701024,0.5839043872861822,0.9999985163469992,0.0,0.0,0.6186555989583333,0.0,0,Subject10Activity4Trial3
1.6878499999999999,4.032906024196448,161.6232469729331,0.40770795930512566,1.482315112540193,0.6760416666666667,6.356544270833334,0.21562499999999996,1,Subject10Activity5Trial1
1.766075,4.032906024196448,161.6232469729331,0.9748933145477543,2.5526315789473686,0.8020833333333334,4.450496093749999,0.078125,1,Subject10Activity5Trial1
1.60235,1.4960848906395652,81.76742341950806,0.998990363012917,2.4210526315789473,0.9208333333333333,1.8508925781249999,0.021874999999999978,0,Subject10Activity5Trial1
1.6079999999999999,1.1117162407736967,7.396011792405005,0.9999286666886513,1.234375,0.9333333333333333,1.083169921875,0.0,0,Subject10Activity5Trial1
1.614,1.0811091526760839,3.1786855043629316,0.9999515466537444,0.875,0.9333333333333333,0.936740234375,0.0,0,Subject10Activity5Trial1
1.6109499999999997,1.0811091526760839,3.7519571990000173,0.9999672324710173,1.2564102564102564,0.9072916666666667,0.7959401041666666,0.0,0,Subject10Activity5Trial1
1.60475,1.0659010273003775,3.0231438512643933,0.9999918417993305,0.0,0.0,0.6775820312499999,0.0,0,Subject10Activity5Trial1
1.6078000000000003,1.0671972638645586,2.842081854042654,0.999992188463139,0.0,0.0,0.6422239583333333,0.0,0,Subject10Activity5Trial1
1.60715,2.7276785001169035,142.38731774290503,0.6497760980174776,1.2741935483870968,0.6770833333333334,4.827259765625,0.15729166666666672,0,Subject10Activity5Trial2
1.6643000000000001,2.7276785001169035,125.28572945440044,0.9953961611650538,1.9078341013824884,0.7739583333333333,3.991908203125,0.06562499999999993,1,Subject10Activity5Trial2
1.551725,1.3198916622208052,30.27682728115667,0.9999507713601251,2.14,0.9479166666666666,1.040865234375,0.0,0,Subject10Activity5Trial2
1.54645,1.0840871736165871,1.4655319853508395,0.9999921601817572,0.0,0.0,0.668314453125,0.0,0,Subject10Activity5Trial2
1.5394250000000003,1.060658286160062,1.0592343953113605,0.999987598087496,0.0,0.0,0.6488984375,0.0,0,Subject10Activity5Trial2
1.5370500000000002,1.0642607763137755,0.8590695848629828,0.9999859661249972,0.0,0.0,0.6426562499999999,0.0,0,Subject10Activity5Trial2
1.536375,1.0642607763137755,1.1915413857964268,0.999991384880219,0.0,0.0,0.6480149739583333,0.0,0,Subject10Activity5Trial2
1.53415,1.0595961494833777,0.9652172206938694,0.9999939243923238,0.0,0.0,0.6485774739583333,0.0,0,Subject10Activity5Trial2
1.612275,2.0990209622583573,119.50753864291084,0.7063264914193446,1.3633440514469453,0.6760416666666667,4.762915364583334,0.26145833333333335,1,Subject10Activity5Trial3
1.7780999999999998,2.0990209622583573,119.50753864291084,0.9576408330807619,1.9177489177489178,0.759375,4.159466145833333,0.09270833333333328,0,Subject10Activity5Trial3
1.6233499999999998,1.7296080480848834,44.71945423585139,0.999097781806502,2.5671641791044775,0.9302083333333333,1.1600221354166667,0.0,0,Subject10Activity5Trial3
1.581375,1.123425119890062,2.0037432010735046,0.9999743635470179,0.39655172413793105,0.46458333333333335,1.1339433593750001,0.001041666666666663,0,Subject10Activity5Trial3
1.5860750000000001,1.062452822482015,0.8751812905216667,0.9999958585650629,1.2,0.478125,1.7908990885416667,0.022916666666666696,0,Subject10Activity5Trial3
1.585,1.0581394048044899,0.753966663586997,0.9999950196390837,1.4357142857142857,0.48125,1.7521738281249999,0.0,0,Subject10Activity5Trial3
1.5829,1.0581394048044899,0.9211865505677324,0.9999798391755674,0.7777777777777778,0.465625,1.1283958333333333,0.0,0,Subject10Activity5Trial3
1.5859,1.0599707543135328,1.398620129345428,0.9999914906757648,0.7966101694915254,0.378125,0.8052936197916667,0.0,0,Subject10Activity5Trial3
1.0737999999999999,0.992248960694845,1.5324444019782675,0.9999885759190983,2.294736842105263,0.409375,2.4445273437500004,0.001041666666666663,0,Subject11Activity11Trial1
1.062025,0.992248960694845,0.918018122916294,0.9999975806007557,1.6666666666666667,0.4125,1.9407194010416666,0.13541666666666669,0,Subject11Activity11Trial1
1.0667,0.9789974463705204,1.213265019338479,0.9999982027793629,0.7769784172661871,0.459375,1.3138665364583333,0.0,0,Subject11Activity11Trial1
1.0778500000000002,0.9808909215605984,0.8911109487675049,0.9999976986364926,0.935064935064935,0.47708333333333336,1.615322916666667,0.0,0,Subject11Activity11Trial1
1.074575,0.9808909215605984,1.215013162234385,0.9999981273511603,0.6647727272727273,0.5208333333333334,2.2683437499999997,0.0,0,Subject11Activity11Trial1
1.0621749999999999,0.9802331355346033,0.9294317758235877,0.9999950951836126,0.8486486486486486,0.5177083333333333,2.130484375,0.06145833333333334,0,Subject11Activity11Trial1
1.057475,0.9802331355346033,0.2825047924613102,0.9999991925156414,0.46153846153846156,0.5229166666666667,1.2646555989583335,0.001041666666666663,0,Subject11Activity11Trial1
1.061125,0.9799214254214467,0.8972816097311238,0.9999970855529544,0.0,0.0,0.6236289062500001,0.0,0,Subject11Activity11Trial1
1.069975,0.9803514675870078,0.8597744697839289,0.9999980616644003,0.0,0.0,0.568556640625,0.0,0,Subject11Activity11Trial1
1.070875,0.9803514675870078,0.7967463747498016,0.9999935326477706,0.0,0.0,0.5776783854166667,0.0,0,Subject11Activity11Trial1
1.0628499999999999,0.9801943684800479,0.8648419619630658,0.999995901319993,0.0,0.0,0.5920240885416667,0.0,0,Subject11Activity11Trial1
1.0619,0.9801943684800479,0.5713241171645222,0.9999979809699939,0.2549019607843137,0.5,0.7012532552083334,0.0,0,Subject11Activity11Trial1
1.0708750000000002,0.9805376076418486,0.9923848086369844,0.9999966583790322,0.872,0.47604166666666664,1.1642363281249999,0.015625,0,Subject11Activity11Trial1
1.0752,0.9805376076418486,0.6100440990948925,0.9999981507494848,1.2890625,0.4708333333333333,1.4925677083333333,0.024999999999999967,0,Subject11Activity11Trial1
1.06705,0.9794620972758467,1.0811334473910676,0.999998854362038,0.8904109589041096,0.5125,1.24920703125,0.038541666666666696,0,Subject11Activity11Trial1
1.060875,0.978237701174924,0.48230589504066756,0.9999981231206756,0.5428571428571428,0.5072916666666667,0.8963522135416666,0.07500000000000001,0,Subject11Activity11Trial1
1.067625,0.979277795112296,1.1445018859670313,0.9999978703128715,0.0,0.0,0.639818359375,0.0,0,Subject11Activity11Trial1
1.078575,0.9808939799998774,0.9898255953937962,0.9999987076001352,0.0,0.0,0.6120742187499999,0.0,0,Subject11Activity11Trial1
1.0744500000000001,0.9808939799998774,1.3255235247282258,0.9999986554426104,0.0,0.0,0.6242519531249999,0.0,0,Subject11Activity11Trial1
1.0638,0.9785346187028847,0.7836186395604443,0.9999978429572477,0.0,0.0,0.5859765625,0.0,0,Subject11Activity11Trial1
1.0632,0.9785346187028847,0.4145540470957769,0.9999972816412231,0.0,0.0,0.5541868489583334,0.0,0,Subject11Activity11Trial1
1.0705500000000001,0.97941411057836,0.9716588846794991,0.9999977769362767,0.0,0.0,0.5889127604166666,0.0,0,Subject11Activity11Trial1
1.07945,0.97941411057836,0.8875451749188983,0.9999986620650116,0.0,0.0,0.5790026041666667,0.0,0,Subject11Activity11Trial1
1.074275,0.9789330927085875,1.2076776435399381,0.9999948870315353,0.0,0.0,0.6737415364583333,0.0,0,Subject11Activity11Trial1
1.064425,0.9784687015944863,0.7745387528490255,0.999998246366118,0.4666666666666667,0.44479166666666664,0.8830032552083333,0.0,0,Subject11Activity11Trial1
1.065325,0.978629654159325,0.6300150246827343,0.9999986163116382,0.5625,0.45,0.8813020833333333,0.0,0,Subject11Activity11Trial1
1.06665,0.978629654159325,0.6063565907602992,0.9999993641035236,0.34615384615384615,0.475,1.1119824218749998,0.023958333333333304,0,Subject11Activity11Trial1
1.0640500000000002,0.979374290044414,0.5341828609066681,0.9999935977648439,0.3644067796610169,0.4895833333333333,1.446798828125,0.11145833333333327,0,Subject11Activity11Trial1
1.063875,0.979374290044414,0.4144084429484849,0.9999994590748349,0.5113636363636364,0.4479166666666667,1.6006458333333335,0.029166666666666674,0,Subject11Activity11Trial1
1.0665749999999998,0.9792410326370112,0.5232274074879797,0.9999966689237479,0.4875,0.425,1.5373404947916667,0.0,0,Subject11Activity11Trial1
1.0641500000000002,0.97880845930141,0.7236413091687268,0.999997833656257,0.6527777777777778,0.41458333333333336,1.4453411458333334,0.015625,0,Subject11Activity11Trial1
1.0589,0.9780761729027039,0.5242636732582753,0.9999995011069831,0.7222222222222222,0.4479166666666667,1.2345091145833336,0.1010416666666667,0,Subject11Activity11Trial1
1.06065,0.9785075370174724,0.6632457796821427,0.9999983085048644,0.5585585585585585,0.49895833333333334,1.1263821614583334,0.05625000000000002,0,Subject11Activity11Trial1
1.0657,0.97880845930141,0.5286945645308094,0.9999991043591342,0.4576271186440678,0.4895833333333333,0.8721868489583334,0.0,0,Subject11Activity11Trial1
1.0635249999999998,0.97880845930141,0.6594070225978044,0.99999904990352,0.0,0.0,0.6014733072916666,0.0,0,Subject11Activity11Trial1
1.058325,0.9781012217557036,0.34371528481975133,0.9999992326360261,0.0,0.0,0.557177734375,0.0,0,Subject11Activity11Trial1
1.0577750000000001,0.9781881209665143,0.28935727379308673,0.9999979210686182,0.0,0.0,0.5916282552083334,0.0,0,Subject11Activity11Trial1
1.0622,0.9781881209665143,0.7652257384487768,0.999999184806051,0.0,0.0,0.5791243489583333,0.0,0,Subject11Activity11Trial1
1.06775,0.9810463801472384,0.6661749603279645,0.9999991512187388,0.0,0.0,0.5737923177083333,0.0,0,Subject11Activity11Trial1
1.0645250000000002,0.9810463801472384,0.7749300961946233,0.9999989248272414,0.0,0.0,0.622716796875,0.0,0,Subject11Activity11Trial1
1.059075,0.978286767773131,0.23918001768538488,0.9999979804910449,0.0,0.0,0.5991015625,0.0,0,Subject11Activity11Trial1
1.056175,0.979212438646487,0.5105319305445732,0.9999987054733799,0.66,0.43333333333333335,0.6936510416666666,0.0,0,Subject11Activity11Trial1
1.051625,0.979212438646487,0.5535910270787952,0.9999997003988053,1.3333333333333333,0.415625,0.8338626302083334,0.0,0,Subject11Activity11Trial1
1.0523250000000002,0.9779105276046475,0.6403443388929588,0.9999991941676653,0.9814814814814815,0.44583333333333336,1.0804283854166665,0.03125,0,Subject11Activity11Trial1
1.0540749999999999,0.9780899754112604,0.5004975901734667,0.9999990493465658,0.8205128205128205,0.48333333333333334,0.8228450520833335,0.0,0,Subject11Activity11Trial1
1.0508499999999998,0.9780899754112604,0.5446841481432614,0.9999992934433349,0.0,0.0,0.577294921875,0.0,0,Subject11Activity11Trial1
1.0510249999999999,0.978129848230796,0.5610140143802482,0.9999988695530675,0.0,0.0,0.5989889322916667,0.0,0,Subject11Activity11Trial1
1.0554999999999999,0.978129848230796,0.6727677847192126,0.9999990117165506,0.42452830188679247,0.5041666666666667,0.7994811197916667,0.0,0,Subject11Activity11Trial1
1.054725,0.9774118886119607,0.6658769655760466,0.9999989024192452,0.7755102040816326,0.4427083333333333,0.7896673177083333,0.0,0,Subject11Activity11Trial1
1.050875,0.977830762453299,0.39001801756418786,0.9999991234081077,0.0,0.0,0.6306028645833333,0.0,0,Subject11Activity11Trial1
1.0529249999999999,0.977830762453299,0.5988184348268817,0.9999986547158365,0.0,0.0,0.6355872395833334,0.0,0,Subject11Activity11Trial1
1.0561500000000001,0.977830762453299,0.5789125925183782,0.9999995890796208,0.0,0.0,0.63251171875,0.0,0,Subject11Activity11Trial1
1.0533249999999998,0.977830762453299,0.7323719991734947,0.9999977954731966,0.0,0.0,0.5973411458333333,0.0,0,Subject11Activity11Trial1
1.0535,0.9779693246723028,0.37981446463754764,0.9999985129342235,1.525,0.35,0.8845950520833334,0.0,0,Subject11Activity11Trial2
1.055925,0.9779105276046475,0.5653007684435067,0.9999995976132869,0.859375,0.3729166666666667,0.803546875,0.0,0,Subject11Activity11Trial2
1.0579999999999998,0.978237701174924,0.40132642696619314,0.9999984756619883,0.6129032258064516,0.25104166666666666,1.8439062499999999,0.0,0,Subject11Activity11Trial2
1.0550000000000002,0.978237701174924,0.48934048661561746,0.9999990508542795,1.0427350427350428,0.3572916666666667,2.966996744791667,0.5385416666666667,0,Subject11Activity11Trial2
1.05515,0.9781370047186642,0.497444990281366,0.9999992336841576,0.8473282442748091,0.6197916666666666,2.6804166666666664,0.43645833333333334,0,Subject11Activity11Trial2
1.058625,0.9781370047186642,0.5206420151624798,0.9999994251437722,0.5632183908045977,0.384375,2.31041796875,0.002083333333333326,0,Subject11Activity11Trial2
1.056875,0.9780521458490851,0.6096050999710769,0.9999987887290273,1.1551724137931034,0.37083333333333335,4.159928385416667,0.0,0,Subject11Activity11Trial2
1.055875,0.978198855039199,0.4794299431400191,0.9999992638267382,0.3791208791208791,0.4041666666666667,3.594535807291667,0.2677083333333333,0,Subject11Activity11Trial2
1.058925,0.9783905150807626,0.47614753940570154,0.9999993209083058,0.9782608695652174,0.3333333333333333,3.175723307291667,0.0,0,Subject11Activity11Trial2
1.05715,0.978908575915034,0.5780267959027867,0.9999984988114523,0.0,0.0,0.8985944010416667,0.0,0,Subject11Activity11Trial2
1.056025,0.978908575915034,0.5342881776309412,0.9999994519736454,0.0,0.0,0.5865989583333333,0.0,0,Subject11Activity11Trial2
1.0601500000000001,0.9785484147450243,0.5349554256549709,0.9999992372533666,0.0,0.0,0.6050221354166667,0.0,0,Subject11Activity11Trial2
1.0587,0.9785484147450243,0.5933495307553187,0.9999994052670202,0.0,0.0,0.5743007812500001,0.0,0,Subject11Activity11Trial2
1.0552,0.9781129791593607,0.26441005214243773,0.9999988591373327,0.0,0.0,0.59186328125,0.0,0,Subject11Activity11Trial2
1.0589,0.9784814765747996,0.5553150401759979,0.9999990240969099,0.0,0.0,0.5725325520833333,0.0,0,Subject11Activity11Trial2
1.059,0.9784814765747996,0.5057127994846837,0.9999991552755517,0.0,0.0,0.5454251302083334,0.0,0,Subject11Activity11Trial2
1.0551249999999999,0.9772011051979014,0.40420895720575345,0.9999993330280562,0.0,0.0,0.5693274739583334,0.0,0,Subject11Activity11Trial2
1.0576999999999999,0.9775259587346006,0.5850250611319723,0.9999988893383432,0.0,0.0,0.53553125,0.0,0,Subject11Activity11Trial2
1.0588250000000001,0.9775259587346006,0.47942588885169357,0.9999992443862201,0.0,0.0,0.5394694010416666,0.0,0,Subject11Activity11Trial2
1.05585,0.9781129791593607,0.45925307870248844,0.999998976938742,0.0,0.0,0.5679153645833334,0.0,0,Subject11Activity11Trial2
1.05785,0.9781129791593607,0.6686765299076569,0.9999995516946123,0.0,0.0,0.5594843749999999,0.0,0,Subject11Activity11Trial2
1.0623,0.9786163701880324,0.46455469643569813,0.9999993458479903,0.0,0.0,0.5351302083333335,0.0,0,Subject11Activity11Trial2
1.0607250000000001,0.9786163701880324,0.5950284888745045,0.9999987256073872,0.0,0.0,0.5379680989583333,0.0,0,Subject11Activity11Trial2
1.055825,0.9789902961725412,0.4009897406756977,0.9999971998881501,0.0,0.0,0.5363131510416667,0.0,0,Subject11Activity11Trial2
1.055675,0.9789902961725412,0.5071334969751433,0.9999994943562894,0.0,0.0,0.5387526041666667,0.0,0,Subject11Activity11Trial2
1.06075,0.9776190464593045,0.6609559662323079,0.9999994121761293,0.0,0.0,0.5679765625,0.0,0,Subject11Activity11Trial2
1.061075,0.9776190464593045,0.5474887930333523,0.9999990547359625,0.0,0.0,0.5671165364583333,0.0,0,Subject11Activity11Trial2
1.0567499999999999,0.9773929608913704,0.42868900535066246,0.9999986068759522,0.0,0.0,0.5546438802083333,0.0,0,Subject11Activity11Trial2
1.05815,0.9774589505447274,0.48786496155773307,0.9999991523599461,0.0,0.0,0.5505598958333333,0.0,0,Subject11Activity11Trial2
1.059075,0.9774589505447274,0.476659475166457,0.9999990583111286,0.0,0.0,0.5471236979166667,0.0,0,Subject11Activity11Trial2
1.0557500000000002,0.9779693246723028,0.39695417722461457,0.9999973327116743,0.0,0.0,0.5393333333333333,0.0,0,Subject11Activity11Trial2
1.0562,0.9780899754112604,0.5434952268961979,0.9999976921906515,0.0,0.0,0.5338079427083333,0.0,0,Subject11Activity11Trial2
1.06025,0.9780899754112604,0.484137438169995,0.9999987294585113,0.0,0.0,0.545685546875,0.0,0,Subject11Activity11Trial2
1.059525,0.9775259587346006,0.484137438169995,0.9999993044544182,0.0,0.0,0.5423808593749999,0.0,0,Subject11Activity11Trial2
1.055925,0.9771770566279173,0.3154083719715288,0.9999996397926677,0.0,0.0,0.5611966145833334,0.0,0,Subject11Activity11Trial2
1.0576,0.9785233773395503,0.5262139931884633,0.9999986461106694,0.0,0.0,0.5401243489583334,0.0,0,Subject11Activity11Trial2
1.058975,0.9785233773395503,0.4714917320999916,0.9999990698884826,0.0,0.0,0.5465416666666666,0.0,0,Subject11Activity11Trial2
1.056175,0.9780521458490851,0.4246699529556679,0.9999994184329093,0.0,0.0,0.5553613281249999,0.0,0,Subject11Activity11Trial2
1.0559249999999998,0.9773279899808457,0.4794299431400191,0.9999995356324611,0.0,0.0,0.5671178385416666,0.0,0,Subject11Activity11Trial2
1.05815,0.978237701174924,0.5392352470938704,0.9999986484719657,0.4444444444444444,0.48333333333333334,0.7133307291666666,0.0,0,Subject11Activity11Trial2
1.0570999999999997,0.978237701174924,0.5976293521942182,0.9999979751213258,1.0155038759689923,0.4739583333333333,1.177509765625,0.007291666666666696,0,Subject11Activity11Trial2
1.057375,0.9785913345212086,0.5848160588616054,0.9999981819441666,1.9746835443037976,0.40729166666666666,1.4457057291666668,0.004166666666666652,0,Subject11Activity11Trial2
1.058475,0.9785913345212086,0.4715875425791012,0.9999994991525593,2.011764705882353,0.415625,1.4401848958333332,0.009375000000000022,0,Subject11Activity11Trial2
1.0558,0.9771320279266257,0.5004338018646877,0.9999995269163875,2.2705882352941176,0.4197916666666667,1.5634511718750002,0.010416666666666685,0,Subject11Activity11Trial2
1.057475,0.9781518287055441,0.6853801361810383,0.9999985731320724,1.4578313253012047,0.421875,1.5859615885416667,0.002083333333333326,0,Subject11Activity11Trial2
1.06345,0.9788523892804267,0.6685454648816744,0.9999989343855036,0.6515151515151515,0.48541666666666666,1.4656341145833334,0.06458333333333333,0,Subject11Activity11Trial2
1.0625,0.9788523892804267,0.6409525018331976,0.9999991944270067,1.3795620437956204,0.48854166666666665,1.6096477864583332,0.023958333333333304,0,Subject11Activity11Trial2
1.057075,0.978237701174924,0.4644083714528904,0.9999982826581998,0.5140845070422535,0.5,1.4975338541666665,0.013541666666666674,0,Subject11Activity11Trial2
1.058775,0.9779923312582773,0.5817272359812193,0.9999989707481143,0.45588235294117646,0.5041666666666667,1.0110553385416665,0.001041666666666663,0,Subject11Activity11Trial2
1.0612,0.977593985251546,0.4003433789801534,0.9999996011872933,0.0,0.0,0.6090533854166666,0.0,0,Subject11Activity11Trial2
1.0572000000000001,0.9775259587346006,0.5555658616644052,0.9999988359704006,0.0,0.0,0.5728111979166666,0.0,0,Subject11Activity11Trial2
1.0563749999999998,0.9785913345212086,0.5774648529809667,0.9999982985179168,0.0,0.0,0.572546875,0.0,0,Subject11Activity11Trial2
1.059575,0.9785913345212086,0.5596313408935316,0.9999988542963233,0.0,0.0,0.5693020833333333,0.0,0,Subject11Activity11Trial2
1.0575499999999998,0.9779693246723028,0.551656765424525,0.9999991378432328,0.0,0.0,0.5815013020833334,0.0,0,Subject11Activity11Trial3
1.0609000000000002,0.9775259587346006,0.31899020762716646,0.9999996296173548,0.0,0.0,0.5652174479166667,0.0,0,Subject11Activity11Trial3
1.0584500000000001,0.9791726099110412,0.4799135920498543,0.9999991301567007,0.0,0.0,0.6062174479166667,0.0,0,Subject11Activity11Trial3
1.055425,0.9791726099110412,0.3023072792025516,0.999998761753214,0.0,0.0,0.61976171875,0.0,0,Subject11Activity11Trial3
1.057825,0.9780899754112604,0.5144825403527022,0.9999996254608143,0.0,0.0,0.6329199218749999,0.0,0,Subject11Activity11Trial3
1.059175,0.9784324197408832,0.39746297664299846,0.9999990753993582,0.0,0.0,0.5987180989583333,0.0,0,Subject11Activity11Trial3
1.0562,0.9784324197408832,0.4345696713396876,0.9999985452176107,0.0,0.0,0.56930859375,0.0,0,Subject11Activity11Trial3
1.056625,0.9783905150807626,0.49303888252657657,0.9999980450507129,0.0,0.0,0.5880319010416666,0.0,0,Subject11Activity11Trial3
1.0593499999999998,0.9783905150807626,0.49303888252657657,0.9999996554290566,0.0,0.0,0.5898151041666667,0.0,0,Subject11Activity11Trial3
1.05725,0.9774589505447274,0.4893655886102408,0.9999985720055656,0.0,0.0,0.5508821614583334,0.0,0,Subject11Activity11Trial3
1.05515,0.9772399909950472,0.4216105630910931,0.9999995050717252,0.0,0.0,0.5500553385416667,0.0,0,Subject11Activity11Trial3
1.05915,0.9785233773395503,0.6066418936032107,0.9999987074806225,0.0,0.0,0.5399863281250001,0.0,0,Subject11Activity11Trial3
1.059875,0.9785233773395503,0.492840802652978,0.999998803864505,0.0,0.0,0.5377467447916666,0.0,0,Subject11Activity11Trial3
1.055275,0.9772169666967515,0.4398375725672281,0.999999397964534,0.0,0.0,0.5348743489583334,0.0,0,Subject11Activity11Trial3
1.0560500000000002,0.9781748309990398,0.5892402877178711,0.9999991252921816,0.0,0.0,0.5900032552083333,0.0,0,Subject11Activity11Trial3
1.061025,0.9781748309990398,0.5355000927717981,0.999999036422596,0.0,0.0,0.5601868489583334,0.0,0,Subject11Activity11Trial3
1.06025,0.9781518287055441,0.55959885795329,0.9999988351465379,0.0,0.0,0.5610117187499999,0.0,0,Subject11Activity11Trial3
1.0559249999999998,0.9791726099110412,0.4515461621194845,0.9999977586869424,0.0,0.0,0.5431100260416667,0.0,0,Subject11Activity11Trial3
1.0575750000000002,0.9791726099110412,0.6449382666179702,0.9999995250169498,0.0,0.0,0.581400390625,0.0,0,Subject11Activity11Trial3
1.0619,0.9775699463465517,0.5007243756302842,0.9999997912982459,0.0,0.0,0.5546236979166667,0.0,0,Subject11Activity11Trial3
1.060675,0.9775699463465517,0.5161629209015359,0.9999989710495152,0.0,0.0,0.573748046875,0.0,0,Subject11Activity11Trial3
1.057225,0.9790740523576345,0.3996113375234245,0.9999979980122057,0.0,0.0,0.5905286458333332,0.0,0,Subject11Activity11Trial3
1.058775,0.9790740523576345,0.47511179865355757,0.9999989379172227,0.0,0.0,0.5860234375,0.0,0,Subject11Activity11Trial3
1.0589749999999998,0.9784814765747996,0.500325969690607,0.9999995837387482,0.0,0.0,0.5579173177083333,0.0,0,Subject11Activity11Trial3
1.0554999999999999,0.9773279899808457,0.37569925268780935,0.9999983725979206,0.0,0.0,0.5523001302083334,0.0,0,Subject11Activity11Trial3
1.056075,0.9781370047186642,0.43040362096499507,0.9999995410457051,1.6206896551724137,0.38645833333333335,0.5942994791666667,0.0,0,Subject11Activity11Trial3
1.0584250000000002,0.9781370047186642,0.4291294284315086,0.9999992629579281,0.0,0.0,0.6097962239583333,0.0,0,Subject11Activity11Trial3
1.05725,0.9780899754112604,0.4291294284315086,0.9999987748868969,1.28125,0.38958333333333334,0.5971360677083334,0.0,0,Subject11Activity11Trial3
1.056475,0.978198855039199,0.36599951431767863,0.9999984903375585,0.0,0.0,0.5842884114583333,0.0,0,Subject11Activity11Trial3
1.059225,0.978198855039199,0.4719632111418832,0.9999986998836893,0.0,0.0,0.55878125,0.0,0,Subject11Activity11Trial3
1.059,0.9782147003597932,0.5089077525962296,0.9999991285081552,0.0,0.0,0.5917740885416667,0.0,0,Subject11Activity11Trial3
1.0566,0.9782147003597932,0.40420895720575345,0.9999994709098231,0.6206896551724138,0.5083333333333333,0.7677337239583334,0.0,0,Subject11Activity11Trial3
1.058925,0.9784155558861479,0.6528505235071975,0.9999986360150761,1.8846153846153846,0.40625,1.2696920572916668,0.0,0,Subject11Activity11Trial3
1.060975,0.9784155558861479,0.35058342988662616,0.9999994125471361,1.2117647058823529,0.41770833333333335,1.8216243489583335,0.006250000000000033,0,Subject11Activity11Trial3
1.0587,0.9774840152145712,0.47463269834159405,0.9999989314646649,1.1566265060240963,0.421875,2.065164713541667,0.052083333333333315,0,Subject11Activity11Trial3
1.05595,0.9780899754112604,0.4215713708758244,0.9999972750577767,1.576,0.4739583333333333,2.0135149739583333,0.059374999999999956,0,Subject11Activity11Trial3
1.057125,0.978237701174924,0.4723174783753734,0.9999994561246495,1.6111111111111112,0.4791666666666667,1.8988059895833334,0.03958333333333336,0,Subject11Activity11Trial3
1.060925,0.978237701174924,0.4758499255793538,0.9999992976701108,0.7686567164179104,0.49166666666666664,1.143953776041667,0.0,0,Subject11Activity11Trial3
1.0597,0.977593985251546,0.5306843367615102,0.9999991191288892,0.0,0.0,0.60975390625,0.0,0,Subject11Activity11Trial3
1.055825,0.9772011051979014,0.3663861565073603,0.9999996134416045,0.0,0.0,0.59795703125,0.0,0,Subject11Activity11Trial3
1.057725,0.9785233773395503,0.5225346313197008,0.9999978863439667,1.5217391304347827,0.421875,0.6409791666666667,0.0,0,Subject11Activity11Trial3
1.060025,0.9785233773395503,0.391972429400397,0.9999989528416812,0.0,0.0,0.6070345052083334,0.0,0,Subject11Activity11Trial3
1.057225,0.9773279899808457,0.43838587779740124,0.9999985195499658,0.0,0.0,0.5960540364583332,0.0,0,Subject11Activity11Trial3
1.0563500000000001,0.9773279899808457,0.4013739722191474,0.9999995912358307,0.0,0.0,0.6355065104166666,0.0,0,Subject11Activity11Trial3
1.058125,0.9781748309990398,0.299183564624542,0.9999992068786281,0.0,0.0,0.5904557291666667,0.0,0,Subject11Activity11Trial3
1.056875,0.9781748309990398,0.417415172974529,0.9999975671060451,0.0,0.0,0.611404296875,0.0,0,Subject11Activity11Trial3
1.0573000000000001,0.9783015894906846,0.5434952268961979,0.9999993246910908,1.1764705882352942,0.43333333333333335,0.6183704427083334,0.0,0,Subject11Activity11Trial3
1.0603250000000002,0.9783015894906846,0.4790900985903477,0.9999989992268129,0.0,0.0,0.60633203125,0.0,0,Subject11Activity11Trial3
1.058225,0.9773929608913704,0.5094759731445322,0.9999986616970038,0.0,0.0,0.57293359375,0.0,0,Subject11Activity11Trial3
1.056175,0.9773279899808457,0.3285972185477135,0.9999987517927101,0.6197183098591549,0.5177083333333333,0.7322597656250001,0.0,0,Subject11Activity11Trial3
1.0583,0.9783905150807626,0.3581689950457303,0.9999994857386312,0.5454545454545454,0.5395833333333333,0.952318359375,0.016666666666666607,0,Subject11Activity11Trial3
1.0576750000000001,0.9783905150807626,0.4202982544681504,0.999998702389441,0.6363636363636364,0.5104166666666666,0.9242669270833334,0.0,0,Subject11Activity11Trial3
1.0576750000000001,0.9779923312582773,0.5544366126180762,0.9999991236734985,0.5510204081632653,0.4322916666666667,0.693892578125,0.0,0,Subject11Activity11Trial3
1.4932500000000002,3.198818688203506,65.71794967585687,0.6621868560597234,1.3202614379084967,0.68125,6.358903645833333,0.2666666666666667,0,Subject11Activity1Trial1
1.451,3.198818688203506,68.37996808363319,0.9987339599960287,1.5725806451612903,0.7416666666666667,4.4407356770833335,0.15208333333333335,0,Subject11Activity1Trial1
1.2537749999999999,1.1102481704555969,3.4678062219335004,0.9999917671557882,1.7647058823529411,0.3875,0.9941087239583333,0.0,0,Subject11Activity1Trial1
1.24365,0.9990405397179836,0.5677734996717447,0.999969761885706,1.5862068965517242,0.3927083333333333,0.7260234375,0.0,0,Subject11Activity1Trial1
1.2395749999999999,0.9990405397179836,0.4110105818651846,0.9999988054364201,0.0,0.0,0.6115989583333332,0.0,0,Subject11Activity1Trial1
1.2360000000000002,0.9909964682076319,0.21217745149098732,0.9999966015696161,0.0,0.0,0.5930299479166666,0.0,0,Subject11Activity1Trial1
1.234375,0.9902146232004454,0.1996831318670047,0.999993372473768,0.0,0.0,0.6245572916666666,0.0,0,Subject11Activity1Trial1
1.436375,3.596072997034404,65.38034737748805,0.4226157131131973,1.0755813953488371,0.6416666666666667,8.012242838541667,0.3302083333333333,0,Subject11Activity1Trial2
1.4484000000000001,3.596072997034404,60.91031816841851,0.960933034579628,1.5073313782991202,0.6447916666666667,8.015983072916665,0.23541666666666672,0,Subject11Activity1Trial2
1.224425,1.9068366474346983,50.11314415010476,0.9998081779106301,3.3777777777777778,0.90625,3.3886197916666667,0.014583333333333337,0,Subject11Activity1Trial2
1.1907999999999999,1.0308739011149715,0.9530442437477973,0.9999917795068378,0.5669291338582677,0.4322916666666667,1.7026959635416667,0.06562499999999999,0,Subject11Activity1Trial2
1.194675,0.9930543791756824,0.2052886658548232,0.9999966185314062,0.5339805825242718,0.39479166666666665,0.9602311197916666,0.0,0,Subject11Activity1Trial2
1.1949750000000001,0.9865221741045661,0.21086011054188702,0.9999987922162142,1.7096774193548387,0.3885416666666667,0.7022317708333332,0.0,0,Subject11Activity1Trial2
1.195125,0.9865905939142132,0.22084076737965574,0.9999966132536223,1.7096774193548387,0.3885416666666667,0.7011302083333333,0.0,0,Subject11Activity1Trial2
1.420275,3.437530654408772,65.67166942434044,0.43912511635383566,1.5081967213114753,0.6822916666666666,6.537319010416667,0.3145833333333333,0,Subject11Activity1Trial3
1.4227,3.437530654408772,58.58567912351421,0.9754972132539733,1.278523489932886,0.6895833333333333,5.31676953125,0.24583333333333335,1,Subject11Activity1Trial3
1.217775,1.8732680000469768,24.289303599629932,0.9995192820346923,2.1927710843373496,0.9135416666666667,1.7996647135416666,0.01041666666666663,0,Subject11Activity1Trial3
1.192025,1.0599858489621452,0.40642610126155887,0.9999700975323547,0.6086956521739131,0.5125,0.7902076822916666,0.0,0,Subject11Activity1Trial3
1.192775,0.9989049003784094,0.1568898553980489,0.99999569257328,0.8387096774193549,0.4947916666666667,0.7190104166666667,0.0,0,Subject11Activity1Trial3
1.19225,0.988184699335099,0.21496209052597237,0.9999976703063695,0.5522388059701493,0.41354166666666664,0.7932311197916667,0.0,0,Subject11Activity1Trial3
1.192,0.988184699335099,0.21496209052597237,0.999997469948564,0.9176470588235294,0.396875,0.83125,0.0,0,Subject11Activity1Trial3
1.3985249999999998,2.209653592760639,26.563632943656742,0.8364836691805794,1.035598705501618,0.678125,5.232798177083334,0.2583333333333333,0,Subject11Activity2Trial1
1.6365500000000002,2.209653592760639,66.38797766319192,0.9841694750007496,1.1727574750830565,0.6864583333333333,5.543284505208334,0.20416666666666672,1,Subject11Activity2Trial1
1.8059249999999998,1.4095942678657571,47.027605384846936,0.9999692286293903,2.671875,0.8666666666666667,2.6205403645833334,0.05208333333333337,0,Subject11Activity2Trial1
1.7601749999999998,1.0683323452933549,4.011930488431375,0.9999916276930905,0.0,0.0,0.7624928385416667,0.0,0,Subject11Activity2Trial1
1.760275,1.0309374374810532,1.167729139565381,0.9999906352818735,0.0,0.0,0.6896529947916668,0.0,0,Subject11Activity2Trial1
1.7622250000000002,1.0316375332450831,0.7687997349707985,0.9999877832786209,0.0,0.0,0.6788391927083333,0.0,0,Subject11Activity2Trial1
1.761975,1.0316375332450831,0.7335722025886184,0.9999949486618588,0.0,0.0,0.7059550781249999,0.0,0,Subject11Activity2Trial1
1.7620000000000005,1.0321167569611494,0.6959090869241891,0.9999791293882638,0.0,0.0,0.7162734374999999,0.0,0,Subject11Activity2Trial1
1.34475,2.003181968768689,25.17982651579453,0.8209015005726354,1.0776699029126213,0.678125,5.77725,0.07083333333333341,1,Subject11Activity2Trial2
1.31575,2.1671866555513857,101.06126598753602,0.8134456946975175,1.3456375838926173,0.6895833333333333,7.2587656250000006,0.13124999999999998,1,Subject11Activity2Trial2
1.190625,2.1671866555513857,39.10551859255452,0.9993074613373618,2.77037037037037,0.859375,3.1910110677083336,0.18958333333333333,0,Subject11Activity2Trial2
1.12315,1.0840373609797773,6.411906640949098,0.9999512859910573,0.8852459016393442,0.9364583333333333,0.872216796875,0.0,0,Subject11Activity2Trial2
1.1218499999999998,0.997020561473032,1.157692749443271,0.9999337000010387,0.0,0.0,0.5940787760416667,0.0,0,Subject11Activity2Trial2
1.1191749999999998,0.997020561473032,0.9558214225864674,0.9999980890716881,0.0,0.0,0.61489453125,0.0,0,Subject11Activity2Trial2
1.125575,0.9843175300684226,0.8164373225503994,0.9999992564650821,0.0,0.0,0.5671953125,0.0,0,Subject11Activity2Trial2
1.1275749999999998,0.9821471376530096,0.5972465728040959,0.9999981003220358,0.0,0.0,0.5729322916666667,0.0,0,Subject11Activity2Trial2
1.3771499999999999,2.3036390776334734,31.048543026200278,0.8474478328175273,0.9188311688311688,0.6791666666666667,5.341629557291666,0.21666666666666667,0,Subject11Activity2Trial3
1.504425,2.330590697655854,102.46754701304523,0.8627679990430824,1.4688524590163934,0.6822916666666666,7.002869791666667,0.26145833333333335,1,Subject11Activity2Trial3
1.3518500000000002,2.330590697655854,75.83953352034924,0.9996829921688053,2.1927083333333335,0.8,3.7963561197916667,0.05729166666666663,0,Subject11Activity2Trial3
1.03735,1.056709042262817,1.943156499937345,0.9999970598768336,0.0,0.0,0.7394348958333332,0.0,0,Subject11Activity2Trial3
1.044625,0.9812548089054137,0.4607689507746784,0.9999934416063448,0.0,0.0,0.558791015625,0.0,0,Subject11Activity2Trial3
1.044425,0.9812548089054137,0.3385742890450558,0.9999969881187698,0.0,0.0,0.5920032552083334,0.0,0,Subject11Activity2Trial3
1.040825,0.9801045862559771,0.1749820645790976,0.9999958032011229,0.0,0.0,0.535951171875,0.0,0,Subject11Activity2Trial3
1.03765,0.9799005051534568,0.32203593704150535,0.9999967492355262,0.0,0.0,0.5331966145833335,0.0,0,Subject11Activity2Trial3
1.354325,1.0564284168839837,62.33436267528982,0.9463647221912329,0.7117117117117117,0.653125,5.341956380208333,0.2114583333333333,0,Subject11Activity3Trial1
1.598575,3.9305868518581293,120.92392912487738,0.8587793479358383,1.3273273273273274,0.653125,8.07465625,0.25,1,Subject11Activity3Trial1
1.7353999999999998,3.9305868518581293,128.8813851207717,0.8843410184839765,2.2135922330097086,0.7854166666666667,7.647840494791668,0.4333333333333334,1,Subject11Activity3Trial1
1.478725,1.935928201147966,52.1089445391153,0.9848058894052006,1.180428134556575,0.659375,4.873250651041667,0.10416666666666663,0,Subject11Activity3Trial1
1.4804249999999999,1.252887065940103,28.754421730647998,0.9999238381780118,0.8235294117647058,0.4822916666666667,2.6753470052083332,0.027083333333333293,0,Subject11Activity3Trial1
1.500475,1.0859295557263369,6.908608486885843,0.999995768116099,1.18,0.48541666666666666,1.707306640625,0.023958333333333304,0,Subject11Activity3Trial1
1.503325,1.0514998811221996,0.4796484830468408,0.9999954761720925,0.4513888888888889,0.49166666666666664,0.9668795572916669,0.021875000000000033,0,Subject11Activity3Trial1
1.50405,1.0514998811221996,0.4780261942669348,0.9999949359875149,0.0,0.0,0.5760553385416667,0.0,0,Subject11Activity3Trial1
1.541275,3.2557314078406407,34.07407614181801,0.5293535266652466,1.1,0.6770833333333334,5.440912760416667,0.23124999999999996,0,Subject11Activity3Trial2
1.5179500000000001,3.2557314078406407,144.39277357527573,0.9814528709609421,1.1372549019607843,0.68125,6.893619791666666,0.11458333333333337,1,Subject11Activity3Trial2
1.468825,1.7863675433683852,144.39277357527573,0.9045261373882018,1.7045454545454546,0.7708333333333334,4.279408203125,0.1885416666666666,1,Subject11Activity3Trial2
1.587075,1.5216977360829582,43.63041513699108,0.9986798971074835,1.5191256830601092,0.809375,2.023540364583333,0.0,0,Subject11Activity3Trial2
1.6365500000000002,1.22945109703477,5.264876785141581,0.999991864478613,0.0,0.0,0.6861848958333333,0.0,0,Subject11Activity3Trial2
1.6241999999999996,1.0560468739596742,0.8335351697848346,0.9999972317210353,0.0,0.0,0.5866477864583334,0.0,0,Subject11Activity3Trial2
1.624625,1.0505227270268835,0.9306562404082861,0.9999968561574112,0.0,0.0,0.577353515625,0.0,0,Subject11Activity3Trial2
1.6250250000000002,1.0512264266084639,0.6689597042685662,0.9999937704829841,0.0,0.0,0.560048828125,0.0,0,Subject11Activity3Trial2
1.50705,4.308716862361694,64.22491275949423,0.5098966747736453,1.4585798816568047,0.6479166666666667,7.783893229166667,0.26041666666666663,0,Subject11Activity3Trial3
1.521225,4.308716862361694,88.11726045933759,0.9978345304256775,1.3364197530864197,0.6625,8.947116536458333,0.10729166666666667,1,Subject11Activity3Trial3
1.5062250000000001,1.494478504361973,32.23379136230186,0.9595075819515448,1.8564356435643565,0.7895833333333333,5.7670384114583335,0.30729166666666663,1,Subject11Activity3Trial3
1.554575,1.494478504361973,32.23379136230186,0.9997988789203675,2.186046511627907,0.8208333333333333,3.3050716145833334,0.0,0,Subject11Activity3Trial3
1.622875,1.1559243054802506,3.5996294351366487,0.999968744235181,2.5416666666666665,0.40625,2.2667018229166667,0.046875,0,Subject11Activity3Trial3
1.6187999999999998,1.0579650277773835,1.521403760162542,0.9999938810813724,1.5696202531645569,0.4666666666666667,2.030929036458333,0.052083333333333315,0,Subject11Activity3Trial3
1.622625,1.0505622304271174,1.088169211076739,0.9999959426045449,0.9530201342281879,0.471875,1.3289602864583334,0.09583333333333333,0,Subject11Activity3Trial3
1.6234000000000002,1.0516182767525486,1.2753346320265244,0.9999921430195058,0.3711340206185567,0.490625,0.784970703125,0.0,0,Subject11Activity3Trial3
1.6039249999999998,3.343314074387867,68.51120917975959,0.538026095817705,1.2411575562700965,0.6760416666666667,6.4441679687499995,0.18854166666666672,1,Subject11Activity4Trial1
1.68705,3.343314074387867,68.51120917975959,0.9961234121460231,1.6,0.6875,7.477689453125,0.3208333333333333,1,Subject11Activity4Trial1
1.5420500000000001,1.1975094989184845,24.822226316543514,0.9981030581138304,2.5093167701863353,0.8322916666666667,3.2889720052083335,0.046875,1,Subject11Activity4Trial1
1.448575,1.1310114941944664,6.573015865900786,0.9997538191875165,1.4210526315789473,0.940625,1.1420084635416665,0.0,0,Subject11Activity4Trial1
1.4319,1.1306613109149883,5.241110663459182,0.998478378921931,1.5818181818181818,0.9427083333333334,0.9806269531249999,0.0,0,Subject11Activity4Trial1
1.4170500000000001,1.1306613109149883,5.241110663459182,0.9999244560163363,0.6712328767123288,0.9239583333333333,0.7860787760416666,0.0,0,Subject11Activity4Trial1
1.418725,1.0791019414309289,1.6013057133862247,0.9999795976805949,0.0,0.0,0.6144147135416665,0.0,0,Subject11Activity4Trial1
1.41335,1.0623262210827706,1.0385300559090638,0.9999989487488055,0.0,0.0,0.611431640625,0.0,0,Subject11Activity4Trial1
1.638625,2.5130801817689785,66.00105315711335,0.6976391248018549,1.5732899022801303,0.6802083333333333,6.446670572916668,0.11458333333333337,1,Subject11Activity4Trial2
1.7065750000000002,2.5130801817689785,61.73970870929307,0.9694980273690721,1.6885813148788926,0.6989583333333333,6.391779947916666,0.29270833333333335,1,Subject11Activity4Trial2
1.6543999999999996,1.40459887512414,23.396886645882034,0.9982041260657667,2.515151515151515,0.828125,3.23362890625,0.013541666666666674,1,Subject11Activity4Trial2
1.63495,1.1211574376509303,12.501342540328118,0.9999259376623943,3.5157894736842104,0.9010416666666666,1.4678938802083332,0.0,0,Subject11Activity4Trial2
1.6259500000000002,1.0665580152996836,1.8614145082492257,0.9999987999997184,0.0,0.0,0.7216510416666667,0.0,0,Subject11Activity4Trial2
1.6273,1.0621092222554138,1.099257298988789,0.9998813179320402,1.0731707317073171,0.9572916666666667,0.7376217447916668,0.0,0,Subject11Activity4Trial2
1.633175,1.0637711219994648,3.3310203141229877,0.9998957585999932,0.9523809523809523,0.95625,0.8351276041666666,0.0,0,Subject11Activity4Trial2
1.6323500000000002,1.0637711219994648,3.011916810283928,0.9999982079370969,0.0,0.0,0.7193600260416667,0.0,0,Subject11Activity4Trial2
1.5765249999999997,2.309655385549974,73.79172301932785,0.6969002979527119,1.6601307189542485,0.68125,7.243167317708332,0.22499999999999998,1,Subject11Activity4Trial3
1.703725,2.309655385549974,67.5576553643355,0.9817839806792236,1.9442231075697212,0.7385416666666667,6.791904947916666,0.19479166666666659,1,Subject11Activity4Trial3
1.6727,1.4966355601815695,22.992601715387522,0.9995727013502185,1.945054945054945,0.8104166666666667,2.8920670572916665,0.12291666666666667,0,Subject11Activity4Trial3
1.628475,1.1008047056585468,5.839321453896922,0.9995862139654605,2.7564102564102564,0.91875,1.595685546875,0.013541666666666674,0,Subject11Activity4Trial3
1.6035499999999998,1.0855256791066712,5.839321453896922,0.9999663157960624,1.9107142857142858,0.9416666666666667,1.2787174479166665,0.0,0,Subject11Activity4Trial3
1.59055,1.062849942371923,2.8284442385284407,0.9999824968540293,1.2195121951219512,0.8989583333333333,0.762259765625,0.0,0,Subject11Activity4Trial3
1.5893000000000002,1.060913757098097,3.3654311204960834,0.9999738747559457,0.0,0.0,0.6449134114583333,0.0,0,Subject11Activity4Trial3
1.58875,1.060913757098097,2.0886797489752382,0.9999863026906717,0.0,0.0,0.6374244791666667,0.0,0,Subject11Activity4Trial3
1.4940000000000002,2.317607386940247,126.70642735669723,0.778494412855486,1.112540192926045,0.6760416666666667,4.936100911458333,0.19999999999999996,1,Subject11Activity5Trial1
1.4126750000000001,2.317607386940247,131.12182747357886,0.9881691246175313,1.3368421052631578,0.703125,6.063097005208334,0.12812500000000004,1,Subject11Activity5Trial1
1.509725,1.3767185623793992,43.21415413903315,0.9722210243450569,1.6515151515151516,0.79375,3.9025957031250003,0.08958333333333335,1,Subject11Activity5Trial1
1.622625,1.3305416190409076,23.12483973210963,0.999961979003986,1.5046728971962617,0.8885416666666667,1.5360338541666667,0.0,0,Subject11Activity5Trial1
1.6067999999999998,1.0643054072962328,7.634791982307846,0.9999980647174255,0.0,0.0,0.6684147135416666,0.0,0,Subject11Activity5Trial1
1.609,1.0519553222451987,0.6654073177487589,0.999996458388738,0.0,0.0,0.5645833333333334,0.0,0,Subject11Activity5Trial1
1.6092,1.0519553222451987,0.6462180045555428,0.9999969035410579,0.0,0.0,0.5784264322916667,0.0,0,Subject11Activity5Trial1
1.6106250000000002,1.05130300104204,0.7365544756669848,0.9999963064653363,0.0,0.0,0.5605774739583333,0.0,0,Subject11Activity5Trial1
1.6425249999999998,2.885068630032915,127.8632152779282,0.6341014646107218,1.0790273556231003,0.6572916666666667,6.448575520833333,0.30833333333333335,1,Subject11Activity5Trial2
1.5872,2.885068630032915,133.00054148901106,0.9948250537830158,1.599236641221374,0.7270833333333333,7.2350351562499995,0.125,1,Subject11Activity5Trial2
1.534875,1.418996124025714,47.85141840020576,0.975306149168095,1.9067357512953367,0.7989583333333333,3.9597539062499996,0.15416666666666667,1,Subject11Activity5Trial2
1.6274749999999998,1.418996124025714,36.18043680990644,0.9999345477898693,2.6052631578947367,0.9208333333333333,1.5114772135416668,0.0,0,Subject11Activity5Trial2
1.6138750000000002,1.0738095734346942,5.709986212699512,0.9999945466921759,2.619047619047619,0.978125,0.7851119791666668,0.0,0,Subject11Activity5Trial2
1.6167749999999999,1.0537158060881502,1.4489921433015525,0.9999918265305279,0.4936708860759494,0.3885416666666667,0.7796979166666667,0.0,0,Subject11Activity5Trial2
1.61765,1.0537158060881502,1.9666403119370344,0.9999986549144613,0.41025641025641024,0.39166666666666666,0.7138645833333334,0.0,0,Subject11Activity5Trial2
1.61755,1.0521758408174937,1.5526700108882778,0.9999973918981203,0.0,0.0,0.6092220052083335,0.0,0,Subject11Activity5Trial2
1.5742999999999998,2.784711295628328,76.046407473131,0.7506274725786349,1.0257234726688103,0.6760416666666667,4.8362226562499995,0.25,1,Subject11Activity5Trial3
1.50095,2.784711295628328,139.99138917972843,0.8637526968543956,1.3559322033898304,0.6927083333333334,5.598310546875,0.13749999999999996,1,Subject11Activity5Trial3
1.38395,1.695458050203543,63.94498170659744,0.9995866520670283,3.158333333333333,0.875,2.693436197916667,0.04999999999999993,0,Subject11Activity5Trial3
1.3213249999999999,1.167272890116103,9.16508031031384,0.9999672555239909,1.1451612903225807,0.85,0.9731816406249999,0.0,0,Subject11Activity5Trial3
1.30725,1.0588512643426364,2.466768396590119,0.9999770416572943,0.0,0.0,0.641990234375,0.0,0,Subject11Activity5Trial3
1.311375,1.0434835887545142,1.2519249664516963,0.9999809502657335,0.0,0.0,0.5915553385416666,0.0,0,Subject11Activity5Trial3
1.308925,1.0434835887545142,0.8003127363164708,0.9999945147754913,0.0,0.0,0.5644694010416667,0.0,0,Subject11Activity5Trial3
1.306775,1.0546222072382128,0.8039985469835109,0.999929644383299,0.0,0.0,0.5629739583333333,0.0,0,Subject11Activity5Trial3
1.438325,1.117641266238859,9.471966165634893,0.9998828590767704,0.4484536082474227,0.5125,2.2788450520833337,0.03020833333333328,0,Subject12Activity11Trial1
1.4396999999999998,1.03367451356798,4.46605870164813,0.999957172835777,0.9378238341968912,0.5052083333333334,2.757375,0.020833333333333315,0,Subject12Activity11Trial1
1.444025,1.026856367755491,1.7841972465516278,0.9999776154124391,1.0253807106598984,0.503125,3.2855605468749998,0.03541666666666665,0,Subject12Activity11Trial1
1.4372250000000002,1.026856367755491,2.153843770059993,0.9999864691047081,1.04,0.50625,3.2769277343750005,0.0,0,Subject12Activity11Trial1
1.44025,1.02323604314938,2.153843770059993,0.9999859457743927,1.4405594405594406,0.453125,2.4203730468750004,0.029166666666666674,0,Subject12Activity11Trial1
1.4389499999999997,1.029244868823741,2.0292159339347364,0.9999755807254328,1.7383177570093458,0.39895833333333336,2.2863919270833333,0.007291666666666641,0,Subject12Activity11Trial1
1.4445,1.029244868823741,2.1037069144463914,0.999949455812203,1.9734513274336283,0.4010416666666667,2.8697128906250002,0.02395833333333336,0,Subject12Activity11Trial1
1.443775,1.026345945575857,1.6008921089917436,0.9999811333523835,2.2037037037037037,0.3958333333333333,3.000055989583333,0.013541666666666674,0,Subject12Activity11Trial1
1.43675,1.026345945575857,1.3199958448442501,0.9999884594630252,1.7755102040816326,0.3875,2.655770833333333,0.019791666666666652,0,Subject12Activity11Trial1
1.44225,1.023400703536987,1.3741698563763975,0.9999527642073621,1.1265822784810127,0.40520833333333334,1.648465494791667,0.001041666666666663,0,Subject12Activity11Trial1
1.4366999999999999,1.023400703536987,1.249455442236446,0.999991423561242,0.3333333333333333,0.42083333333333334,1.0442272135416668,0.0,0,Subject12Activity11Trial1
1.4338000000000002,1.021698096308298,1.8332345068060363,0.9999956760259037,0.9135802469135802,0.39895833333333336,1.1632467447916666,0.0,0,Subject12Activity11Trial1
1.446575,1.021698096308298,1.9400205187014024,0.9999898737162689,0.9615384615384616,0.4041666666666667,1.3895631510416666,0.0,0,Subject12Activity11Trial1
1.4534749999999999,1.0297154946877316,1.6947380632236104,0.9999766665240113,1.0344827586206897,0.425,1.3740735677083333,0.0,0,Subject12Activity11Trial1
1.45515,1.0297154946877316,1.6665836188072447,0.9999846293784111,1.2285714285714286,0.44895833333333335,1.2440397135416668,0.0,0,Subject12Activity11Trial1
1.46005,1.02069094245026,2.294303351836099,0.9999791854943115,0.0,0.0,1.2874752604166668,0.0,0,Subject12Activity11Trial1
1.46285,1.0226035399899611,2.319240166117048,0.9999314753141483,0.0,0.0,2.7805722656249996,0.0,0,Subject12Activity11Trial1
1.4561,1.0226035399899611,2.1534666362991928,0.99998758250432,0.0,0.0,3.0852102864583335,0.0,0,Subject12Activity11Trial1
1.4391,1.0262991766536695,2.386750574190856,0.9999734326349172,0.0,0.0,1.2853359375,0.0,0,Subject12Activity11Trial1
1.4408,1.0262991766536695,2.3791544698713025,0.999991546589288,0.0,0.0,0.7784615885416667,0.0,0,Subject12Activity11Trial1
1.455125,1.019123643136592,2.0415136483255765,0.999977786255766,0.0,0.0,1.5733033854166667,0.0,0,Subject12Activity11Trial1
1.4455500000000001,1.0237861104742532,2.5797587398296358,0.9999809240110904,0.0,0.0,1.5121425781249997,0.0,0,Subject12Activity11Trial1
1.4375,1.0237861104742532,2.3636106538319623,0.9999924051811061,0.0,0.0,0.6424205729166667,0.0,0,Subject12Activity11Trial1
1.4454999999999998,1.025234607297276,1.834244116124104,0.9999530550620074,0.0,0.0,0.6002662760416666,0.0,0,Subject12Activity11Trial1
1.44145,1.025234607297276,2.1111678532367364,0.9999938265709816,0.0,0.0,0.5642109375,0.0,0,Subject12Activity11Trial1
1.4334,1.0231011680181,1.9501463572496576,0.9999953415085278,0.0,0.0,0.6024388020833333,0.0,0,Subject12Activity11Trial1
1.4439,1.0231011680181,2.1804278084714994,0.999986612458966,0.0,0.0,0.6664016927083333,0.0,0,Subject12Activity11Trial1
1.453075,1.0199892156292634,1.059453320045229,0.9999828043606022,0.0,0.0,0.6197291666666667,0.0,0,Subject12Activity11Trial1
1.4518,1.0273714031449386,1.5853285272043323,0.9999628981454821,0.0,0.0,0.6077207031249999,0.0,0,Subject12Activity11Trial1
1.4399000000000002,1.0273714031449386,2.1191506281405736,0.9999951750424215,0.0,0.0,0.625443359375,0.0,0,Subject12Activity11Trial1
1.4324499999999998,1.0199848038083705,1.8521843984959787,0.9999932987178467,0.0,0.0,0.5966953125,0.0,0,Subject12Activity11Trial1
1.443325,1.0199848038083705,2.071052705804071,0.9999759487429929,0.0,0.0,0.5739355468749999,0.0,0,Subject12Activity11Trial1
1.4416999999999998,1.0254213768007765,2.9389345913434965,0.999978502272573,0.0,0.0,0.5995221354166667,0.0,0,Subject12Activity11Trial1
1.4378749999999996,1.0254213768007765,2.3267790207375825,0.9999565827175703,0.0,0.0,0.607287109375,0.0,0,Subject12Activity11Trial1
1.4351249999999998,1.0258094364939327,2.2772682187672046,0.9999738527864532,0.0,0.0,0.6022903645833333,0.0,0,Subject12Activity11Trial1
1.4320499999999998,1.0258094364939327,2.357962706347486,0.9999953225063881,0.0,0.0,0.6163235677083334,0.0,0,Subject12Activity11Trial1
1.43235,1.0182975989365781,5.130132912365308,0.9999898451868634,0.0,0.0,0.6233072916666667,0.0,0,Subject12Activity11Trial1
1.4218,1.0261929643103191,7.298025383086557,0.999984014446607,0.0,0.0,0.5940397135416666,0.0,0,Subject12Activity11Trial1
1.413125,1.0261929643103191,3.3353285413288347,0.9999770695585903,0.0,0.0,0.5932890625,0.0,0,Subject12Activity11Trial1
1.4157,1.0304164206766118,6.263268171022322,0.9999680390252864,0.0,0.0,0.5983216145833333,0.0,0,Subject12Activity11Trial1
1.43005,1.0304164206766118,5.799807127348561,0.9999292591719219,0.0,0.0,0.577884765625,0.0,0,Subject12Activity11Trial1
1.4269,1.0260394729248967,2.691747154642293,0.9999899745816436,0.0,0.0,0.5509967447916666,0.0,0,Subject12Activity11Trial1
1.4227750000000001,1.0251073114557325,2.744440742435131,0.9999912595415438,0.0,0.0,0.5609811197916666,0.0,0,Subject12Activity11Trial1
1.433775,1.0276716401652817,2.935801884222471,0.9999405262419142,0.0,0.0,0.56463671875,0.0,0,Subject12Activity11Trial1
1.4273749999999998,1.0276716401652817,1.9004253957285897,0.9999913682668793,0.0,0.0,0.5902395833333334,0.0,0,Subject12Activity11Trial1
1.4273,1.020123031795675,2.035606342162538,0.9999695239918723,0.0,0.0,0.5774140624999999,0.0,0,Subject12Activity11Trial1
1.4306999999999999,1.0242538747791,2.307206133023442,0.9999899023113538,0.0,0.0,0.5666243489583334,0.0,0,Subject12Activity11Trial1
1.4265249999999998,1.0262718937981299,2.442357206926289,0.9999581948616025,0.0,0.0,0.5722936197916667,0.0,0,Subject12Activity11Trial1
1.4328499999999997,1.0262718937981299,2.294840826325718,0.9999475011814903,0.0,0.0,0.5565188802083333,0.0,0,Subject12Activity11Trial1
1.4333499999999997,1.0253443324074114,1.8741195703459468,0.999981960497661,0.0,0.0,0.5607890625,0.0,0,Subject12Activity11Trial1
1.4316,1.023959471854233,1.7831567493368539,0.9999759842816345,0.0,0.0,0.6012994791666667,0.0,0,Subject12Activity11Trial1
1.434025,1.0234471163670353,1.751240341023859,0.9999334648478635,0.8666666666666667,0.43645833333333334,0.6356914062500001,0.0,0,Subject12Activity11Trial1
1.43005,1.0236078350618463,2.0046460346909,0.9999903021242311,1.3617021276595744,0.43645833333333334,0.6986126302083333,0.0,0,Subject12Activity11Trial1
1.4290249999999998,1.0236078350618463,2.0046460346909,0.9999824398887573,0.8015267175572519,0.471875,0.8581412760416667,0.0,0,Subject12Activity11Trial1
1.4274,1.021773458257749,2.1520323523243974,0.999983165585001,0.8620689655172413,0.459375,1.1175520833333332,0.0,0,Subject12Activity11Trial1
1.4324749999999997,1.0225116136259773,1.9836349215420057,0.9999968733204827,1.1538461538461537,0.440625,0.61725390625,0.0,0,Subject12Activity11Trial2
1.435575,1.0186844457436266,1.1940961930347953,0.9999942537476689,1.08,0.43333333333333335,0.6806412760416667,0.0,0,Subject12Activity11Trial2
1.4362249999999999,1.018552895042766,1.2716786215894587,0.9999836146672433,1.2063492063492063,0.41770833333333335,0.775462890625,0.0,0,Subject12Activity11Trial2
1.431425,1.018552895042766,1.8392657630154048,0.999998572602695,1.55,0.40625,1.2908886718750001,0.002083333333333326,0,Subject12Activity11Trial2
1.4204499999999998,1.0194694698714621,2.1478224759302407,0.9999914714147198,1.8876404494382022,0.409375,1.8058899739583332,0.013541666666666674,0,Subject12Activity11Trial2
1.42475,1.0210122428257165,2.315673014344668,0.9999869468869945,2.897727272727273,0.4166666666666667,1.9541432291666667,0.009375000000000022,0,Subject12Activity11Trial2
1.4290749999999999,1.0211552281607337,2.376107523392726,0.9999888123656886,1.3647058823529412,0.4197916666666667,2.109973307291667,0.03229166666666666,0,Subject12Activity11Trial2
1.4298,1.0211552281607337,2.3612426785970513,0.999989052553796,1.5307692307692307,0.4791666666666667,2.061635416666667,0.03541666666666665,0,Subject12Activity11Trial2
1.4260749999999998,1.0233088487841782,2.086931262471701,0.9999864362986496,1.0901639344262295,0.47708333333333336,1.4946861979166666,0.00520833333333337,0,Subject12Activity11Trial2
1.427225,1.0233088487841782,2.086931262471701,0.999980686907725,0.40384615384615385,0.48333333333333334,0.7088710937499999,0.0,0,Subject12Activity11Trial2
1.4256249999999997,1.0197504596713844,1.7153455261634747,0.9999936809133966,0.0,0.0,0.5923919270833333,0.0,0,Subject12Activity11Trial2
1.41695,1.0215267984737355,2.0482307442216623,0.9999737063001567,0.0,0.0,0.6181061197916666,0.0,0,Subject12Activity11Trial2
1.4256499999999999,1.0215267984737355,2.0482307442216623,0.9999594775365402,0.0,0.0,0.6276126302083332,0.0,0,Subject12Activity11Trial2
1.4285999999999999,1.0213442123006329,2.0215012722337775,0.9999884353350992,1.4,0.3770833333333333,0.6172916666666667,0.0,0,Subject12Activity11Trial2
1.430275,1.0213442123006329,2.145308777739082,0.9999906999199403,0.0,0.0,0.6355006510416666,0.0,0,Subject12Activity11Trial2
1.4296250000000001,1.0207389480175624,2.2875423721910906,0.9999899279134348,0.0,0.0,0.5847044270833334,0.0,0,Subject12Activity11Trial2
1.4254499999999999,1.0207389480175624,2.252968384624225,0.9999921299693507,0.0,0.0,0.57080078125,0.0,0,Subject12Activity11Trial2
1.4259499999999998,1.0216193028716716,2.225437292898434,0.9999761576810464,0.0,0.0,0.5566093750000001,0.0,0,Subject12Activity11Trial2
1.4223249999999996,1.0216193028716716,2.225437292898434,0.9999945185873756,0.0,0.0,0.5454615885416667,0.0,0,Subject12Activity11Trial2
1.4174499999999999,1.0201436173402252,2.3116797405244114,0.9999909084164993,0.0,0.0,0.5582838541666667,0.0,0,Subject12Activity11Trial2
1.4210249999999998,1.0214058938541524,2.335683724466712,0.999971202547299,0.0,0.0,0.5858945312499999,0.0,0,Subject12Activity11Trial2
1.423,1.0214484813244376,2.473224983705407,0.9999937510238005,0.0,0.0,0.5708704427083333,0.0,0,Subject12Activity11Trial2
1.4274749999999998,1.0214484813244376,2.3879148005645163,0.9999927199110867,0.0,0.0,0.58909375,0.0,0,Subject12Activity11Trial2
1.426175,1.0206081520348542,2.3574936646394207,0.9999934895017529,0.0,0.0,0.5785279947916667,0.0,0,Subject12Activity11Trial2
1.42455,1.0206081520348542,2.4559797719094405,0.9999914798259255,0.0,0.0,0.595421875,0.0,0,Subject12Activity11Trial2
1.4303249999999998,1.020155380322037,1.9892860965035482,0.9999907528490725,0.0,0.0,0.5657701822916665,0.0,0,Subject12Activity11Trial2
1.427025,1.0192668934091795,1.9248020273020359,0.9999890271586382,0.0,0.0,0.5443470052083333,0.0,0,Subject12Activity11Trial2
1.4278499999999998,1.0204601903063146,1.3687056122900572,0.9999894868541492,0.0,0.0,0.554818359375,0.0,0,Subject12Activity11Trial2
1.4210249999999998,1.0204601903063146,2.1245657963766647,0.9999910199439133,0.0,0.0,0.525669921875,0.0,0,Subject12Activity11Trial2
1.4227999999999998,1.020102935982443,2.2314439593712123,0.9999769315939995,0.0,0.0,0.5364537760416667,0.0,0,Subject12Activity11Trial2
1.4210249999999998,1.020102935982443,2.3566198253285293,0.9999923501748933,0.0,0.0,0.5454153645833333,0.0,0,Subject12Activity11Trial2
1.4165499999999998,1.0190039254095147,2.31938841046928,0.9999907117226806,0.0,0.0,0.5292688802083333,0.0,0,Subject12Activity11Trial2
1.421225,1.018501350023651,1.9136685379542442,0.9999972501324969,0.0,0.0,0.5387630208333334,0.0,0,Subject12Activity11Trial2
1.42255,1.018501350023651,2.082002436858822,0.9999864750270636,0.0,0.0,0.5547259114583334,0.0,0,Subject12Activity11Trial2
1.423325,1.0174232157760112,2.082002436858822,0.9999977214556474,0.0,0.0,0.5814694010416666,0.0,0,Subject12Activity11Trial2
1.4241,1.018776226656276,1.8384601836034804,0.9999942914885485,0.0,0.0,0.573890625,0.0,0,Subject12Activity11Trial2
1.419125,1.018776226656276,1.684055200031132,0.9999979896975874,0.0,0.0,0.5419869791666667,0.0,0,Subject12Activity11Trial2
1.416625,1.0184714036240783,2.017340752462701,0.9999981148268656,0.0,0.0,0.5494088541666666,0.0,0,Subject12Activity11Trial2
1.4268999999999998,1.0184714036240783,2.017340752462701,0.9999930275221298,0.0,0.0,0.5398782552083333,0.0,0,Subject12Activity11Trial2
1.420825,1.0190525011009002,2.012656795054994,0.9999965206931212,0.0,0.0,0.5539153645833335,0.0,0,Subject12Activity11Trial2
1.4177499999999998,1.0216755845179037,2.2841002527060468,0.9999948078994275,0.0,0.0,0.5396959635416666,0.0,0,Subject12Activity11Trial2
1.431575,1.0216755845179037,2.2841002527060468,0.9999950493814632,0.0,0.0,0.5641438802083334,0.0,0,Subject12Activity11Trial2
1.424075,1.0171106134536205,1.98426132304062,0.9999977485153678,0.0,0.0,0.527453125,0.0,0,Subject12Activity11Trial2
1.4174250000000002,1.0188552399629696,2.3320084809177857,0.9999979998407135,0.0,0.0,0.5250227864583333,0.0,0,Subject12Activity11Trial2
1.431175,1.0188552399629696,2.3320084809177857,0.999987249487471,0.0,0.0,0.531666015625,0.0,0,Subject12Activity11Trial2
1.427825,1.0210239958002947,1.8941871189796942,0.999993159655071,0.0,0.0,0.5727194010416667,0.0,0,Subject12Activity11Trial2
1.4248249999999998,1.0210239958002947,1.9416122123541797,0.9999830440721394,0.0,0.0,0.6175201822916667,0.0,0,Subject12Activity11Trial2
1.424175,1.0189190350562698,1.7244269432634383,0.9999964132127359,0.47337278106508873,0.534375,1.2500638020833332,0.050000000000000044,0,Subject12Activity11Trial2
1.4128,1.0204729295772623,1.7022136828989503,0.9999929022705956,0.6196319018404908,0.540625,1.7806744791666667,0.030208333333333393,0,Subject12Activity11Trial2
1.42255,1.0204729295772623,2.196578651548897,0.9999912867635635,1.6,0.4322916666666667,1.8371725260416667,0.0,0,Subject12Activity11Trial2
1.4318499999999998,1.020402371616217,1.443809472353358,0.9999938024107382,0.6623376623376623,0.428125,1.743841796875,0.001041666666666663,0,Subject12Activity11Trial2
1.4191749999999999,1.019046613261631,1.8270141438147007,0.999993069694738,0.47863247863247865,0.540625,1.4746549479166666,0.1375,0,Subject12Activity11Trial2
1.4203,1.019046613261631,1.935880659841395,0.9999863777292476,0.5961538461538461,0.55625,1.0139752604166667,0.0,0,Subject12Activity11Trial2
1.4255499999999999,1.018729110215272,2.1677766226169197,0.9999973148381153,0.0,0.0,0.573318359375,0.0,0,Subject12Activity11Trial2
1.4220249999999999,1.0199426454463016,1.943365551035619,0.9999964231775845,0.0,0.0,0.5886829427083333,0.0,0,Subject12Activity11Trial3
1.4217,1.0199426454463016,1.943365551035619,0.999993632773283,0.0,0.0,0.53973828125,0.0,0,Subject12Activity11Trial3
1.4222499999999998,1.0184758220006993,1.641223225192256,0.9999954430043607,0.0,0.0,0.5329550781250001,0.0,0,Subject12Activity11Trial3
1.4244249999999998,1.0184758220006993,1.728484741270492,0.9999965771337905,0.0,0.0,0.5294596354166666,0.0,0,Subject12Activity11Trial3
1.4211499999999997,1.017336227606193,1.5376348744664767,0.9999964811758616,0.0,0.0,0.5276204427083334,0.0,0,Subject12Activity11Trial3
1.4223,1.017336227606193,1.4360801602650568,0.9999905484532436,0.0,0.0,0.5294244791666667,0.0,0,Subject12Activity11Trial3
1.4242,1.016645464259788,1.626930027069072,0.9999979849456256,0.0,0.0,0.5538489583333334,0.0,0,Subject12Activity11Trial3
1.4226249999999996,1.0168308610580228,1.7566630884163104,0.9999933628387946,0.5842696629213483,0.540625,0.77668359375,0.0,0,Subject12Activity11Trial3
1.4213749999999998,1.0196455266414892,1.9403781222177159,0.999994458776562,0.19230769230769232,0.5270833333333333,1.176552734375,0.0,0,Subject12Activity11Trial3
1.42085,1.0196455266414892,1.786714241596627,0.9999940735294925,0.6136363636363636,0.5395833333333333,1.5957421874999997,0.011458333333333293,0,Subject12Activity11Trial3
1.422475,1.0190525011009002,1.6315989900631038,0.9999941360309191,1.355263157894737,0.42916666666666664,1.5820091145833333,0.013541666666666619,0,Subject12Activity11Trial3
1.4223,1.0221487171639947,1.7066420257868344,0.9999855215092007,0.4268292682926829,0.5395833333333333,1.7813606770833335,0.07916666666666666,0,Subject12Activity11Trial3
1.4259,1.0221487171639947,1.5976698721369118,0.9999894519638263,0.3433734939759036,0.5416666666666666,1.7036276041666667,0.03749999999999998,0,Subject12Activity11Trial3
1.4225249999999998,1.0204327513364122,1.6660200099845284,0.9999980086709878,0.5414012738853503,0.5322916666666667,1.0175026041666666,0.04791666666666666,0,Subject12Activity11Trial3
1.4198,1.0204327513364122,1.744350110524941,0.9999927852262699,0.0,0.0,0.5669576822916667,0.0,0,Subject12Activity11Trial3
1.4210249999999998,1.0226998582184315,1.8821760410224115,0.9999931513361646,0.0,0.0,0.541662109375,0.0,0,Subject12Activity11Trial3
1.4190749999999999,1.0226998582184315,1.8821760410224115,0.9999960810916033,0.0,0.0,0.5297975260416666,0.0,0,Subject12Activity11Trial3
1.4123249999999998,1.0196886779797059,1.982968204306239,0.9999923534466352,0.0,0.0,0.5403483072916667,0.0,0,Subject12Activity11Trial3
1.41695,1.0196886779797059,2.0976467362365128,0.9999934435293476,0.0,0.0,0.5439368489583333,0.0,0,Subject12Activity11Trial3
1.420025,1.0187276377913774,1.88383162247937,0.9999941055515057,0.0,0.0,0.5431516927083334,0.0,0,Subject12Activity11Trial3
1.41765,1.0207712770253676,1.9116113781826698,0.9999961876970964,0.0,0.0,0.5555273437499999,0.0,0,Subject12Activity11Trial3
1.4236999999999997,1.0207712770253676,1.9235141952822588,0.9999964550182038,0.0,0.0,0.541419921875,0.0,0,Subject12Activity11Trial3
1.4169249999999998,1.0196891683253284,2.017973153797513,0.9999948990070289,0.0,0.0,0.5435605468750001,0.0,0,Subject12Activity11Trial3
1.4168749999999999,1.0196891683253284,2.1334385671950287,0.9999956150946876,0.0,0.0,0.53627734375,0.0,0,Subject12Activity11Trial3
1.41975,1.019046613261631,1.8408437289207313,0.9999951155085997,0.0,0.0,0.5377428385416667,0.0,0,Subject12Activity11Trial3
1.419575,1.019046613261631,1.7500533595453334,0.9999916929395843,0.0,0.0,0.5584778645833334,0.0,0,Subject12Activity11Trial3
1.42005,1.017146007218236,1.8902494681464574,0.999995001480094,0.0,0.0,0.5964492187499999,0.0,0,Subject12Activity11Trial3
1.417325,1.017146007218236,1.805744280701191,0.999994569163668,0.0,0.0,0.6381516927083333,0.0,0,Subject12Activity11Trial3
1.4184749999999997,1.0163272110890271,1.805744280701191,0.9999987643521462,0.0,0.0,0.7024095052083332,0.0,0,Subject12Activity11Trial3
1.418025,1.0229936461190754,1.9454708183619474,0.9999976598641453,0.40384615384615385,0.5395833333333333,0.9311041666666666,0.0,0,Subject12Activity11Trial3
1.4168999999999998,1.0229936461190754,1.9622040633624565,0.9999942095034635,0.7329192546583851,0.5385416666666667,1.718088541666667,0.01666666666666672,0,Subject12Activity11Trial3
1.4179249999999999,1.0216119615587906,1.8887729216736346,0.9999864676733387,0.3413173652694611,0.540625,1.8730651041666668,0.05312500000000003,0,Subject12Activity11Trial3
1.4195249999999997,1.0216119615587906,1.8948574561528488,0.999991796303613,1.0886075949367089,0.42604166666666665,1.7143697916666667,0.001041666666666663,0,Subject12Activity11Trial3
1.420675,1.0195984503715176,1.880486410267146,0.9999945597007127,1.161764705882353,0.41875,1.622412109375,0.1364583333333333,0,Subject12Activity11Trial3
1.418625,1.0198872486701656,1.5696425809667076,0.9999922575103836,0.6363636363636364,0.546875,1.1715260416666666,0.14062500000000006,0,Subject12Activity11Trial3
1.4195249999999997,1.0198872486701656,1.712756308949281,0.9999957303029564,0.31746031746031744,0.5229166666666667,0.7413639322916666,0.0,0,Subject12Activity11Trial3
1.4195,1.0215679125736088,1.809403727263458,0.9999908758697842,0.37037037037037035,0.534375,0.9440045572916667,0.013541666666666674,0,Subject12Activity11Trial3
1.419125,1.0215679125736088,1.7576421821522317,0.9999872781835021,0.5268817204301075,0.5322916666666667,1.4911516927083335,0.015625,0,Subject12Activity11Trial3
1.4205999999999999,1.0207751956234046,1.8939585773224294,0.9999975064333297,0.569620253164557,0.42604166666666665,1.635209635416667,0.015625,0,Subject12Activity11Trial3
1.4183249999999998,1.0207751956234046,1.8812442762293315,0.9999982351710677,1.1168831168831168,0.428125,1.7005833333333336,0.09999999999999992,0,Subject12Activity11Trial3
1.4194499999999999,1.0187575766589418,1.806203151314108,0.9999956158478345,0.4883720930232558,0.5354166666666667,1.8951881510416666,0.08958333333333329,0,Subject12Activity11Trial3
1.4166750000000001,1.021266370737821,1.7529070462698328,0.9999970257874456,0.7161290322580646,0.546875,1.3865735677083335,0.06145833333333328,0,Subject12Activity11Trial3
1.4168749999999999,1.021266370737821,1.7521778173471887,0.9999953465736147,0.21014492753623187,0.5416666666666666,0.7327942708333334,0.0,0,Subject12Activity11Trial3
1.4176749999999998,1.021266370737821,1.8128139728645678,0.9999940168135628,0.0,0.0,0.5417083333333333,0.0,0,Subject12Activity11Trial3
1.4179,1.0184655124254332,1.7685454108946317,0.9999986632953175,0.0,0.0,0.5425058593750001,0.0,0,Subject12Activity11Trial3
1.4161499999999998,1.0176291072881123,1.771563670188101,0.9999995135173267,0.3697478991596639,0.48854166666666665,0.7825468750000001,0.0,0,Subject12Activity11Trial3
1.41,1.0201769454364278,1.5644794726279088,0.9999931237877726,0.5144927536231884,0.49166666666666664,1.6112955729166665,0.002083333333333326,0,Subject12Activity11Trial3
1.41785,1.0201769454364278,1.7302343798783681,0.9999957687365393,0.62,0.5166666666666667,2.1255755208333333,0.05833333333333335,0,Subject12Activity11Trial3
1.4209249999999998,1.0165382432550187,1.5295816253577499,0.9999966321108702,1.6931818181818181,0.4166666666666667,2.276673828125,0.001041666666666663,0,Subject12Activity11Trial3
1.411325,1.019568536195581,1.3415903337658364,0.9999909122473455,1.876543209876543,0.40520833333333334,2.3998098958333336,0.0,0,Subject12Activity11Trial3
1.409425,1.0196455266414892,1.0596469098072632,0.9999925623974785,2.4375,0.4041666666666667,1.9780351562500003,0.020833333333333315,0,Subject12Activity11Trial3
1.415025,1.0196455266414892,1.7423644697397904,0.9999964559519116,1.017094017094017,0.4427083333333333,1.0938574218750001,0.08020833333333333,0,Subject12Activity11Trial3
1.4199,1.0182391664044357,1.6841313854647382,0.9999951518337972,0.0,0.0,0.5827298177083333,0.0,0,Subject12Activity11Trial3
1.4158,1.0185038046075232,1.6198842850324908,0.9999987289724254,0.0,0.0,0.5549791666666667,0.0,0,Subject12Activity11Trial3
1.4171500000000001,1.0185038046075232,1.6198842850324908,0.9999958790058168,0.0,0.0,0.5323170572916667,0.0,0,Subject12Activity11Trial3
1.7038,2.667197218054938,43.55160423706816,0.5993674115441823,1.4559748427672956,0.66875,6.710690755208333,0.24791666666666667,1,Subject12Activity1Trial1
1.6085749999999996,2.667197218054938,53.735648572008884,0.9788324658564259,1.2006269592476488,0.6677083333333333,5.896037760416666,0.2041666666666666,0,Subject12Activity1Trial1
1.38915,1.5529356071647014,11.486579456175832,0.9999776268797339,0.7931034482758621,0.47291666666666665,2.295134114583333,0.07812499999999994,0,Subject12Activity1Trial1
1.3622999999999998,1.0204263814700205,0.6616246912918768,0.9999970338678109,1.1733333333333333,0.409375,1.3148932291666666,0.06354166666666666,0,Subject12Activity1Trial1
1.360325,0.996318222256323,0.5055452200521131,0.9999983196265,0.8133333333333334,0.40729166666666666,0.7975970052083333,0.0,0,Subject12Activity1Trial1
1.3581999999999999,0.9962976462884974,0.610916948608633,0.9999986506782809,0.6578947368421053,0.4041666666666667,0.7184915364583333,0.0,0,Subject12Activity1Trial1
1.3579,0.9973274286812731,0.6216636657529762,0.999998787600666,0.8444444444444444,0.428125,0.6538847656250001,0.0,0,Subject12Activity1Trial1
1.3593499999999998,1.0005773333431054,0.6270279811342334,0.999986643713361,0.6190476190476191,0.4395833333333333,0.6736848958333332,0.0,0,Subject12Activity1Trial1
1.6332999999999998,2.359394201908617,36.58459692779218,0.71428251094391,1.3627118644067797,0.6927083333333334,5.6595110677083325,0.25416666666666665,1,Subject12Activity1Trial2
1.6066499999999997,2.359394201908617,48.89085533034046,0.9803495938071539,1.6388888888888888,0.7375,4.350867838541667,0.11562499999999998,0,Subject12Activity1Trial2
1.5055500000000002,1.504072139227371,10.766036089137941,0.9999286144662621,2.1492537313432836,0.9302083333333333,1.1488776041666668,0.0,0,Subject12Activity1Trial2
1.491475,1.0267331688418369,1.3546250787978806,0.9999954212216885,0.0,0.0,0.7052786458333332,0.0,0,Subject12Activity1Trial2
1.491875,1.0064655980211148,0.4996695363117567,0.9999968227033056,0.0,0.0,0.6390039062499999,0.0,0,Subject12Activity1Trial2
1.4897000000000002,1.0106873898491067,0.9580489631977116,0.9999836188036926,0.37037037037037035,0.6010416666666667,0.7149928385416666,0.0,0,Subject12Activity1Trial2
1.4848500000000002,1.0106873898491067,0.7197580348625081,0.9999944736807728,0.2971014492753623,0.56875,1.2515703125,0.0,0,Subject12Activity1Trial2
1.4852750000000001,1.0081497904577474,0.7197580348625081,0.9999973252578602,1.0258064516129033,0.484375,1.7083984375,0.02083333333333337,0,Subject12Activity1Trial2
1.6520000000000004,2.4242072931166594,48.14653971016682,0.5979928731390585,1.4779661016949153,0.6927083333333334,5.109836588541667,0.275,0,Subject12Activity1Trial3
1.5001499999999999,2.4242072931166594,51.84563022760892,0.9824795508669698,1.6652360515021458,0.7572916666666667,4.144192057291667,0.023958333333333415,0,Subject12Activity1Trial3
1.287775,1.4432078852334476,18.18618134950347,0.9999292904054585,1.7555555555555555,0.940625,0.8941868489583333,0.0,0,Subject12Activity1Trial3
1.2559749999999998,1.0047532035281102,2.100784174692052,0.9999882171094306,0.0,0.0,0.6610559895833333,0.0,0,Subject12Activity1Trial3
1.24265,0.9893285601861497,1.2986912610896866,0.9999988851885706,0.0,0.0,0.6004680989583334,0.0,0,Subject12Activity1Trial3
1.2477,0.9908592230988214,1.1642312617514392,0.9999759029553361,0.0,0.0,0.5980989583333333,0.0,0,Subject12Activity1Trial3
1.253475,0.9908592230988214,1.4307825631405535,0.9999895208368429,0.0,0.0,0.5855234374999999,0.0,0,Subject12Activity1Trial3
1.2521499999999999,0.9901949303041295,1.4695025965334025,0.9999972996283087,0.0,0.0,0.5756510416666667,0.0,0,Subject12Activity1Trial3
1.6287500000000001,3.370459612575116,53.2845175540393,0.6646346717668782,0.8133333333333334,0.6875,4.557168619791666,0.23958333333333337,0,Subject12Activity2Trial1
1.660725,3.370459612575116,53.2845175540393,0.9967609315088501,0.7665369649805448,0.7322916666666667,3.120913411458333,0.09270833333333328,0,Subject12Activity2Trial1
1.5761249999999998,1.1636554472866958,4.078479325885496,0.9999557068660798,0.8888888888888888,0.7395833333333334,1.0148619791666667,0.0,0,Subject12Activity2Trial1
1.5970500000000003,1.0071390172165906,3.457425986208463,0.9999791503952219,0.8333333333333334,0.7520833333333333,0.9156529947916667,0.0,0,Subject12Activity2Trial1
1.5997000000000001,0.9989139102044781,2.585199624594466,0.9999651679766224,0.0,0.0,0.7775345052083333,0.0,0,Subject12Activity2Trial1
1.5956999999999997,0.9989139102044781,0.57647057598723,0.9999946643241374,0.0,0.0,0.6473450520833334,0.0,0,Subject12Activity2Trial1
1.5945,0.9989139102044781,0.5517293601279363,0.9999877300078931,0.0,0.0,0.5894049479166668,0.0,0,Subject12Activity2Trial1
1.5936,0.9939507030029205,0.6142939840596853,0.9999788391511731,0.0,0.0,0.6039401041666668,0.0,0,Subject12Activity2Trial1
1.5279749999999996,2.518789193243452,41.57024807070685,0.7901128933436343,0.89419795221843,0.6947916666666667,4.435799479166667,0.1177083333333333,0,Subject12Activity2Trial2
1.5429249999999999,2.518789193243452,41.57024807070685,0.9912666178333409,1.0,0.7520833333333333,3.210485026041666,0.030208333333333393,0,Subject12Activity2Trial2
1.414325,1.3417887315073116,5.427789443905013,0.9996805679239723,1.63013698630137,0.7489583333333333,1.1110013020833334,0.0,0,Subject12Activity2Trial2
1.430075,1.0373514351462574,2.8477489730190797,0.9999780317349005,0.0,0.0,0.8284785156249999,0.0,0,Subject12Activity2Trial2
1.432,1.0199029365581807,2.286748543285327,0.9999918941624247,0.0,0.0,0.7923782552083334,0.0,0,Subject12Activity2Trial2
1.4283750000000002,1.008018849030116,1.1011707441494423,0.9999982405819539,0.0,0.0,0.7002734375,0.0,0,Subject12Activity2Trial2
1.4161249999999999,1.0091293276879827,1.4493776647113918,0.9999951287350973,0.0,0.0,0.673974609375,0.0,0,Subject12Activity2Trial2
1.41195,1.0097455124931232,0.9094784625439729,0.9999947100023524,0.0,0.0,0.6651321614583333,0.0,0,Subject12Activity2Trial2
1.5614000000000001,2.565102337139787,42.70020849210836,0.8181949289510464,0.8809523809523809,0.69375,4.702671223958333,0.13437500000000002,1,Subject12Activity2Trial3
1.5441749999999999,2.565102337139787,42.70020849210836,0.9946871225464919,1.0,0.7541666666666667,3.0877695312499998,0.0,0,Subject12Activity2Trial3
1.389025,1.208828358370203,3.296366473906602,0.9997975884221603,1.75,0.7458333333333333,1.0428424479166667,0.0,0,Subject12Activity2Trial3
1.3986250000000002,1.0463245194489137,1.1693955136890963,0.9999777616491359,0.0,0.0,0.7738574218750001,0.0,0,Subject12Activity2Trial3
1.3820999999999999,1.0229085980672954,2.629962387933034,0.9999932927772981,1.0606060606060606,0.7427083333333333,0.8576751302083332,0.0,0,Subject12Activity2Trial3
1.3801999999999999,1.0231544360457028,2.629962387933034,0.9999681910087537,0.0,0.0,0.8678528645833333,0.0,0,Subject12Activity2Trial3
1.40235,1.0231544360457028,1.944058952284891,0.9999956145094466,0.0,0.0,0.6979388020833334,0.0,0,Subject12Activity2Trial3
1.412275,1.019496444329258,0.7274911408074303,0.9999976880297855,0.0,0.0,0.6091660156250001,0.0,0,Subject12Activity2Trial3
1.410725,1.019496444329258,0.41735320294013434,0.999998859076973,0.0,0.0,0.6015794270833333,0.0,0,Subject12Activity2Trial3
1.4111999999999998,5.048105684313671,100.25758847838254,0.8179805230713,1.9753694581280787,0.7885416666666667,5.5663587239583325,0.2114583333333333,1,Subject12Activity3Trial1
1.3963249999999998,5.048105684313671,110.32297724894401,0.9776669118559186,1.4763636363636363,0.7135416666666666,6.051557291666667,0.08749999999999991,1,Subject12Activity3Trial1
1.2716249999999998,1.5797851119693462,100.18154878699961,0.9994945075934725,2.4814814814814814,0.83125,2.3645253906250003,0.03749999999999998,0,Subject12Activity3Trial1
1.16965,0.9910343081851405,6.500464124544791,0.9999969103937032,0.0,0.0,0.6711627604166667,0.0,0,Subject12Activity3Trial1
1.1859499999999998,0.9633358708155738,1.7463818083751477,0.9999939771105915,0.0,0.0,0.5640299479166666,0.0,0,Subject12Activity3Trial1
1.1925000000000001,0.9628234521447844,2.1537895939066516,0.9999925327070432,0.0,0.0,0.5615110677083333,0.0,0,Subject12Activity3Trial1
1.1905750000000002,0.9612393042317818,2.398841578505923,0.9999964480572043,0.0,0.0,0.5933046875000001,0.0,0,Subject12Activity3Trial1
1.185775,0.964846619935003,3.1160451060596728,0.999992861598174,0.0,0.0,0.5957408854166667,0.0,0,Subject12Activity3Trial1
1.5384,3.90719298218043,75.40061867960165,0.45589880699619234,1.5172413793103448,0.6979166666666666,5.891271484375,0.17291666666666672,1,Subject12Activity3Trial2
1.4641,3.90719298218043,90.78772886116292,0.9635854197186927,1.4676258992805755,0.7104166666666667,5.197710286458333,0.25312500000000004,1,Subject12Activity3Trial2
1.4280249999999999,1.2813009014279197,64.29780136312722,0.999614092328464,4.753086419753086,0.915625,2.2122617187500007,0.027083333333333348,0,Subject12Activity3Trial2
1.4766750000000002,1.033681769211395,12.405369153801132,0.999993287860482,0.0,0.0,0.6835976562500001,0.0,0,Subject12Activity3Trial2
1.4856,0.9553993929242367,1.5265161529881652,0.9999808518959563,0.0,0.0,0.6557565104166667,0.0,0,Subject12Activity3Trial2
1.48155,0.9545789647797609,1.2199814634468282,0.9999903465030403,0.0,0.0,0.6260683593749999,0.0,0,Subject12Activity3Trial2
1.48045,0.9531269590143802,1.1361573878518243,0.9999929128634715,0.0,0.0,0.662142578125,0.0,0,Subject12Activity3Trial2
1.4781,0.9531269590143802,1.3356864584712298,0.9999963854457454,0.0,0.0,0.6671204427083334,0.0,0,Subject12Activity3Trial2
1.46075,2.8700045296131504,54.81199827240623,0.5475087107954721,1.470790378006873,0.696875,5.78658984375,0.15416666666666667,1,Subject12Activity3Trial3
1.416375,2.8700045296131504,54.81199827240623,0.9506045396170647,1.4623655913978495,0.709375,5.594050130208333,0.12812500000000004,1,Subject12Activity3Trial3
1.296875,1.465160059515683,40.151672575454455,0.999424698930488,4.903614457831325,0.9135416666666667,2.1431555989583333,0.03645833333333326,0,Subject12Activity3Trial3
1.2059000000000002,1.064861962885331,9.977417372609708,0.9999957368342837,0.0,0.0,0.7004095052083333,0.0,0,Subject12Activity3Trial3
1.222925,0.9724499987145868,2.5102383132584407,0.999976639802543,0.82,0.9479166666666666,0.7457897135416667,0.0,0,Subject12Activity3Trial3
1.212425,0.9724499987145868,3.6982142285323647,0.9999815643920125,0.7674418604651163,0.9552083333333333,0.6616660156249999,0.0,0,Subject12Activity3Trial3
1.20585,0.9647025448292338,3.2095962977952155,0.9999962843676066,0.0,0.0,0.6539635416666666,0.0,0,Subject12Activity3Trial3
1.195775,0.9640845398615207,3.103508421774791,0.9999981015431817,0.0,0.0,0.614912109375,0.0,0,Subject12Activity3Trial3
1.6091000000000002,3.3537883057819857,84.85181844716709,0.5488164257347912,1.61986301369863,0.6958333333333333,6.973664713541666,0.18437499999999996,1,Subject12Activity4Trial1
1.6783250000000003,3.3537883057819857,71.72083534923556,0.9885996257933689,1.9301310043668123,0.7614583333333333,5.476654296875,0.16145833333333337,1,Subject12Activity4Trial1
1.5567,1.255217112694055,28.90160280590281,0.9991606809714515,1.434782608695652,0.9041666666666667,1.8957089843749997,0.015625,0,Subject12Activity4Trial1
1.6250500000000003,1.1136651202224124,9.248956251311448,0.9999957809889554,1.631578947368421,0.9208333333333333,1.10473828125,0.0,0,Subject12Activity4Trial1
1.6310749999999998,1.0659709189279039,3.0796828259309947,0.9999712486343143,1.2285714285714286,0.8760416666666667,0.8621067708333333,0.0,0,Subject12Activity4Trial1
1.6271,1.0769038954335712,3.2802803278912407,0.9998252781012553,1.1590909090909092,0.8854166666666666,0.9174778645833334,0.0,0,Subject12Activity4Trial1
1.6282249999999998,1.0769038954335712,3.0169735293166298,0.9998691937618973,1.4,0.8947916666666667,0.9174264322916665,0.0,0,Subject12Activity4Trial1
1.6307250000000004,1.074992558113776,3.1208348963452934,0.9999901296039883,1.5806451612903225,0.8947916666666667,0.9643111979166668,0.0,0,Subject12Activity4Trial1
1.6625999999999999,4.426805733257334,99.66101862763574,0.3627649918253038,1.5187713310580204,0.6947916666666667,7.194289713541667,0.13541666666666674,1,Subject12Activity4Trial2
1.7850750000000002,4.426805733257334,105.71955668214477,0.9941042934015368,1.7126436781609196,0.728125,6.3325247395833335,0.21770833333333328,1,Subject12Activity4Trial2
1.7643749999999998,1.2509336513180864,51.425178170898995,0.9999011367208538,3.4691358024691357,0.915625,2.5171783854166665,0.0010416666666667185,0,Subject12Activity4Trial2
1.8148500000000003,1.0877816876561217,4.9318313795532305,0.9999935790677129,0.9142857142857143,0.45625,1.3587545572916668,0.08437499999999992,0,Subject12Activity4Trial2
1.824575,1.0730731568723542,2.26695456232963,0.9999762726626782,0.6625,0.48333333333333334,1.3734335937500002,0.0,0,Subject12Activity4Trial2
1.8246749999999998,1.0821765105563879,2.102867515320348,0.9999519288125113,0.5412844036697247,0.503125,1.0763977864583334,0.0,0,Subject12Activity4Trial2
1.82515,1.0821765105563879,2.6081879948527487,0.999978523575077,1.1081081081081081,0.928125,0.8236471354166666,0.0,0,Subject12Activity4Trial2
1.82855,1.0754538576805608,1.5398703207949183,0.9999957345143785,0.0,0.0,0.755830078125,0.0,0,Subject12Activity4Trial2
1.6793749999999998,3.9985920021927717,74.95725838556403,0.4109435277802773,1.3708206686930091,0.6572916666666667,7.872225260416667,0.2270833333333333,1,Subject12Activity4Trial3
1.7975249999999998,3.9985920021927717,73.55629682610743,0.9982264045883364,1.6515151515151516,0.725,6.6152714843750005,0.05937500000000007,1,Subject12Activity4Trial3
1.7651499999999998,1.1750017021264267,24.089678565883283,0.9994286171805103,2.1285714285714286,0.9270833333333334,2.0788125,0.03020833333333328,0,Subject12Activity4Trial3
1.7986499999999999,1.1750017021264267,16.414579969205022,0.9998763624811009,1.4523809523809523,0.95625,0.9831920572916666,0.0,0,Subject12Activity4Trial3
1.81265,1.0881566982746558,4.629079352215015,0.9999780490050094,0.0,0.0,0.7699264322916666,0.0,0,Subject12Activity4Trial3
1.8114249999999998,1.0881566982746558,4.476836640323391,0.9998648346592132,0.0,0.0,0.7175846354166666,0.0,0,Subject12Activity4Trial3
1.8083750000000003,1.080062035255383,5.238779871727893,0.999969082170622,0.0,0.0,0.7376666666666667,0.0,0,Subject12Activity4Trial3
1.802825,1.0763702894450404,3.618477413794224,0.9999936406089454,0.0,0.0,0.6725,0.0,0,Subject12Activity4Trial3
1.48035,3.754318313622328,75.025279150521,0.47797082636869614,1.3993506493506493,0.6791666666666667,6.993453125,0.16250000000000003,1,Subject12Activity5Trial1
1.4131500000000001,3.754318313622328,96.4391331658836,0.9855741220690698,1.7083333333333333,0.725,7.367209635416667,0.33125000000000004,1,Subject12Activity5Trial1
1.401775,1.4069243050000948,75.45523987946588,0.9995323536343224,2.23121387283237,0.8197916666666667,4.446143880208333,0.03541666666666665,0,Subject12Activity5Trial1
1.4194749999999998,0.9914580172654816,13.882993295485363,0.9999941557579539,0.45774647887323944,0.5645833333333333,1.6625084635416667,0.007291666666666696,0,Subject12Activity5Trial1
1.40275,0.9619838875989556,3.4900656747037146,0.9999838245208345,0.7142857142857143,0.8375,1.050017578125,0.0,0,Subject12Activity5Trial1
1.4029500000000001,0.9619838875989556,2.8498846079749143,0.9999950588090932,0.0,0.0,0.8761503906250001,0.0,0,Subject12Activity5Trial1
1.398125,0.9631188919339086,2.738531570627913,0.9999453157189125,0.5849056603773585,0.9447916666666667,0.92838671875,0.0,0,Subject12Activity5Trial1
1.4006500000000002,0.9631188919339086,2.738531570627913,0.9999728746769684,0.8088235294117647,0.5395833333333333,1.1228671875,0.0,0,Subject12Activity5Trial1
1.4634,2.8802459964384988,110.07987520983411,0.6062803899288695,1.3835616438356164,0.6958333333333333,6.233216796875,0.12812499999999993,1,Subject12Activity5Trial2
1.45885,2.8802459964384988,110.07987520983411,0.9880659466251802,1.5714285714285714,0.78125,6.6320709635416675,0.12291666666666667,1,Subject12Activity5Trial2
1.269225,1.1937843188784145,55.548950200891696,0.9999436699192665,2.7886178861788617,0.871875,3.9252122395833338,0.002083333333333326,0,Subject12Activity5Trial2
1.1463999999999999,0.9918719675441987,4.975036339392659,0.9999792494297322,0.7475728155339806,0.36770833333333336,2.5863899739583336,0.0,0,Subject12Activity5Trial2
1.1437000000000002,0.960817880766173,3.6868694901388466,0.9999844799968132,0.9426229508196722,0.3625,3.584134114583333,0.0,0,Subject12Activity5Trial2
1.1412250000000004,0.9612231790796557,2.5824594620470123,0.9999782078527065,0.9215686274509803,0.3458333333333333,3.2888378906249995,0.0,0,Subject12Activity5Trial2
1.1376750000000002,0.9612231790796557,2.7591996621966643,0.9999935402265901,1.0517241379310345,0.4166666666666667,1.05203125,0.0,0,Subject12Activity5Trial2
1.139675,0.9604941436573156,2.316764992313338,0.999990825167065,0.3987341772151899,0.5520833333333334,2.6347024739583333,0.013541666666666674,0,Subject12Activity5Trial2
1.4791500000000002,3.1184903398920443,88.4332220848122,0.5457885512216324,1.36986301369863,0.6958333333333333,5.562059895833333,0.22812500000000002,1,Subject12Activity5Trial3
1.4591,3.1184903398920443,88.4332220848122,0.9913349854293603,1.7033898305084745,0.7541666666666667,5.969574869791667,0.06145833333333339,1,Subject12Activity5Trial3
1.2413500000000002,1.3411554719718366,64.05875645182809,0.9999008331793852,2.611111111111111,0.86875,3.18523828125,0.0,0,Subject12Activity5Trial3
1.1425750000000001,0.9708460228069125,4.922912904745104,0.9999907037922459,0.7931034482758621,0.8791666666666667,1.1159687500000002,0.0,0,Subject12Activity5Trial3
1.148,0.97083984261051,3.7533598385642364,0.999852899151726,0.6226415094339622,0.8177083333333334,0.8345611979166667,0.0,0,Subject12Activity5Trial3
1.1579249999999999,0.97083984261051,2.3258171597333472,0.999993148236812,0.7058823529411765,0.8114583333333333,0.8008906250000001,0.0,0,Subject12Activity5Trial3
1.1624999999999999,0.9623559632485268,1.9322978335839167,0.9999960401400105,0.7,0.8083333333333333,0.79228515625,0.0,0,Subject12Activity5Trial3
1.159625,0.9590755966033125,1.4779033645490216,0.9999827755133044,1.0833333333333333,0.9354166666666667,0.7674121093749999,0.0,0,Subject12Activity5Trial3
1.445675,1.0396975521756315,1.690694328530526,0.9999940120680708,1.76,0.4864583333333333,1.981712890625,0.04062499999999997,0,Subject13Activity11Trial1
1.4493750000000003,1.0388902733205272,1.2963705395146583,0.9999937934235748,1.75,0.5104166666666666,2.2345390625,0.07499999999999996,0,Subject13Activity11Trial1
1.449375,1.0397855548140684,1.2805015246477538,0.999991159607186,1.532846715328467,0.509375,2.189336588541667,0.0697916666666667,0,Subject13Activity11Trial1
1.43855,1.0400182690703081,1.407969816544231,0.9999930760341809,1.1203007518796992,0.5135416666666667,1.6349843750000002,0.043749999999999956,0,Subject13Activity11Trial1
1.4419,1.0403470574764941,1.2942223016542016,0.9999949895434157,0.504,0.509375,1.0268841145833334,0.006249999999999978,0,Subject13Activity11Trial1
1.445875,1.0403470574764941,1.3235996165556436,0.9999925948327316,0.9736842105263158,0.43333333333333335,0.7150611979166668,0.0,0,Subject13Activity11Trial1
1.438925,1.039489778689526,1.4879388122049448,0.9999969704840688,0.0,0.0,0.6801276041666666,0.0,0,Subject13Activity11Trial1
1.440475,1.0402355502481158,1.3059943713167712,0.9999874206959726,0.0,0.0,0.7079830729166667,0.0,0,Subject13Activity11Trial1
1.4381,1.0402355502481158,1.2661381434603882,0.9999959851151334,0.0,0.0,0.713513671875,0.0,0,Subject13Activity11Trial1
1.436075,1.0391443595574197,1.1856152536016111,0.9999921173837547,0.0,0.0,0.690845703125,0.0,0,Subject13Activity11Trial1
1.44125,1.045024880086594,1.1793093071305059,0.9999687784232285,0.0,0.0,0.666119140625,0.0,0,Subject13Activity11Trial1
1.434025,1.045024880086594,1.3758096350421773,0.9999919447369635,0.0,0.0,0.6247630208333332,0.0,0,Subject13Activity11Trial1
1.4339,1.041875712357285,1.028503877865262,0.9999919913770429,0.0,0.0,0.6009928385416666,0.0,0,Subject13Activity11Trial1
1.4385999999999999,1.043013422732421,1.2623865185351626,0.9999878361211584,0.0,0.0,0.620396484375,0.0,0,Subject13Activity11Trial1
1.4315,1.043013422732421,1.374289886234255,0.9999936719316372,0.0,0.0,0.6191966145833334,0.0,0,Subject13Activity11Trial1
1.435425,1.0398658567334538,1.705957150863611,0.9999889718631336,0.0,0.0,0.6742109375,0.0,0,Subject13Activity11Trial1
1.435425,1.0398658567334538,1.7095424554298333,0.999990003127387,0.74,0.5375,1.319244140625,0.0,0,Subject13Activity11Trial1
1.4287750000000001,1.039912496318801,1.1019391991464147,0.9999945942398509,1.095808383233533,0.5447916666666667,2.1269635416666666,0.021874999999999978,0,Subject13Activity11Trial1
1.4364249999999998,1.039912496318801,1.2090685652263495,0.9999901994510517,1.0632911392405062,0.5375,2.056895833333333,0.0031249999999999334,0,Subject13Activity11Trial1
1.434275,1.0410965373105416,1.257635731550252,0.9999873148830017,1.4492753623188406,0.428125,1.6682753906249999,0.015625,0,Subject13Activity11Trial1
1.42915,1.0410965373105416,1.263887959061993,0.9999969199919186,1.2424242424242424,0.42291666666666666,1.704087890625,0.018750000000000044,0,Subject13Activity11Trial1
1.435425,1.0456677292524619,1.3107265612700267,0.9999753108935119,0.6086956521739131,0.509375,1.579234375,0.12395833333333334,0,Subject13Activity11Trial1
1.4304999999999999,1.0456677292524619,1.4184288087602859,0.9999860798162413,0.4881889763779528,0.49270833333333336,1.03048828125,0.013541666666666674,0,Subject13Activity11Trial1
1.4278,1.0436052893695011,1.2228427583292714,0.9999919001962572,0.0,0.0,0.627294921875,0.0,0,Subject13Activity11Trial1
1.4332,1.0414134625594198,1.4223450604653785,0.999989028190623,0.0,0.0,0.6404544270833333,0.0,0,Subject13Activity11Trial1
1.425725,1.0414134625594198,1.5295641948345633,0.9999951785352911,0.0,0.0,0.6176920572916667,0.0,0,Subject13Activity11Trial1
1.4279,1.0404796970628498,1.288267583904993,0.9999833096402575,0.7866666666666666,0.921875,0.7272858072916668,0.0,0,Subject13Activity11Trial1
1.4313500000000001,1.068308008020159,5.294949795260866,0.9995237464953098,1.4736842105263157,0.9208333333333333,0.9568522135416668,0.0,0,Subject13Activity11Trial1
1.42455,1.068308008020159,5.294949795260866,0.99998259064152,1.042857142857143,0.9125,0.8436263020833333,0.0,0,Subject13Activity11Trial1
1.4269500000000002,1.0600004716980083,1.635911487973793,0.9999834708689378,0.0,0.0,0.6295143229166666,0.0,0,Subject13Activity11Trial1
1.4213749999999998,1.043280403343224,1.2869546252417798,0.9999881646091162,0.0,0.0,0.5914654947916667,0.0,0,Subject13Activity11Trial1
1.421275,1.0411119056086142,1.143333158104614,0.9999949907730595,0.0,0.0,0.5811165364583333,0.0,0,Subject13Activity11Trial1
1.4275,1.0401696976936023,1.0617438142916278,0.9999890900292534,0.0,0.0,0.59343359375,0.0,0,Subject13Activity11Trial1
1.421675,1.0427967203630821,1.0617438142916278,0.9999933722387053,0.0,0.0,0.5924251302083333,0.0,0,Subject13Activity11Trial1
1.4262000000000001,1.0427967203630821,1.1894983025534458,0.9999879046994156,0.0,0.0,0.5865878906249999,0.0,0,Subject13Activity11Trial1
1.425175,1.0413491249336122,1.2349632156173023,0.9999934052805689,0.0,0.0,0.5973020833333333,0.0,0,Subject13Activity11Trial1
1.4231,1.0406060734014577,1.1815244068424597,0.9999910042815907,0.0,0.0,0.5810078125,0.0,0,Subject13Activity11Trial1
1.42625,1.0406060734014577,1.15932075739412,0.9999895873820115,0.0,0.0,0.6091901041666666,0.0,0,Subject13Activity11Trial1
1.4229500000000002,1.0400350955616833,1.0823155786353382,0.9999922863322238,0.7837837837837838,0.44895833333333335,0.63934765625,0.0,0,Subject13Activity11Trial1
1.427975,1.0400350955616833,1.042205975064249,0.9999977656223125,0.8269230769230769,0.43125,0.6883385416666666,0.0,0,Subject13Activity11Trial1
1.4238,1.0405176596290906,1.0383632080613907,0.9999973346409848,1.196078431372549,0.434375,0.7668880208333334,0.0,0,Subject13Activity11Trial1
1.4226500000000002,1.0405176596290906,1.0357598503101357,0.9999960790780149,1.0125,0.40208333333333335,1.08004296875,0.0,0,Subject13Activity11Trial1
1.4242249999999999,1.0403451350393291,1.075869586864247,0.9999884007828669,0.8375,0.4,0.9812578125,0.0031249999999999334,0,Subject13Activity11Trial1
1.419775,1.0403451350393291,1.0093469065970595,0.9999935473054491,0.29411764705882354,0.48541666666666666,0.7162122395833335,0.0,0,Subject13Activity11Trial1
1.4253,1.0400798046303947,1.0648839986767413,0.9999968018635027,0.0,0.0,0.6233287760416666,0.0,0,Subject13Activity11Trial1
1.42155,1.038819041026877,0.9817416335206843,0.9999945759645298,0.0,0.0,0.6051842447916667,0.0,0,Subject13Activity11Trial1
1.42195,1.0434030860602244,1.0455825156676575,0.9999805739891707,0.0,0.0,0.5927493489583334,0.0,0,Subject13Activity11Trial1
1.4235000000000002,1.0434030860602244,1.0859896597424559,0.9999913690267278,0.0,0.0,0.59653125,0.0,0,Subject13Activity11Trial1
1.421175,1.0404350051781226,0.9740915884145416,0.9999941148625128,0.0,0.0,0.5964680989583333,0.0,0,Subject13Activity11Trial1
1.4238,1.0409442828509121,1.0541032299168087,0.9999908504890624,0.0,0.0,0.59526171875,0.0,0,Subject13Activity11Trial1
1.4207,1.0409442828509121,1.1295046917660976,0.9999932691525897,0.0,0.0,0.5930911458333334,0.0,0,Subject13Activity11Trial1
1.417,1.0411853821486354,0.9423113690165152,0.9999958657388773,0.0,0.0,0.6153893229166666,0.0,0,Subject13Activity11Trial2
1.423775,1.0406541212141525,1.073366879074566,0.9999875557857074,0.0,0.0,0.5970260416666667,0.0,0,Subject13Activity11Trial2
1.4195499999999999,1.0413553668176874,1.048506022873383,0.9999890030003752,0.0,0.0,0.5908730468749999,0.0,0,Subject13Activity11Trial2
1.4188749999999999,1.0413553668176874,0.9678287340776635,0.9999890635723447,0.0,0.0,0.5781321614583332,0.0,0,Subject13Activity11Trial2
1.425475,1.0389056742553675,0.7702635923787398,0.9999966681366046,0.0,0.0,0.5947903645833333,0.0,0,Subject13Activity11Trial2
1.420975,1.039831717154271,1.0129829959948218,0.9999948568692094,0.0,0.0,0.5977395833333334,0.0,0,Subject13Activity11Trial2
1.42235,1.0404085735902024,0.9708608906403668,0.9999891992813051,0.0,0.0,0.5986139322916666,0.0,0,Subject13Activity11Trial2
1.4205,1.0404085735902024,0.9681124707139546,0.9999940643372898,0.0,0.0,0.5917395833333333,0.0,0,Subject13Activity11Trial2
1.417975,1.0402836151742465,1.0460875350142125,0.9999940660612694,0.0,0.0,0.5899680989583332,0.0,0,Subject13Activity11Trial2
1.423325,1.0402836151742465,0.8177239651343662,0.9999942987344526,0.0,0.0,0.5984752604166667,0.0,0,Subject13Activity11Trial2
1.421325,1.0402562184385153,0.9462548888959823,0.9999917552581463,0.40375586854460094,0.44375,6.350666666666666,0.18124999999999997,0,Subject13Activity11Trial2
1.422575,1.0402562184385153,0.9237073296181286,0.9999958786098404,0.3686746987951807,0.4322916666666667,8.632645182291668,0.2,0,Subject13Activity11Trial2
1.41995,1.0393117915236023,0.8401098652580004,0.9999946862885103,0.42567567567567566,0.6375,5.676255208333333,0.023958333333333415,0,Subject13Activity11Trial2
1.4204249999999998,1.0406507579394733,0.8429187211011673,0.9999895928841329,0.38095238095238093,0.39375,5.162384114583333,0.26875,0,Subject13Activity11Trial2
1.4229749999999999,1.0409697401942095,0.8409559798475534,0.9999942981045491,0.3904494382022472,0.39791666666666664,4.875431640625,0.15520833333333334,0,Subject13Activity11Trial2
1.4204249999999998,1.041361128523626,0.7981037302323273,0.9999914899471889,0.2882882882882883,0.359375,4.123986979166666,0.0625,0,Subject13Activity11Trial2
1.423975,1.041361128523626,0.910869333888833,0.9999981055074991,1.0123456790123457,0.415625,1.5530644531250002,0.001041666666666663,0,Subject13Activity11Trial2
1.419575,1.0429712364202572,0.9032950491485003,0.9999904676717654,1.3037974683544304,0.41770833333333335,1.4215638020833334,0.0,0,Subject13Activity11Trial2
1.4195499999999999,1.0429712364202572,0.9429519490002036,0.9999896525451405,1.5925925925925926,0.40520833333333334,1.3186178385416665,0.10000000000000003,0,Subject13Activity11Trial2
1.4217749999999998,1.0404191463059491,1.0164959410358492,0.9999932255469683,0.0,0.0,0.8550390625000001,0.0,0,Subject13Activity11Trial2
1.4203,1.0404191463059491,0.8957226599188353,0.9999928898199243,0.0,0.0,0.5950729166666667,0.0,0,Subject13Activity11Trial2
1.42255,1.0397389095345042,0.8263491620474959,0.9999959210512986,0.0,0.0,1.4471614583333334,0.0,0,Subject13Activity11Trial2
1.418825,1.0409663779392686,0.8785300940845246,0.9999959616078751,0.0,0.0,1.5200950520833332,0.0,0,Subject13Activity11Trial2
1.421425,1.0415454862846845,0.8588310933234382,0.9999895544079395,0.0,0.0,0.6648580729166667,0.0,0,Subject13Activity11Trial2
1.42105,1.0415454862846845,0.8876725430471559,0.9999945251269643,0.0,0.0,0.6356256510416667,0.0,0,Subject13Activity11Trial2
1.4184249999999998,1.0414576323595695,0.9360249158404983,0.9999967926822959,0.0,0.0,0.64033984375,0.0,0,Subject13Activity11Trial2
1.42285,1.0412535714224465,0.7730273157651375,0.9999950501658493,0.0,0.0,0.60073828125,0.0,0,Subject13Activity11Trial2
1.42205,1.041129194672784,0.8896490486685131,0.9999950396856722,0.0,0.0,0.5891751302083333,0.0,0,Subject13Activity11Trial2
1.4228999999999998,1.041129194672784,0.8815583454537474,0.9999953565423961,0.0,0.0,0.5971640625000001,0.0,0,Subject13Activity11Trial2
1.4195499999999999,1.0405388027363516,0.8980058624163156,0.9999929680294654,0.0,0.0,0.5892441406250001,0.0,0,Subject13Activity11Trial2
1.42,1.0405388027363516,0.8778064693774894,0.9999917300607067,0.0,0.0,0.6140266927083334,0.0,0,Subject13Activity11Trial2
1.421275,1.0398754733139925,0.8276226363550307,0.9999940537571425,0.0,0.0,0.6039388020833334,0.0,0,Subject13Activity11Trial2
1.421,1.0405897366397576,0.7838874021263287,0.9999939049011932,0.0,0.0,0.6305325520833334,0.0,0,Subject13Activity11Trial2
1.4210500000000001,1.0405897366397576,0.7384009802688816,0.9999988696786957,0.6759259259259259,0.5041666666666667,0.9083561197916665,0.007291666666666585,0,Subject13Activity11Trial2
1.4218250000000001,1.0414936389628118,0.7366862477293239,0.9999929180322621,2.029850746268657,0.4197916666666667,1.296724609375,0.0,0,Subject13Activity11Trial2
1.4216,1.0414936389628118,0.7532064140422463,0.9999984337621457,0.9777777777777777,0.4864583333333333,1.9673131510416666,0.006249999999999978,0,Subject13Activity11Trial2
1.4212,1.0390269486399282,0.8209340359909945,0.9999972018796353,2.3974358974358974,0.42083333333333334,4.269719401041667,0.004166666666666652,0,Subject13Activity11Trial2
1.4217499999999998,1.0390269486399282,0.8533217910451789,0.9999961290488938,0.6956521739130435,0.5083333333333333,3.168115885416667,0.08333333333333331,0,Subject13Activity11Trial2
1.420925,1.0387401022392464,0.7517871277462866,0.999997812063729,0.8759124087591241,0.509375,2.070784505208333,0.02083333333333326,0,Subject13Activity11Trial2
1.4225999999999999,1.0396278180195064,0.7506061590526301,0.9999952750353714,0.975609756097561,0.5072916666666667,1.5313795572916669,0.041666666666666685,0,Subject13Activity11Trial2
1.4196250000000001,1.0404696055147407,0.8335555258712972,0.9999951195862395,0.38738738738738737,0.534375,0.8098404947916666,0.0,0,Subject13Activity11Trial2
1.42245,1.041987044065328,0.8335555258712972,0.9999912531305646,0.0,0.0,0.655236328125,0.0,0,Subject13Activity11Trial2
1.42105,1.041987044065328,0.7418634299535505,0.9999946144021383,0.0,0.0,0.6434986979166666,0.0,0,Subject13Activity11Trial2
1.421075,1.0395215245486742,0.7560257806715924,0.9999943683437371,0.0,0.0,0.6460807291666668,0.0,0,Subject13Activity11Trial2
1.4221,1.0395215245486742,0.7383980075547214,0.9999973783521724,0.0,0.0,0.7108854166666667,0.0,0,Subject13Activity11Trial2
1.422175,1.0403629174475606,0.7383980075547214,0.9999944808697978,0.0,0.0,0.6583404947916667,0.0,0,Subject13Activity11Trial2
1.4228999999999998,1.0403629174475606,0.7679254007865453,0.999996372029368,0.0,0.0,0.6404003906249999,0.0,0,Subject13Activity11Trial2
1.4209999999999998,1.0391708233009622,0.7597162494999843,0.999997589355942,0.0,0.0,0.6203053385416667,0.0,0,Subject13Activity11Trial2
1.423325,1.038250933060019,0.739707074015751,0.9999989503094197,0.0,0.0,0.5944055989583333,0.0,0,Subject13Activity11Trial2
1.421075,1.0382128876102434,0.7452720839875973,0.9999974853886838,0.0,0.0,0.6086048177083334,0.0,0,Subject13Activity11Trial2
1.4202249999999998,1.039710536639886,0.7334419653894386,0.9999964709846305,0.0,0.0,0.6039375,0.0,0,Subject13Activity11Trial3
1.4190749999999999,1.039710536639886,0.678298855244126,0.9999970028935398,0.0,0.0,0.5536822916666667,0.0,0,Subject13Activity11Trial3
1.4223750000000002,1.04003942232975,0.65224136317347,0.9999950109268392,0.0,0.0,0.5775149739583333,0.0,0,Subject13Activity11Trial3
1.4207,1.04003942232975,0.6293268091889814,0.9999979936536765,0.0,0.0,0.5721419270833333,0.0,0,Subject13Activity11Trial3
1.42175,1.0393161213028497,0.6683043577690597,0.9999962816517863,0.0,0.0,0.5815481770833333,0.0,0,Subject13Activity11Trial3
1.4198,1.0391284809877939,0.7283271781427239,0.9999976624614493,0.0,0.0,0.57573046875,0.0,0,Subject13Activity11Trial3
1.4210749999999999,1.0391636059831963,0.726614747859653,0.9999982242397342,0.0,0.0,0.5749075520833333,0.0,0,Subject13Activity11Trial3
1.4223500000000002,1.0391636059831963,0.6289401456855188,0.9999973776615221,0.0,0.0,0.5943600260416667,0.0,0,Subject13Activity11Trial3
1.4225,1.0386284224880427,0.6893517168188801,0.9999984801545299,0.0,0.0,0.5908815104166666,0.0,0,Subject13Activity11Trial3
1.42245,1.0392386636379538,0.7022441319616846,0.9999974137092817,0.0,0.0,0.6093072916666668,0.0,0,Subject13Activity11Trial3
1.42165,1.0407204235528387,0.8849641657522582,0.999982131963778,0.0,0.0,0.662265625,0.0,0,Subject13Activity11Trial3
1.45965,1.0821446298901085,10.692566796108665,0.9987842198838444,2.4126984126984126,0.9197916666666667,1.1309309895833333,0.0,0,Subject13Activity11Trial3
1.463025,1.0950529667554898,15.507453226797658,0.9999339417598521,2.23943661971831,0.921875,1.069197265625,0.0,0,Subject13Activity11Trial3
1.4265,1.0950529667554898,10.273211200595991,0.9999940035305057,0.0,0.0,0.6979140625,0.0,0,Subject13Activity11Trial3
1.4235,1.040159122442331,0.7593630868641839,0.9999981990835133,0.0,0.0,0.5828841145833333,0.0,0,Subject13Activity11Trial3
1.4272749999999998,1.039162162513628,0.8117229746886352,0.9999955064947172,0.0,0.0,0.5720403645833333,0.0,0,Subject13Activity11Trial3
1.4237,1.039162162513628,0.7299230915871853,0.9999949985314937,0.0,0.0,0.5902180989583333,0.0,0,Subject13Activity11Trial3
1.42245,1.0391395478952767,0.6865745833391017,0.9999993534231055,0.0,0.0,0.5566139322916666,0.0,0,Subject13Activity11Trial3
1.4247,1.0403220655162515,0.6144966800785738,0.9999972821982385,0.0,0.0,0.5744635416666667,0.0,0,Subject13Activity11Trial3
1.422275,1.0404201074565984,0.7026813805169816,0.9999973711113476,0.0,0.0,0.587267578125,0.0,0,Subject13Activity11Trial3
1.424375,1.0404201074565984,0.6328748804315296,0.9999943161238598,0.0,0.0,0.5871243489583333,0.0,0,Subject13Activity11Trial3
1.4233,1.040311972439037,0.6193788269687381,0.9999960618505433,0.0,0.0,0.5823743489583333,0.0,0,Subject13Activity11Trial3
1.4236250000000001,1.040311972439037,0.6333034715784898,0.9999979839171814,0.35351089588377727,0.43020833333333336,3.9555904947916667,0.0,0,Subject13Activity11Trial3
1.42345,1.0392011354882171,0.6782235425431438,0.9999967083894116,0.3559322033898305,0.43020833333333336,7.325763671874999,0.25,0,Subject13Activity11Trial3
1.42405,1.0398562400639813,0.7388469805594511,0.999997879652999,0.39509536784741145,0.40729166666666666,5.862750651041667,0.2802083333333333,0,Subject13Activity11Trial3
1.425125,1.0414672342421532,0.782818223395509,0.9999927765732617,0.38375350140056025,0.396875,4.901347005208334,0.15625,0,Subject13Activity11Trial3
1.4240249999999999,1.0414672342421532,0.7257247984552322,0.9999994976552434,1.1517857142857142,0.36041666666666666,3.2853626302083327,0.0708333333333333,0,Subject13Activity11Trial3
1.424175,1.0413654497821598,0.63075056857625,0.9999928200229532,1.7325581395348837,0.41041666666666665,1.2434856770833334,0.0,0,Subject13Activity11Trial3
1.42265,1.0413654497821598,0.6623825197076982,0.9999975067275243,1.8089887640449438,0.40729166666666666,1.6471640625,0.026041666666666685,0,Subject13Activity11Trial3
1.4244249999999998,1.0407271496410575,0.7961401363830305,0.9999969916889963,0.7386363636363636,0.4,1.5378893229166666,0.14375000000000004,0,Subject13Activity11Trial3
1.424475,1.0407271496410575,0.7956581692441453,0.9999976395190245,0.45901639344262296,0.5114583333333333,1.12075390625,0.0,0,Subject13Activity11Trial3
1.424875,1.0397201546570116,0.6354624514821552,0.999998239461438,0.7333333333333333,0.496875,0.8136555989583332,0.0,0,Subject13Activity11Trial3
1.423325,1.0382340776530117,0.623640057300495,0.999996237740834,0.0,0.0,0.6076751302083332,0.0,0,Subject13Activity11Trial3
1.42465,1.0382340776530117,0.6674375425028103,0.9999961100226745,0.0,0.0,0.6103196614583334,0.0,0,Subject13Activity11Trial3
1.42445,1.0397749756557906,0.6491847001753293,0.9999959509833348,0.0,0.0,0.6597968750000001,0.0,0,Subject13Activity11Trial3
1.4236499999999999,1.0397749756557906,0.6030004983826736,0.9999988600278104,0.0,0.0,0.6688548177083333,0.0,0,Subject13Activity11Trial3
1.4255499999999999,1.039186701223606,0.5739557922623071,0.9999977809912752,0.0,0.0,0.67433203125,0.0,0,Subject13Activity11Trial3
1.425575,1.0396268561363735,0.533638334603431,0.9999964550772454,0.0,0.0,0.6510572916666668,0.0,0,Subject13Activity11Trial3
1.4245750000000001,1.0396268561363735,0.6171251076179303,0.9999989847927527,0.0,0.0,0.6231953124999999,0.0,0,Subject13Activity11Trial3
1.425375,1.039755740546788,0.7253230110023061,0.9999966473828406,0.0,0.0,0.61346875,0.0,0,Subject13Activity11Trial3
1.42405,1.039755740546788,0.6920039387703056,0.9999962801063661,0.2846153846153846,0.5583333333333333,0.8676380208333333,0.08020833333333333,0,Subject13Activity11Trial3
1.4245249999999998,1.0410518719064867,0.6083804549598817,0.9999942420499255,0.8831168831168831,0.5354166666666667,1.5688769531250002,0.07916666666666661,0,Subject13Activity11Trial3
1.4255,1.041303990196907,0.6472741835664166,0.9999937379244351,1.4339622641509433,0.5302083333333333,2.0043287760416666,0.002083333333333326,0,Subject13Activity11Trial3
1.4236,1.041303990196907,0.7005388968883608,0.9999968883333656,0.9855072463768116,0.5104166666666666,1.7790429687500002,0.0,0,Subject13Activity11Trial3
1.42455,1.040537361174504,0.6528492587057109,0.9999985078972266,1.6126760563380282,0.5041666666666667,1.6549954427083335,0.0,0,Subject13Activity11Trial3
1.424525,1.039407523544062,0.625660497338572,0.9999953096338022,2.8904109589041096,0.42604166666666665,1.5644055989583334,0.0,0,Subject13Activity11Trial3
1.4251999999999998,1.0405791656572796,0.6386791427940075,0.9999950607176439,2.1232876712328768,0.421875,1.286486328125,0.014583333333333337,0,Subject13Activity11Trial3
1.4241,1.0405791656572796,0.5856611086928503,0.9999967588696925,1.457142857142857,0.41875,1.0648294270833332,0.0,0,Subject13Activity11Trial3
1.426275,1.0405094905862224,0.5734677938493924,0.9999986065983675,1.303030303030303,0.42291666666666666,0.88055859375,0.0,0,Subject13Activity11Trial3
1.4246500000000002,1.0408558978071845,0.6736368937791255,0.9999957976293595,0.0,0.0,0.7006315104166667,0.0,0,Subject13Activity11Trial3
1.670025,0.9717273280092519,1.351417549409888,0.9999971870327773,1.0853658536585367,0.41458333333333336,2.2592356770833333,0.003124999999999989,0,Subject13Activity1Trial1
1.67025,0.9741627174142932,1.1155471925752494,0.9999891412669143,0.8391608391608392,0.4822916666666667,2.596902994791667,0.04062500000000002,0,Subject13Activity1Trial1
1.670025,0.9831881813772987,1.8002512493691114,0.9999509081180804,1.1197604790419162,0.5197916666666667,2.9055852864583334,0.01666666666666672,0,Subject13Activity1Trial1
1.6688499999999997,0.9855622760637707,3.133252971570556,0.9999346513118829,0.5480769230769231,0.59375,2.32875390625,0.10729166666666667,0,Subject13Activity1Trial1
1.66265,0.9855622760637707,4.715279872975771,0.9999410754208375,0.5248868778280543,0.596875,2.2697832031250003,0.1572916666666666,0,Subject13Activity1Trial1
1.8015,3.15732719242083,54.11855700557501,0.5159910582415523,1.5361842105263157,0.6833333333333333,4.895398437500001,0.2885416666666667,0,Subject13Activity1Trial1
1.7398250000000002,3.15732719242083,60.9495005904832,0.9484731066294192,1.5625,0.7,6.07001953125,0.3520833333333333,1,Subject13Activity1Trial1
1.6487749999999999,1.0691954919470994,14.422408756277747,0.9980273412418248,0.6764705882352942,0.68125,3.1862747395833333,0.36249999999999993,0,Subject13Activity1Trial2
1.6405250000000002,1.0618935916559624,14.422408756277747,0.9986678353683417,0.5163398692810458,0.68125,2.7871178385416666,0.0010416666666666075,0,Subject13Activity1Trial2
1.6497,1.0257397330707239,8.861228797493283,0.9994020583597638,0.6,0.6291666666666667,2.2172128906250004,0.00520833333333337,0,Subject13Activity1Trial2
1.5686,2.0016605606345945,150.38833876436462,0.7946967327020547,1.2516556291390728,0.6854166666666667,4.763945963541667,0.17395833333333333,0,Subject13Activity1Trial2
1.7241499999999998,3.31096738129508,150.6101394722078,0.8718462303144814,1.4133333333333333,0.6875,5.573440104166667,0.31145833333333334,1,Subject13Activity1Trial2
1.707425,3.31096738129508,45.050654624224535,0.9994659304402842,5.0886075949367084,0.9177083333333333,2.455533203125,0.02604166666666663,0,Subject13Activity1Trial2
1.444025,1.0644486835916516,4.578849961355189,0.9999426568589378,0.0,0.0,0.7477343750000001,0.0,0,Subject13Activity1Trial2
1.4404,0.9929939576855441,0.9784259338772756,0.9999579116681205,0.0,0.0,0.668212890625,0.0,0,Subject13Activity1Trial2
1.6851999999999996,2.8941433965855943,137.08881509683167,0.5567909824944542,1.4183006535947713,0.68125,5.42327734375,0.32395833333333335,1,Subject13Activity1Trial3
1.6704999999999999,2.8941433965855943,139.0839580534783,0.9639030275748659,1.4256756756756757,0.6916666666666667,5.383977864583334,0.08333333333333337,0,Subject13Activity1Trial3
1.4271,1.5249649176292548,37.37485172827532,0.9997905503086973,1.9895833333333333,0.9,1.7973157552083336,0.046875,0,Subject13Activity1Trial3
1.39465,1.018549949683372,2.023593542423015,0.9999842485382804,0.0,0.0,0.75333984375,0.0,0,Subject13Activity1Trial3
1.3884,0.9993462863292183,0.6420805868244202,0.9999938910810996,0.0,0.0,0.6423652343749999,0.0,0,Subject13Activity1Trial3
1.3905750000000001,0.9973615192095593,0.6645215847333361,0.9999929092649338,0.0,0.0,0.6199498697916666,0.0,0,Subject13Activity1Trial3
1.392025,0.9984292663979757,0.7735415872708415,0.9999916342553978,0.0,0.0,0.6538359375,0.0,0,Subject13Activity1Trial3
1.396025,1.0083283195467636,0.8941730023893513,0.9999057422411822,1.875,0.90625,0.699189453125,0.0,0,Subject13Activity1Trial3
1.4499499999999999,1.4636973730932223,52.706220544475954,0.8687135911464889,0.7245901639344262,0.6822916666666666,3.782235677083333,0.2833333333333333,0,Subject13Activity2Trial1
1.800225,4.599701403352178,90.2687745851095,0.8437873366525566,1.4473684210526316,0.6833333333333333,6.314235677083333,0.1010416666666667,1,Subject13Activity2Trial1
1.8513249999999999,4.599701403352178,80.69074207918217,0.9931252129520759,1.8957345971563981,0.7802083333333333,4.753663411458333,0.08750000000000002,0,Subject13Activity2Trial1
1.3711749999999998,1.1432873654510487,21.524753440598005,0.9997031810610597,1.9375,0.9,2.23841796875,0.06354166666666661,0,Subject13Activity2Trial1
1.2939,1.032012596822345,2.7526489138148804,0.997822925991317,2.257425742574257,0.8947916666666667,2.090884765625,0.0,0,Subject13Activity2Trial1
1.2853,1.343399419383528,10.1178951727492,0.9946352424193613,3.7745098039215685,0.89375,2.5104557291666665,0.033333333333333326,0,Subject13Activity2Trial1
1.28795,1.343399419383528,10.1178951727492,0.9998220635292601,2.2916666666666665,0.925,1.6045807291666665,0.019791666666666652,0,Subject13Activity2Trial1
1.2753999999999999,1.0080009920630038,3.152313169499763,0.999972403672025,1.6363636363636365,0.93125,1.0258092447916667,0.0,0,Subject13Activity2Trial1
1.536975,1.0961432388150738,44.991765252564164,0.9575553178708966,0.8012422360248447,0.6645833333333333,4.580569661458333,0.011458333333333348,0,Subject13Activity2Trial2
1.552425,2.436566026193421,60.4347747745867,0.8181648438337931,1.2928348909657321,0.665625,6.092298828125001,0.3260416666666667,1,Subject13Activity2Trial2
1.6162500000000002,2.436566026193421,70.6769925396333,0.8835655543044444,1.8483412322274881,0.7802083333333333,4.085055338541666,0.07604166666666667,0,Subject13Activity2Trial2
1.5237500000000002,2.1324152972627073,17.156107951554645,0.9993883028684761,2.5428571428571427,0.9270833333333334,1.1244348958333334,0.0,0,Subject13Activity2Trial2
1.469425,1.0638091934176919,1.673450435899639,0.9996422337137542,2.075,0.9479166666666666,0.7051614583333332,0.0,0,Subject13Activity2Trial2
1.468575,1.0350642492135451,0.784636922876274,0.9999947715268931,2.025,0.9479166666666666,0.662353515625,0.0,0,Subject13Activity2Trial2
1.474275,1.0019151660694632,1.3994115357157,0.9999908602153301,0.0,0.0,0.557458984375,0.0,0,Subject13Activity2Trial2
1.5514500000000002,2.81633627253565,51.77059810511962,0.5921685862798638,1.118421052631579,0.6833333333333333,4.541076171875,0.21875,0,Subject13Activity2Trial3
1.5913499999999998,2.81633627253565,85.66039877620057,0.8892324224467631,1.4814814814814814,0.690625,5.369801432291666,0.2833333333333333,1,Subject13Activity2Trial3
1.5005,2.2040830292890514,51.93819269707048,0.9980300520984214,2.9097744360902253,0.8614583333333333,2.6903066406250002,0.055208333333333304,0,Subject13Activity2Trial3
1.354975,1.0915333251898451,3.9272836194117815,0.9999529212077339,1.9555555555555555,0.953125,0.9306380208333334,0.0,0,Subject13Activity2Trial3
1.3465000000000003,1.0255276690562767,1.0301898159045209,0.9999969367562508,0.0,0.0,0.6124309895833333,0.0,0,Subject13Activity2Trial3
1.345825,1.0044545783657914,0.9029710848384127,0.9999985668565508,0.0,0.0,0.5689667968750001,0.0,0,Subject13Activity2Trial3
1.347025,1.0116244362410391,0.8261837785439639,0.9999781882086659,0.0,0.0,0.575537109375,0.0,0,Subject13Activity2Trial3
1.3457750000000002,1.0116244362410391,0.9514503912577652,0.999994618321445,0.0,0.0,0.608759765625,0.0,0,Subject13Activity2Trial3
1.43165,1.016760542114022,49.7299850001004,0.948226506830872,0.6983606557377049,0.6822916666666666,3.4443463541666666,0.12812499999999993,0,Subject13Activity3Trial1
1.5606000000000002,3.4714995319026043,120.66313878247988,0.8704021837880386,1.439344262295082,0.6822916666666666,5.988750651041666,0.13541666666666663,1,Subject13Activity3Trial1
1.6331499999999999,3.4714995319026043,120.66313878247988,0.9891579410091752,2.2555555555555555,0.8125,3.5520299479166666,0.043749999999999956,0,Subject13Activity3Trial1
1.4208,1.2132773796622105,13.856750914719225,0.9999865115291178,1.894736842105263,0.940625,1.0530299479166667,0.0,0,Subject13Activity3Trial1
1.416375,1.0559019840875383,1.9237481027734127,0.9999961349823764,0.0,0.0,0.6057115885416667,0.0,0,Subject13Activity3Trial1
1.4127500000000002,1.0305886667337265,0.5659888095830041,0.9999978419082454,0.0,0.0,0.59447265625,0.0,0,Subject13Activity3Trial1
1.4118749999999998,1.0301621231631457,0.5479573118246286,0.9999988355628188,0.0,0.0,0.5959160156250001,0.0,0,Subject13Activity3Trial1
1.410825,1.0336837040410378,0.4506592194962238,0.9999921288620699,0.918918918918919,0.9072916666666667,0.6109680989583334,0.0,0,Subject13Activity3Trial1
1.540325,0.9828356932875404,17.675036705779164,0.9760537057402706,0.7049180327868853,0.6822916666666666,3.2092207031249997,0.1177083333333333,0,Subject13Activity3Trial2
1.5931250000000001,2.8878597611379955,73.504733591653,0.8331641890647952,1.5672131147540984,0.6822916666666666,5.281499999999999,0.16145833333333326,1,Subject13Activity3Trial2
1.657975,2.8878597611379955,58.83401732214817,0.9837048108075915,3.08974358974359,0.8375,4.239471354166667,0.0010416666666666075,1,Subject13Activity3Trial2
1.5970499999999999,1.3730229422700846,40.120191604496085,0.9997890741325114,3.967741935483871,0.9354166666666667,1.3274316406250002,0.0,0,Subject13Activity3Trial2
1.6301,1.0391698609948232,7.012705648832359,0.999996652458412,0.0,0.0,0.6789329427083334,0.0,0,Subject13Activity3Trial2
1.6264000000000003,1.0090976166853234,1.0870603010691937,0.9999950291244665,0.0,0.0,0.5517187499999999,0.0,0,Subject13Activity3Trial2
1.62395,1.008498388694796,1.4851272081438296,0.9999929079869015,0.0,0.0,0.5465579427083334,0.0,0,Subject13Activity3Trial2
1.514025,0.9840909510812503,40.97000270688419,0.9373305693672758,0.6721311475409836,0.6822916666666666,3.44348828125,0.34895833333333337,0,Subject13Activity3Trial3
1.6509,3.773965156171954,118.29213835531033,0.9379899727639136,1.444078947368421,0.6833333333333333,5.288527994791666,0.3427083333333333,1,Subject13Activity3Trial3
1.7991499999999998,3.773965156171954,74.86551302646839,0.9925518271588484,2.7583892617449663,0.8447916666666667,3.5175091145833335,0.08645833333333341,0,Subject13Activity3Trial3
1.6331499999999999,1.398258202193,20.036302943497148,0.9998774998346973,1.8428571428571427,0.4270833333333333,1.2645234375,0.0,0,Subject13Activity3Trial3
1.6133250000000003,1.0719151085790328,2.1546229817450175,0.999997182461728,1.5507246376811594,0.428125,1.5282447916666666,0.001041666666666663,0,Subject13Activity3Trial3
1.6122500000000002,1.0467898547464052,1.023602049645163,0.9999975832698117,1.4857142857142858,0.4270833333333333,1.5801985677083334,0.0,0,Subject13Activity3Trial3
1.6121250000000003,1.0467898547464052,0.6600355218050034,0.9999980016778076,1.8529411764705883,0.42083333333333334,1.4756282552083335,0.010416666666666685,0,Subject13Activity3Trial3
1.612,1.0457810478298026,0.47481581763457115,0.9999978675973752,1.5338983050847457,0.47291666666666665,1.470630859375,0.09895833333333331,0,Subject13Activity3Trial3
1.5225749999999998,2.3765994614154065,78.46202300361702,0.7034168497969862,1.9034749034749034,0.7302083333333333,5.858989583333333,0.22499999999999998,1,Subject13Activity4Trial1
1.425125,2.3765994614154065,69.05017186047364,0.9922049820665549,1.6666666666666667,0.725,5.416031250000001,0.09166666666666667,1,Subject13Activity4Trial1
1.3845,1.3839978323682447,28.466967471699547,0.9997235666164578,2.3260869565217392,0.85625,1.9558580729166668,0.0,0,Subject13Activity4Trial1
1.396425,0.9990940896632309,11.213820463051661,0.9999927748996122,3.107142857142857,0.9395833333333333,1.0203561197916666,0.0,0,Subject13Activity4Trial1
1.439075,0.9558300058064719,1.9225084539175725,0.999987245882018,0.0,0.0,0.69745703125,0.0,0,Subject13Activity4Trial1
1.43995,0.9558300058064719,1.2598057090852564,0.9999977677064669,1.1764705882352942,0.425,0.6394453125000001,0.0,0,Subject13Activity4Trial1
1.4423249999999999,0.9524001259974717,1.6489398018227064,0.9999971306006646,1.1111111111111112,0.43125,0.6147506510416666,0.0,0,Subject13Activity4Trial1
1.4521000000000002,0.9537641217827393,1.786767942171295,0.9999952978310311,0.0,0.0,0.6169244791666667,0.0,0,Subject13Activity4Trial1
1.561875,3.9430630225752163,70.46425602136514,0.5863728844180763,1.6842105263157894,0.6833333333333333,5.812570963541667,0.07604166666666667,1,Subject13Activity4Trial2
1.597,3.9430630225752163,70.46425602136514,0.9934302057746769,2.042194092827004,0.753125,4.605951171875001,0.08958333333333335,1,Subject13Activity4Trial2
1.5430750000000002,1.3443663935103405,20.251489810069472,0.999983408378762,1.9411764705882353,0.940625,1.283380859375,0.0,0,Subject13Activity4Trial2
1.49575,1.0728587977921418,4.3292539491780815,0.9999993271547447,0.0,0.0,0.6888541666666665,0.0,0,Subject13Activity4Trial2
1.4997500000000001,1.0624518812633352,0.816071768106454,0.999994886617438,0.0,0.0,0.6005364583333334,0.0,0,Subject13Activity4Trial2
1.4978000000000002,1.0626128175398601,0.8719355555640078,0.9999963172170809,0.0,0.0,0.5694720052083333,0.0,0,Subject13Activity4Trial2
1.5054500000000002,1.0631448631301381,1.2871798388966198,0.9999987130975508,0.0,0.0,0.5685,0.0,0,Subject13Activity4Trial2
1.58135,2.5943978106682097,68.25853442289096,0.630269740035419,1.5737704918032787,0.6822916666666666,6.320224609375,0.18541666666666667,0,Subject13Activity4Trial3
1.6427749999999999,2.5943978106682097,84.6046483537823,0.9777980817482275,1.519434628975265,0.7052083333333333,6.128627604166667,0.044791666666666674,1,Subject13Activity4Trial3
1.6871500000000001,1.7907819521091897,32.83227253956065,0.9999055563654624,2.1481481481481484,0.83125,2.158446614583333,0.060416666666666674,0,Subject13Activity4Trial3
1.6621499999999998,1.0373013062750862,8.4796724571016,0.9999959983230357,2.577777777777778,0.953125,0.8344811197916666,0.0,0,Subject13Activity4Trial3
1.6689250000000002,1.0004454008090595,2.871455889760391,0.9999940030536508,0.0,0.0,0.6359029947916667,0.0,0,Subject13Activity4Trial3
1.6687750000000001,0.9968319818304386,1.8673459713331937,0.9999978031361377,0.0,0.0,0.6126855468750001,0.0,0,Subject13Activity4Trial3
1.6685000000000003,0.9972211389656759,1.0847132019887624,0.9999980200205637,0.0,0.0,0.61378515625,0.0,0,Subject13Activity4Trial3
1.6700749999999995,0.9972211389656759,1.1757027103538888,0.9999954116795281,0.0,0.0,0.606912109375,0.0,0,Subject13Activity4Trial3
1.5198250000000004,1.8597835895608927,67.76833031578823,0.8511955308337603,0.8863636363636364,0.6791666666666667,3.580784505208333,0.25,0,Subject13Activity5Trial1
1.5636249999999998,2.133282447309779,75.66710073802555,0.8654198365817541,1.4625850340136055,0.69375,5.404695963541666,0.07187500000000002,1,Subject13Activity5Trial1
1.6628,2.133282447309779,75.66710073802555,0.9999204655073801,3.533980582524272,0.8927083333333333,2.6790156250000003,0.08958333333333335,0,Subject13Activity5Trial1
1.675,1.081285346243072,9.08773090201123,0.9998371574928855,0.0,0.0,0.7724381510416668,0.0,0,Subject13Activity5Trial1
1.68215,1.0809796482820573,4.215170075393246,0.9999957608122796,0.0,0.0,0.7331276041666667,0.0,0,Subject13Activity5Trial1
1.69105,1.077823733269963,2.027270715298762,0.9999973791535007,0.0,0.0,0.5854212239583334,0.0,0,Subject13Activity5Trial1
1.6894000000000002,1.0679227500151873,1.0968041407220284,0.9999987330729281,0.0,0.0,0.5848717447916667,0.0,0,Subject13Activity5Trial1
1.6253250000000001,2.974393551633677,142.5261245490487,0.6520823355538868,1.9182879377431907,0.7322916666666667,5.217020833333334,0.15104166666666663,1,Subject13Activity5Trial2
1.6225,2.974393551633677,150.30660077027323,0.9394297015144065,1.6743295019157087,0.728125,5.024298177083333,0.10729166666666656,1,Subject13Activity5Trial2
1.5503250000000002,1.6367935117173456,36.704540996626484,0.999089070620863,1.5,0.8958333333333334,2.0304661458333335,0.03749999999999998,0,Subject13Activity5Trial2
1.587125,1.1352849862479464,1.656806109967377,0.9999972181624642,0.7058823529411765,0.440625,1.130017578125,0.0,0,Subject13Activity5Trial2
1.5814499999999998,1.0690411591702165,0.6577499289043942,0.9999987952855072,0.6583333333333333,0.44166666666666665,1.1143834635416667,0.0,0,Subject13Activity5Trial2
1.579,1.0695657997524042,0.7545630694402519,0.9999977853194374,0.4880952380952381,0.4791666666666667,0.7459303385416667,0.0,0,Subject13Activity5Trial2
1.5779,1.0701355054384467,0.6775478676676201,0.9999944911038529,0.0,0.0,0.5926861979166667,0.0,0,Subject13Activity5Trial2
1.58845,3.199944062011085,95.32199259588177,0.5011369944620376,1.3843537414965987,0.69375,4.874045572916667,0.11979166666666663,1,Subject13Activity5Trial3
1.6623750000000002,3.199944062011085,111.87875116961575,0.9694001694497859,2.2780269058295963,0.7677083333333333,5.749554036458333,0.08124999999999993,1,Subject13Activity5Trial3
1.6438750000000002,2.123263761288267,47.6985573225467,0.9990195306330848,1.3153153153153154,0.884375,2.024127604166667,0.0,0,Subject13Activity5Trial3
1.663275,1.3334489116572859,7.7367847039625985,0.9999955770828447,0.0,0.0,0.7129108072916667,0.0,0,Subject13Activity5Trial3
1.662925,1.0756663051337065,0.6854540546620385,0.9999990737050617,0.0,0.0,0.6275123697916667,0.0,0,Subject13Activity5Trial3
1.6622999999999997,1.0703597526065711,0.788187182229521,0.9999976119810307,1.3,0.44375,0.6609075520833333,0.0,0,Subject13Activity5Trial3
1.6631250000000002,1.0707726182528203,0.7646043781949956,0.9999974800763025,1.1304347826086956,0.4354166666666667,0.6968776041666667,0.0,0,Subject13Activity5Trial3
1.5546250000000001,1.304568511041103,13.912118404136024,0.9990184196416908,2.128205128205128,0.9041666666666667,1.5471744791666668,0.013541666666666674,0,Subject14Activity11Trial1
1.551825,1.1110436535078179,7.116752866346168,0.9999652148180336,0.0,0.0,0.682208984375,0.0,0,Subject14Activity11Trial1
1.551725,1.0125383943337654,1.7518489455111563,0.9999741156179381,0.0,0.0,0.6104641927083333,0.0,0,Subject14Activity11Trial1
1.5555999999999999,1.0185970744116635,1.4705343106741893,0.9999221286326982,0.0,0.0,0.63592578125,0.0,0,Subject14Activity11Trial1
1.551675,1.0185970744116635,1.1808945676921923,0.9999885421042857,0.0,0.0,0.6058378906249999,0.0,0,Subject14Activity11Trial1
1.550125,1.0176939618569032,1.301595346477285,0.999975641647779,0.0,0.0,0.6015950520833334,0.0,0,Subject14Activity11Trial1
1.546675,1.0102742201996446,1.7104238824572278,0.9999894445909548,0.0,0.0,0.6021282552083334,0.0,0,Subject14Activity11Trial1
1.5464,1.010024257134451,1.737276923759275,0.999966387862811,0.0,0.0,0.6602656250000001,0.0,0,Subject14Activity11Trial1
1.559525,1.0122277411729044,4.592757955852029,0.9999630269732894,2.161764705882353,0.9291666666666667,1.1141940104166668,0.0,0,Subject14Activity11Trial1
1.5624500000000001,1.014432846471367,4.6550477699606105,0.9999681161036067,2.227272727272727,0.93125,1.0910182291666666,0.0,0,Subject14Activity11Trial1
1.5536,1.014432846471367,1.9207001957268375,0.9999891857581906,1.4,0.9583333333333334,0.6917330729166666,0.0,0,Subject14Activity11Trial1
1.5515250000000003,1.008647113712224,1.711553761901996,0.9999946887088079,0.0,0.0,0.595880859375,0.0,0,Subject14Activity11Trial1
1.55045,1.008647113712224,1.5016655238994048,0.9999929115266978,0.0,0.0,0.598197265625,0.0,0,Subject14Activity11Trial1
1.5497,1.0083015421985626,1.6086266700802838,0.9999878257919764,0.0,0.0,0.6089993489583334,0.0,0,Subject14Activity11Trial1
1.54935,1.0080133927681714,1.536104851938802,0.9999947215181658,0.0,0.0,0.6361458333333333,0.0,0,Subject14Activity11Trial1
1.546875,1.0080133927681714,1.3900666419904653,0.9999961637227657,0.0,0.0,0.5968600260416667,0.0,0,Subject14Activity11Trial1
1.545075,1.0063334437451634,1.361904186654911,0.9999971597023822,0.0,0.0,0.5814427083333333,0.0,0,Subject14Activity11Trial1
1.544875,1.006486959677074,1.480485836358291,0.9999927551407496,0.0,0.0,0.583513671875,0.0,0,Subject14Activity11Trial1
1.5454,1.007804544542244,1.440844153094055,0.9999955978226563,0.0,0.0,0.589103515625,0.0,0,Subject14Activity11Trial1
1.548375,1.0107333970934176,1.6034845407103262,0.9999871042971501,0.0,0.0,0.6176321614583333,0.0,0,Subject14Activity11Trial1
1.54745,1.0107333970934176,1.540148321324608,0.9999972559332857,0.75,0.95,0.7063346354166666,0.0,0,Subject14Activity11Trial1
1.549325,1.0061292163534463,1.1860045016884158,0.9999868076312605,0.75,0.94375,0.6720664062500001,0.0,0,Subject14Activity11Trial1
1.5511750000000002,1.0111780258688379,1.8042354052109673,0.9999757105880633,0.0,0.0,0.6149303385416667,0.0,0,Subject14Activity11Trial1
1.5494249999999998,1.023001955032345,5.195819026570405,0.9996463886653495,1.2093023255813953,0.9552083333333333,0.8335618489583332,0.0,0,Subject14Activity11Trial1
1.55195,1.031035886863304,4.6671725678680716,0.9999661963870977,1.3181818181818181,0.9541666666666667,0.8955149739583333,0.0,0,Subject14Activity11Trial1
1.5515750000000001,1.031035886863304,3.6528446546801803,0.9999932750883844,0.7435897435897436,0.953125,0.7140716145833335,0.0,0,Subject14Activity11Trial1
1.550375,1.0086297635901886,1.5141942178157564,0.9999858642847268,0.813953488372093,0.953125,0.738380859375,0.0,0,Subject14Activity11Trial1
1.554425,1.0195459773840512,1.5141942178157564,0.9999607820787759,1.1627906976744187,0.9552083333333333,0.653876953125,0.0,0,Subject14Activity11Trial1
1.556675,1.0195459773840512,1.5277830896695193,0.9999815506303145,1.1627906976744187,0.9552083333333333,0.7014973958333334,0.0,0,Subject14Activity11Trial1
1.551425,1.0094211212373159,1.3771360450921009,0.9999913207775002,0.0,0.0,0.6973105468749999,0.0,0,Subject14Activity11Trial1
1.551975,1.016789555414492,1.684495831501593,0.9999658892899447,0.0,0.0,0.6320911458333333,0.0,0,Subject14Activity11Trial1
1.5495249999999998,1.016789555414492,1.736986546271858,0.9999923880133559,0.0,0.0,0.613091796875,0.0,0,Subject14Activity11Trial1
1.5507000000000002,1.0110534110520573,1.7156722587820497,0.9999739356547547,0.0,0.0,0.6587395833333334,0.0,0,Subject14Activity11Trial1
1.5526250000000001,1.0110534110520573,1.6813760029798388,0.9999815504506262,0.0,0.0,0.618677734375,0.0,0,Subject14Activity11Trial1
1.55185,1.0184267278503643,1.2915319955957045,0.9999489598884216,0.0,0.0,0.6044609375000001,0.0,0,Subject14Activity11Trial1
1.55725,1.0184267278503643,1.1126022758337655,0.9999868828871005,1.205128205128205,0.959375,0.6246432291666666,0.0,0,Subject14Activity11Trial1
1.554825,1.0120256913734946,1.403819256622448,0.9999748423074378,1.205128205128205,0.959375,0.6489602864583334,0.0,0,Subject14Activity11Trial1
1.5506249999999997,1.0120256913734946,0.8507998775509336,0.9999910906758942,1.2307692307692308,0.959375,0.6635104166666667,0.0,0,Subject14Activity11Trial1
1.5503,1.0360704609243523,3.2640178014024457,0.999849996958729,1.1538461538461537,0.959375,0.7281438802083333,0.0,0,Subject14Activity11Trial1
1.55525,1.0360704609243523,3.734036732372296,0.9999203292898685,0.0,0.0,0.7346497395833333,0.0,0,Subject14Activity11Trial1
1.56115,1.063081370356945,7.542338080877009,0.9992149287807444,1.2564102564102564,0.959375,0.7413326822916667,0.0,0,Subject14Activity11Trial1
1.5655750000000002,1.063081370356945,8.463694897041762,0.9989215189587256,1.275,0.9583333333333334,0.7800026041666668,0.0,0,Subject14Activity11Trial1
1.5761,1.054452464552101,7.309163666501092,0.9998781826979734,0.6938775510204082,0.49375,1.0232825520833333,0.012499999999999956,0,Subject14Activity11Trial1
1.58125,1.054452464552101,4.855523379713638,0.9999355442333522,0.6049382716049383,0.40520833333333334,1.5531015624999998,0.002083333333333326,0,Subject14Activity11Trial1
1.578825,1.023715292451959,2.015843502258008,0.9999358569812254,0.4457831325301205,0.4114583333333333,1.7887076822916665,0.003124999999999989,0,Subject14Activity11Trial1
1.5762250000000002,1.0208163399946144,2.2730434332921234,0.9999675285505641,0.5308641975308642,0.415625,1.7966002604166669,0.009374999999999967,0,Subject14Activity11Trial1
1.57505,1.0176806964858869,1.9020134037025613,0.9999720623640614,0.6339869281045751,0.49270833333333336,1.8314401041666666,0.06354166666666672,0,Subject14Activity11Trial1
1.573725,1.0153216239202236,1.2542056302155657,0.9999876252213065,1.52,0.49583333333333335,2.142071614583333,0.021875000000000033,0,Subject14Activity11Trial1
1.57575,1.0608468315454405,1.3201098408736414,0.9996371938576589,0.9503105590062112,0.5197916666666667,1.5233763020833335,0.03229166666666672,0,Subject14Activity11Trial1
1.5743,1.0608468315454405,3.7164488364034582,0.999795317866431,0.0,0.0,0.7802584635416667,0.0,0,Subject14Activity11Trial1
1.5652500000000003,1.0128588253058766,1.0294789066202554,0.9999920026676242,0.0,0.0,0.6135839843750001,0.0,0,Subject14Activity11Trial2
1.5622500000000001,1.0128588253058766,1.107004708886599,0.9999998583706938,0.0,0.0,0.5923854166666667,0.0,0,Subject14Activity11Trial2
1.5635000000000001,1.010470682404987,1.5846489574767944,0.999991772381992,0.0,0.0,0.5944941406250001,0.0,0,Subject14Activity11Trial2
1.5637250000000003,1.013313870427125,1.509610242739619,0.9999937067551525,0.8043478260869565,0.9520833333333333,0.694361328125,0.0,0,Subject14Activity11Trial2
1.56275,1.013313870427125,1.4537411996540897,0.9999832117400519,0.31896551724137934,0.5104166666666666,0.9398059895833335,0.0,0,Subject14Activity11Trial2
1.561225,1.0120563225433652,1.1612060168012093,0.9999943326341221,0.8027210884353742,0.521875,1.5482558593750002,0.02604166666666663,0,Subject14Activity11Trial2
1.562875,1.0299252400053123,2.2657552340400926,0.9998983784722184,1.1396648044692737,0.528125,2.5857766927083334,0.03541666666666665,0,Subject14Activity11Trial2
1.57215,1.0299252400053123,2.3594186639092882,0.9999203910683477,1.2197802197802199,0.5270833333333333,2.8947584635416668,0.011458333333333348,0,Subject14Activity11Trial2
1.5741,1.0206968208042975,2.4331617435477497,0.9999689862235384,2.3333333333333335,0.41770833333333335,2.495763020833333,0.0,0,Subject14Activity11Trial2
1.5748499999999999,1.0185072410150062,1.585957236320553,0.9999294769400163,3.1494252873563218,0.409375,2.3255240885416666,0.001041666666666663,0,Subject14Activity11Trial2
1.574425,1.0185072410150062,1.7924592809932847,0.9999454805900897,1.6933333333333334,0.4791666666666667,2.102346354166667,0.13958333333333334,0,Subject14Activity11Trial2
1.57185,1.0173146022740458,1.8525851182594764,0.9999893927027756,1.2012987012987013,0.4791666666666667,1.7994485677083332,0.09895833333333331,0,Subject14Activity11Trial2
1.57415,1.0141784852776161,1.3993409755024189,0.9999947870125128,0.5673076923076923,0.5,1.1388059895833333,0.08124999999999993,0,Subject14Activity11Trial2
1.575225,1.0135127034230997,1.2539934950186407,0.9999877142923047,1.2,0.9583333333333334,0.7768118489583334,0.0,0,Subject14Activity11Trial2
1.573325,1.019522927648025,1.7080376330950102,0.9999835013341736,0.9411764705882353,0.9645833333333333,0.7266575520833333,0.0,0,Subject14Activity11Trial2
1.57035,1.019522927648025,1.8037150862717368,0.9999947469281448,0.8974358974358975,0.959375,0.7072473958333333,0.0,0,Subject14Activity11Trial2
1.5694000000000001,1.0274954987735958,1.2601620968907596,0.9998666358293915,0.0,0.0,0.5842063802083334,0.0,0,Subject14Activity11Trial2
1.571075,1.0573031731721985,3.0178612263179048,0.9995059387064159,0.0,0.0,0.6296217447916667,0.0,0,Subject14Activity11Trial2
1.5700749999999999,1.0573031731721985,3.0178612263179048,0.9999891369766366,0.9210526315789473,0.9604166666666667,0.67481640625,0.0,0,Subject14Activity11Trial2
1.5664500000000001,1.0129210235748887,1.3043412050905516,0.9999931946411336,0.9117647058823529,0.9645833333333333,0.6629420572916667,0.0,0,Subject14Activity11Trial2
1.5654,1.0103890339864146,1.1568540949221813,0.9999974035029794,0.0,0.0,0.6108528645833334,0.0,0,Subject14Activity11Trial2
1.5628499999999999,1.009539003704166,1.2384918932057687,0.9999957352385792,0.0,0.0,0.5632682291666666,0.0,0,Subject14Activity11Trial2
1.56125,1.009539003704166,1.0553937169093146,0.9999964273286202,0.0,0.0,0.6072552083333334,0.0,0,Subject14Activity11Trial2
1.5629750000000002,1.018059919651098,1.0553937169093146,0.9999633109243229,0.8157894736842105,0.9583333333333334,0.6385494791666666,0.0,0,Subject14Activity11Trial2
1.5624750000000003,1.018059919651098,1.2317702786573719,0.9999981013583428,0.8571428571428571,0.95625,0.7048170572916667,0.0,0,Subject14Activity11Trial2
1.5613499999999998,1.0115161886989255,1.2318928209519058,0.9999969402089234,0.9393939393939394,0.9447916666666667,0.6462779947916667,0.0,0,Subject14Activity11Trial2
1.563525,1.01260308117248,1.6530253076547439,0.9999793798205294,0.6190476190476191,0.95625,0.6609225260416667,0.0,0,Subject14Activity11Trial2
1.562675,1.01260308117248,1.7633835386691743,0.9999960773627851,1.0303030303030303,0.965625,0.6738756510416668,0.0,0,Subject14Activity11Trial2
1.5624750000000003,1.010127219710468,1.5105581450869536,0.9999964856226281,0.0,0.0,0.58393359375,0.0,0,Subject14Activity11Trial2
1.5635000000000001,1.0159158429712571,1.4878775517470686,0.9999837359741379,0.0,0.0,0.5635403645833332,0.0,0,Subject14Activity11Trial2
1.566375,1.028634531794456,1.897417350781538,0.999870521185027,1.186046511627907,0.9552083333333333,0.7614088541666666,0.0,0,Subject14Activity11Trial2
1.563475,1.028634531794456,2.278209366615336,0.9999855741265327,1.1162790697674418,0.9552083333333333,0.8192109375,0.0,0,Subject14Activity11Trial2
1.5526250000000001,1.015133981304931,1.1801026458251798,0.9999915323393961,0.8095238095238095,0.9541666666666667,0.7002447916666668,0.0,0,Subject14Activity11Trial2
1.550425,1.0162775211525639,0.9083831977472343,0.9999817975170268,0.8333333333333334,0.95625,0.679345703125,0.0,0,Subject14Activity11Trial2
1.5475999999999999,1.0162775211525639,0.7872439336808341,0.9999565595605062,0.8536585365853658,0.9572916666666667,0.6801022135416667,0.0,0,Subject14Activity11Trial2
1.5435,1.016736445692786,1.7154921068940538,0.9999908993262098,0.0,0.0,0.6116399739583332,0.0,0,Subject14Activity11Trial2
1.54285,1.016736445692786,2.9970515021668973,0.9999824262007768,1.3076923076923077,0.959375,0.691177734375,0.0,0,Subject14Activity11Trial2
1.5400750000000003,1.0174399245164307,2.2755561716689954,0.9999423094563921,1.2564102564102564,0.959375,0.7360690104166666,0.0,0,Subject14Activity11Trial2
1.539175,1.0174399245164307,2.4338353939127657,0.9999890145572998,0.813953488372093,0.9552083333333333,0.7335305989583334,0.0,0,Subject14Activity11Trial2
1.540225,1.0208986237624185,1.3742651578414353,0.9999463482835238,0.7727272727272727,0.9541666666666667,0.7425260416666667,0.0,0,Subject14Activity11Trial2
1.5431000000000001,1.0312254845570876,1.8969954334010666,0.9997622010967707,1.2,0.9583333333333334,0.9197571614583333,0.0,0,Subject14Activity11Trial2
1.549,1.0312254845570876,2.739300742387478,0.9999649332845881,1.175,0.9583333333333334,0.8890520833333333,0.0,0,Subject14Activity11Trial2
1.5502000000000002,1.0443471645003877,3.390227405493526,0.9998245310869589,1.25,0.9583333333333334,0.6967981770833334,0.0,0,Subject14Activity11Trial2
1.5544499999999999,1.0443471645003877,7.172073051985599,0.9999805537008177,1.35,0.9583333333333334,0.717431640625,0.0,0,Subject14Activity11Trial2
1.5680999999999998,1.0152477530140118,8.209142237710893,0.9999808786981682,0.8043478260869565,0.9520833333333333,0.8668756510416668,0.0,0,Subject14Activity11Trial2
1.55865,1.0174320616139438,3.313491469381148,0.9999950276736734,0.8717948717948718,0.8760416666666667,0.7463352864583334,0.0,0,Subject14Activity11Trial3
1.5597249999999998,1.0137583538496735,1.3446966887988268,0.9999972489774411,0.0,0.0,0.6267506510416667,0.0,0,Subject14Activity11Trial3
1.5554999999999999,1.007285461028799,1.038812741277873,0.9999940775181894,0.0,0.0,0.572013671875,0.0,0,Subject14Activity11Trial3
1.5503500000000001,1.007285461028799,1.2223861121126802,0.9999979179973051,0.0,0.0,0.5638209635416667,0.0,0,Subject14Activity11Trial3
1.5488499999999998,1.005100492488189,1.3526884288095644,0.999996515888265,0.0,0.0,0.5694075520833334,0.0,0,Subject14Activity11Trial3
1.5475249999999998,1.0042235806831068,1.4517087844080407,0.9999975701164008,0.0,0.0,0.5971562499999999,0.0,0,Subject14Activity11Trial3
1.5475,1.0068992005161193,1.3189474666652288,0.9999939361650536,0.0,0.0,0.56988671875,0.0,0,Subject14Activity11Trial3
1.5503500000000001,1.0068992005161193,1.2241226061110808,0.999998180291672,0.0,0.0,0.565236328125,0.0,0,Subject14Activity11Trial3
1.54855,1.0051611811048018,1.1284528169801291,0.9999974033954946,0.0,0.0,0.5520169270833334,0.0,0,Subject14Activity11Trial3
1.547,1.0057623973881704,1.1592155228620626,0.9999955556130771,0.0,0.0,0.570125,0.0,0,Subject14Activity11Trial3
1.54995,1.0069046628157006,1.1804417438197206,0.9999967789134432,0.0,0.0,0.5519075520833334,0.0,0,Subject14Activity11Trial3
1.5540749999999999,1.0125620968612246,1.4618214737191408,0.9999817235688521,0.813953488372093,0.9552083333333333,0.6890696614583334,0.0,0,Subject14Activity11Trial3
1.554725,1.0125620968612246,2.841272879580373,0.9999919626748314,2.0,0.95,0.7777096354166667,0.0,0,Subject14Activity11Trial3
1.5556999999999999,1.0578648306849037,5.6030181767082965,0.9990199628728317,0.6989247311827957,0.5864583333333333,0.9618027343750001,0.0,0,Subject14Activity11Trial3
1.5578499999999997,1.0578648306849037,4.962254677063477,0.9999842515539134,0.9746835443037974,0.559375,1.6630540364583335,0.023958333333333304,0,Subject14Activity11Trial3
1.5547999999999997,1.0114356133733873,1.2241845049709994,0.9999968536163052,1.825,0.5583333333333333,1.8172779947916666,0.03333333333333338,0,Subject14Activity11Trial3
1.553175,1.0063528208337273,1.1040034928861289,0.9999950902690773,1.3764705882352941,0.4114583333333333,1.6310904947916665,0.019791666666666652,0,Subject14Activity11Trial3
1.5525749999999998,1.0063528208337273,1.155326122323558,0.9999955884132619,0.5294117647058824,0.4010416666666667,1.539107421875,0.10312500000000002,0,Subject14Activity11Trial3
1.5513249999999998,1.0052725998454348,1.2542781725210546,0.9999966004994324,0.7126436781609196,0.484375,1.0237291666666668,0.08020833333333338,0,Subject14Activity11Trial3
1.554775,1.025394558206742,2.6342926024714117,0.9996627940240278,0.8636363636363636,0.5270833333333333,0.8927278645833333,0.0,0,Subject14Activity11Trial3
1.5583500000000001,1.025394558206742,2.6342926024714117,0.9999885913173364,1.1904761904761905,0.95625,0.7060774739583334,0.0,0,Subject14Activity11Trial3
1.5568,1.0743546900349064,2.9024160441488505,0.9989204811533854,0.0,0.0,0.5874088541666668,0.0,0,Subject14Activity11Trial3
1.5525499999999999,1.0743546900349064,2.9024160441488505,0.9999930936938415,0.0,0.0,0.5883001302083333,0.0,0,Subject14Activity11Trial3
1.55205,1.012045453524692,1.2498206428496417,0.9999989563069052,0.0,0.0,0.5940123697916666,0.0,0,Subject14Activity11Trial3
1.5488499999999998,1.0064248605832429,1.4144498177925442,0.9999922131602005,0.0,0.0,0.5884095052083333,0.0,0,Subject14Activity11Trial3
1.5490249999999999,1.007990575352766,3.43840647071233,0.9998729851368873,1.0789473684210527,0.43125,0.7216660156250001,0.0,0,Subject14Activity11Trial3
1.553525,1.0119001927067708,3.3076228881620224,0.9999630061579476,1.0769230769230769,0.4322916666666667,0.71836328125,0.0,0,Subject14Activity11Trial3
1.5561500000000001,1.0119001927067708,1.6923825446999103,0.9999926879125509,0.0,0.0,0.6621243489583334,0.0,0,Subject14Activity11Trial3
1.5526749999999998,1.0101588983917331,1.2102166395470277,0.9999963653021283,0.0,0.0,0.6189596354166667,0.0,0,Subject14Activity11Trial3
1.550475,1.0068296777509094,1.2504822567701837,0.9999960001039268,0.0,0.0,0.5834531249999999,0.0,0,Subject14Activity11Trial3
1.5490249999999999,1.004532229448115,1.429062425897385,0.9999980988434485,0.0,0.0,0.5877532552083334,0.0,0,Subject14Activity11Trial3
1.5460999999999998,1.0041568602564044,0.7889338077761252,0.9999976502938841,0.0,0.0,0.5724251302083333,0.0,0,Subject14Activity11Trial3
1.5473,1.0049940298330133,1.3434277186436958,0.999995805770186,0.0,0.0,0.5789108072916667,0.0,0,Subject14Activity11Trial3
1.55115,1.0049940298330133,1.3434277186436958,0.9999984405430814,0.0,0.0,0.573970703125,0.0,0,Subject14Activity11Trial3
1.552375,1.0058593341019408,1.637738587711766,0.999991720472762,1.380952380952381,0.95625,0.7157467447916667,0.0,0,Subject14Activity11Trial3
1.54625,1.0058593341019408,1.300245063582679,0.9999941792235433,1.3095238095238095,0.95625,0.79622265625,0.0,0,Subject14Activity11Trial3
1.54555,1.0052626522456705,1.035696505025733,0.99999704866612,0.5742574257425742,0.496875,1.0949778645833335,0.02604166666666663,0,Subject14Activity11Trial3
1.5453499999999998,1.003649839336409,1.035696505025733,0.9999980541609457,1.7439024390243902,0.4041666666666667,1.6404817708333332,0.001041666666666663,0,Subject14Activity11Trial3
1.54415,1.0047034388315788,0.991233357593508,0.9999969718394215,1.4642857142857142,0.4041666666666667,1.9256106770833334,0.007291666666666696,0,Subject14Activity11Trial3
1.5442,1.0047034388315788,0.8973446822547118,0.9999979087477353,1.829268292682927,0.4125,1.59269921875,0.013541666666666674,0,Subject14Activity11Trial3
1.5453,1.0038630384669016,1.0578662378502344,0.9999965509498492,1.558139534883721,0.41041666666666665,1.06934375,0.0,0,Subject14Activity11Trial3
1.5454999999999999,1.0033010515294,1.120712889685187,0.9999975320534648,0.0,0.0,0.6997076822916666,0.0,0,Subject14Activity11Trial3
1.54635,1.0058891589037036,1.2503325463162511,0.9999986492753096,0.0,0.0,0.6626119791666667,0.0,0,Subject14Activity11Trial3
1.5460999999999998,1.0058891589037036,1.2503325463162511,0.9999960765041911,1.043103448275862,0.35625,2.2745032552083333,0.4927083333333334,0,Subject14Activity11Trial3
1.54635,1.006050694547745,1.4416673086310752,0.9999971200136107,1.0176991150442478,0.359375,3.0109251302083333,0.4989583333333334,0,Subject14Activity11Trial3
1.546275,1.006050694547745,1.4749755296552323,0.9999989064261903,0.3629032258064516,0.6166666666666667,1.6762226562500004,0.0,0,Subject14Activity11Trial3
1.544775,1.0055670042319407,1.0654624942643025,0.9999973881500935,0.6263736263736264,0.365625,1.7687923177083333,0.0,0,Subject14Activity11Trial3
1.54395,1.0055670042319407,1.1160018186705543,0.9999991529946042,1.0089285714285714,0.35833333333333334,2.5373053385416666,0.001041666666666663,0,Subject14Activity11Trial3
1.4080000000000001,1.2029979218602167,45.420803029677415,0.9979422974952395,0.9152542372881356,0.6927083333333334,4.323491536458333,0.04062500000000002,0,Subject14Activity1Trial1
1.4733,3.4231310229087053,94.36954858851253,0.47533305879393817,1.7397260273972603,0.6958333333333333,6.607251302083332,0.27604166666666663,1,Subject14Activity1Trial1
1.4142,3.4231310229087053,97.90326836059161,0.9895370420098477,1.853658536585366,0.7864583333333334,4.8872109375,0.060416666666666674,0,Subject14Activity1Trial1
1.1578,1.9439014892735693,15.926489051877695,0.9999774565592809,2.0,0.9302083333333333,0.9936243489583333,0.0,0,Subject14Activity1Trial1
1.1199249999999998,0.9882130337128731,1.2996712966250925,0.9999975498231335,0.0,0.0,0.6080585937499999,0.0,0,Subject14Activity1Trial1
1.113025,0.9708310872649268,0.23139707316377667,0.9999981127431185,0.0,0.0,0.5746282552083334,0.0,0,Subject14Activity1Trial1
1.11715,0.9706173293322141,0.6453832542977977,0.9999989970028541,0.0,0.0,0.587166015625,0.0,0,Subject14Activity1Trial1
1.122825,0.9707347732516848,0.6145052906555577,0.999997908430891,0.0,0.0,0.5733398437500001,0.0,0,Subject14Activity1Trial1
1.416975,1.168816923217661,37.08694682712738,0.9917027749516055,0.6262626262626263,0.690625,3.6254010416666667,0.06562500000000004,0,Subject14Activity1Trial2
1.5479500000000002,3.6387797405174167,49.44502458812789,0.6438870809250329,1.5387205387205387,0.690625,6.506921875000001,0.17708333333333337,1,Subject14Activity1Trial2
1.55385,3.6387797405174167,96.04487128371983,0.830404113729362,1.9409282700421941,0.753125,6.145426432291666,0.05937500000000007,0,Subject14Activity1Trial2
1.23215,3.6387797405174167,96.18785286595838,0.9984212725402335,2.842857142857143,0.9270833333333334,1.4911627604166666,0.0,0,Subject14Activity1Trial2
1.0360999999999998,1.1648424786210365,2.514585926268836,0.9999875745045465,0.0,0.0,0.67344140625,0.0,0,Subject14Activity1Trial2
1.02295,0.9870081053365266,0.3670414413721801,0.9999983862690736,0.0,0.0,0.5598678385416667,0.0,0,Subject14Activity1Trial2
1.0220749999999998,0.9760174178773655,0.18024479744011046,0.9999986281578715,0.0,0.0,0.5319296874999999,0.0,0,Subject14Activity1Trial2
1.022375,0.9769360265646876,0.2660345801906203,0.9999971901084745,0.0,0.0,0.5619003906250001,0.0,0,Subject14Activity1Trial2
1.4608,2.644301609121017,40.9210125683324,0.7049641593837401,1.2,0.6614583333333334,7.403329427083333,0.3343750000000001,1,Subject14Activity1Trial3
1.40265,2.644301609121017,27.775956376333795,0.9928807125091257,2.5584415584415585,0.8395833333333333,5.539633463541667,0.06770833333333337,0,Subject14Activity1Trial3
1.135175,1.2614234023514863,6.119269472473235,0.9999834797294963,0.6589147286821705,0.47604166666666664,1.4143014322916667,0.0,0,Subject14Activity1Trial3
1.12125,0.997140411376452,0.47511996043081695,0.9999983468850889,0.0,0.0,0.6823854166666667,0.0,0,Subject14Activity1Trial3
1.119775,0.9795948141961552,0.15615466755539842,0.9999981631090513,0.5104166666666666,0.5458333333333333,0.8312864583333333,0.0,0,Subject14Activity1Trial3
1.120725,0.9798887691978105,0.20064631404764555,0.9999975970764403,1.0753424657534247,0.49166666666666664,1.2174407552083333,0.027083333333333348,0,Subject14Activity1Trial3
1.1212,0.9798887691978105,0.25381053208880644,0.9999976989291298,1.7708333333333333,0.48125,1.537205078125,0.001041666666666663,0,Subject14Activity1Trial3
1.1193000000000002,0.9795810328911029,0.1829367447390382,0.999998927067617,2.1866666666666665,0.409375,1.6272246093749998,0.030208333333333337,0,Subject14Activity1Trial3
1.584175,3.7105014485915513,115.69158671569821,0.44106469122335434,1.4183673469387754,0.69375,6.148983072916667,0.1802083333333333,0,Subject14Activity2Trial1
1.7354749999999999,3.7105014485915513,115.69158671569821,0.9480277875389277,1.4408602150537635,0.709375,5.406387369791667,0.16145833333333337,0,Subject14Activity2Trial1
1.6478249999999999,1.752605774268703,28.687912409983568,0.9991025892800944,3.8181818181818183,0.9427083333333334,0.9638014322916666,0.0,0,Subject14Activity2Trial1
1.60925,1.065234715919454,0.8374133750979667,0.9999784118433346,0.0,0.0,0.5980729166666666,0.0,0,Subject14Activity2Trial1
1.6140999999999999,1.0027113243601071,0.1894154318166983,0.9999992513250812,0.0,0.0,0.5560924479166667,0.0,0,Subject14Activity2Trial1
1.6135249999999999,0.9948859231087753,0.32627701133309017,0.9999937475456986,0.0,0.0,0.555234375,0.0,0,Subject14Activity2Trial1
1.6138,0.9948859231087753,0.4209403491236827,0.9999994849487478,0.0,0.0,0.5489563802083334,0.0,0,Subject14Activity2Trial1
1.5671500000000003,3.2125729563700185,89.2431647429195,0.6707290264883549,1.3890784982935154,0.6947916666666667,6.417860026041668,0.3041666666666667,1,Subject14Activity2Trial2
1.575575,3.2125729563700185,91.49673162267246,0.9888109635116265,2.0398009950248754,0.790625,4.406048177083333,0.06562500000000004,0,Subject14Activity2Trial2
1.30205,1.6606016981805118,10.657194238040802,0.9998515761199809,1.2258064516129032,0.421875,0.841025390625,0.0,0,Subject14Activity2Trial2
1.289825,1.0124825924429515,0.7088160990956851,0.9999969828978477,0.0,0.0,0.6000833333333334,0.0,0,Subject14Activity2Trial2
1.29085,0.9918361759887567,0.23426212741364338,0.999998227988722,0.0,0.0,0.6045670572916666,0.0,0,Subject14Activity2Trial2
1.291275,0.9884037636512722,0.2394371878694983,0.9999982963159273,0.0,0.0,0.5991796875000001,0.0,0,Subject14Activity2Trial2
1.293275,0.990835506025092,0.3296289403897106,0.999994559729699,0.0,0.0,0.5602350260416668,0.0,0,Subject14Activity2Trial2
1.5629000000000002,3.577002236510344,84.26607921604622,0.5153031437946854,1.42320819112628,0.6947916666666667,6.481554036458332,0.3270833333333333,1,Subject14Activity2Trial3
1.5687250000000001,3.577002236510344,84.85534537213184,0.9538763668153519,1.4230769230769231,0.7291666666666666,4.874392578125,0.11875000000000002,0,Subject14Activity2Trial3
1.3644749999999999,1.9933456800063554,68.9881717077727,0.999934379264845,4.052631578947368,0.940625,1.1462194010416664,0.0,0,Subject14Activity2Trial3
1.357625,1.0233650375110535,0.697278426077645,0.9999977569830618,0.0,0.0,0.5853977864583333,0.0,0,Subject14Activity2Trial3
1.3581500000000002,0.9929657597319255,0.24075297900751025,0.9999990968598772,0.0,0.0,0.5557278645833332,0.0,0,Subject14Activity2Trial3
1.358525,0.9938344932633401,0.2961043439735249,0.9999979253757967,0.0,0.0,0.5620305989583333,0.0,0,Subject14Activity2Trial3
1.359225,0.9938344932633401,0.3480030707252979,0.9999988494089824,0.0,0.0,0.5806289062500001,0.0,0,Subject14Activity2Trial3
1.5641500000000002,4.3913266788067595,101.05692308730102,0.35365368314034235,1.174061433447099,0.6947916666666667,5.310635416666667,0.18020833333333341,0,Subject14Activity3Trial1
1.59585,4.3913266788067595,146.3088493299779,0.96798437190308,1.3167701863354038,0.6645833333333333,7.026634765625,0.171875,1,Subject14Activity3Trial1
1.5487000000000002,1.8127768754041407,49.592147466121,0.9953750720598276,2.1028571428571428,0.8177083333333334,4.243917968749999,0.06562499999999993,1,Subject14Activity3Trial1
1.5603,1.1455884950539614,16.305298444822338,0.9994413147400725,1.7604166666666667,0.8666666666666667,1.8784694010416665,0.07708333333333339,0,Subject14Activity3Trial1
1.5447000000000002,1.0694395728604773,3.5767661410261624,0.9999454818827761,3.5925925925925926,0.9114583333333334,0.7893990885416666,0.0,0,Subject14Activity3Trial1
1.5233500000000002,1.0610287460761842,3.5767661410261624,0.9999754877870977,0.0,0.0,0.6081920572916666,0.0,0,Subject14Activity3Trial1
1.5178250000000002,1.0318076371107165,1.5546603487493655,0.9999977844250372,0.6095238095238096,0.503125,1.165716796875,0.0,0,Subject14Activity3Trial1
1.5177500000000002,1.0260497063982816,1.5531141899867364,0.9999976492755748,0.9435483870967742,0.49583333333333335,1.9369518229166665,0.0031250000000000444,0,Subject14Activity3Trial1
1.3945750000000001,0.9849969543100121,10.446394826742647,0.9841356515599179,0.5714285714285714,0.6645833333333333,3.699907552083333,0.1010416666666667,0,Subject14Activity3Trial2
1.465175,4.5674923097910085,132.91912802987568,0.6745435311561333,1.2732919254658386,0.6645833333333333,6.733069010416666,0.34791666666666665,1,Subject14Activity3Trial2
1.583025,4.5674923097910085,116.44543586732644,0.9735754148812948,1.4782608695652173,0.7125,5.816633463541668,0.07187500000000002,1,Subject14Activity3Trial2
1.5219749999999999,1.4384178808677262,40.762532578396204,0.999404747842557,1.2653061224489797,0.846875,2.0285371093749998,0.014583333333333282,0,Subject14Activity3Trial2
1.4595,1.1412593920752634,7.791595686299459,0.9999606691629722,1.5679012345679013,0.915625,0.8738203125,0.0,0,Subject14Activity3Trial2
1.4428500000000002,1.0264628585584576,2.0365491657020414,0.9999983543820516,0.9444444444444444,0.9625,0.6446126302083333,0.0,0,Subject14Activity3Trial2
1.44115,1.0207360089660793,1.111335709020274,0.9999979357315216,0.8888888888888888,0.9625,0.58857421875,0.0,0,Subject14Activity3Trial2
1.466175,4.559511048347179,114.21540285162651,0.34704046601615324,1.1885714285714286,0.6354166666666666,6.740608723958334,0.3197916666666667,0,Subject14Activity3Trial3
1.56675,4.559511048347179,125.99088710836632,0.9660800534833379,1.1339031339031338,0.634375,7.199317057291667,0.375,1,Subject14Activity3Trial3
1.534525,1.797118805199033,51.90227392835237,0.9977230346148487,1.8428571428571427,0.8541666666666666,3.6318691406250005,0.09687500000000004,0,Subject14Activity3Trial3
1.462075,1.2262732158862477,9.934657493685215,0.9999517053738931,0.632,0.5614583333333333,2.2090755208333333,0.31250000000000006,0,Subject14Activity3Trial3
1.4640749999999998,1.0242743773032694,2.3723059697876536,0.9999709284932019,0.7412587412587412,0.5177083333333333,2.2812473958333337,0.009375000000000022,0,Subject14Activity3Trial3
1.472225,1.01194169792533,1.7454372112574177,0.9999894718950318,1.1288343558282208,0.5322916666666667,2.3109876302083334,0.0,0,Subject14Activity3Trial3
1.479,1.0074606692074883,1.4084041204362023,0.9999984529167905,1.4776119402985075,0.42604166666666665,2.1174212239583334,0.0,0,Subject14Activity3Trial3
1.487625,1.0106794744131296,1.49823263168107,0.9999807249169944,1.4823529411764707,0.40729166666666666,2.699211588541667,0.10937500000000006,0,Subject14Activity3Trial3
1.553675,3.5115206107895762,134.29725659388828,0.42080842991084194,1.569023569023569,0.690625,5.9556875,0.14583333333333337,0,Subject14Activity4Trial1
1.5482750000000003,3.5115206107895762,134.29725659388828,0.9969735538787355,1.5890410958904109,0.6958333333333333,6.339734375000001,0.20625000000000004,1,Subject14Activity4Trial1
1.46325,1.4689731107137394,72.69954968564646,0.9982829399256524,2.9243697478991595,0.8760416666666667,3.6653873697916666,0.043749999999999956,0,Subject14Activity4Trial1
1.4617999999999998,1.0501609400468102,39.61958556838604,0.999948292213851,4.493150684931507,0.9239583333333333,2.085005859375,0.0,0,Subject14Activity4Trial1
1.430225,0.9808802169480226,1.1140503922196672,0.9999791151502663,2.1944444444444446,0.9270833333333334,0.804458984375,0.0,0,Subject14Activity4Trial1
1.4299,0.9647984245426606,1.277753532657698,0.9999977498805064,0.9666666666666667,0.9375,0.8455403645833333,0.0,0,Subject14Activity4Trial1
1.430275,0.9605295414509645,0.800469935138608,0.9999948997520866,1.2857142857142858,0.95625,0.7885110677083333,0.0,0,Subject14Activity4Trial1
1.519275,2.7622183114301446,67.29330847681723,0.6699332355842043,1.242320819112628,0.6947916666666667,5.6105,0.34062499999999996,0,Subject14Activity4Trial2
1.5102,2.7622183114301446,74.98326262567542,0.9912580250176947,1.5204081632653061,0.69375,6.794356770833334,0.04270833333333335,1,Subject14Activity4Trial2
1.5087499999999998,1.4145260690422075,53.359185365890994,0.9998760932032512,2.8076923076923075,0.8916666666666667,2.891789713541667,0.028124999999999956,0,Subject14Activity4Trial2
1.5213249999999998,0.9627066012030873,4.045843848368619,0.9999892341803813,1.3548387096774193,0.9354166666666667,0.9940690104166668,0.0,0,Subject14Activity4Trial2
1.5296249999999998,0.9532586217810988,2.0452909699405097,0.9999961965774135,0.9382716049382716,0.40520833333333334,0.8328964843750001,0.0,0,Subject14Activity4Trial2
1.52925,0.9509810723668478,1.79568485288749,0.9999978699045015,0.0,0.0,0.775701171875,0.0,0,Subject14Activity4Trial2
1.535775,0.9531059752199648,3.0007288367108345,0.999995565273736,0.6643835616438356,0.4979166666666667,1.2511106770833333,0.020833333333333315,0,Subject14Activity4Trial2
1.56955,3.024682627979339,37.230088379064085,0.6839702406773855,1.027027027027027,0.6916666666666667,4.887182942708333,0.32395833333333335,0,Subject14Activity4Trial3
1.53135,3.024682627979339,79.641607852692,0.941382908450376,1.5810810810810811,0.6916666666666667,7.071033203125,0.296875,1,Subject14Activity4Trial3
1.4614249999999998,1.796479056376667,66.26699673652504,0.9987366686225422,3.5365853658536586,0.871875,4.461729166666666,0.006249999999999978,0,Subject14Activity4Trial3
1.583775,1.01083876063396,25.138214594309332,0.9998535914397277,1.9186046511627908,0.9104166666666667,1.7932786458333332,0.0,0,Subject14Activity4Trial3
1.6295000000000002,0.9840132112934257,6.682605787808768,0.999998534649236,0.0,0.0,0.6835305989583333,0.0,0,Subject14Activity4Trial3
1.6256500000000003,0.9600239580343816,1.66764897157978,0.9999975257312683,0.0,0.0,0.5530319010416667,0.0,0,Subject14Activity4Trial3
1.619125,0.9609833505321514,4.8846358751769685,0.9999984232763441,0.0,0.0,0.5844420572916667,0.0,0,Subject14Activity4Trial3
1.6115249999999999,0.9609833505321514,2.653986517366377,0.9999993971414312,0.0,0.0,0.5394049479166667,0.0,0,Subject14Activity4Trial3
1.455975,1.0670304587967487,20.145664350261285,0.9966402919310469,0.6156462585034014,0.69375,3.0772389322916665,0.31875,0,Subject14Activity5Trial1
1.4828999999999999,3.062216517491864,147.23202450029808,0.7455926896253073,1.3057553956834533,0.7104166666666667,5.7644485677083335,0.1802083333333333,1,Subject14Activity5Trial1
1.5137749999999999,3.062216517491864,135.73191331057865,0.9880242247501743,1.8383838383838385,0.79375,4.708610026041667,0.0010416666666666075,0,Subject14Activity5Trial1
1.509375,1.4627426294464791,27.669950543986804,0.9998207194333039,1.425531914893617,0.8864583333333333,1.0946985677083332,0.0,0,Subject14Activity5Trial1
1.4956500000000001,1.0759247185560892,1.2430080837240176,0.9999536764538475,1.0,0.4395833333333333,0.7518313802083333,0.0,0,Subject14Activity5Trial1
1.5107750000000002,1.046350323744395,0.9588223110481664,0.9999949915016314,1.0,0.9625,0.7118014322916666,0.0,0,Subject14Activity5Trial1
1.523275,1.0506774005373867,2.339629183007691,0.9999680612283364,0.9722222222222222,0.9625,0.6755488281250001,0.0,0,Subject14Activity5Trial1
1.530475,1.0506774005373867,2.3594488759110632,0.9999868556522294,0.8181818181818182,0.9541666666666667,0.7062076822916666,0.0,0,Subject14Activity5Trial1
1.41065,1.1031627259837962,36.83290290065737,0.9830226343978785,0.6891891891891891,0.6916666666666667,4.046791666666667,0.22395833333333337,0,Subject14Activity5Trial2
1.55715,4.144160349214301,154.93072823673955,0.7960400170327148,1.3605947955390334,0.7197916666666667,7.609811848958334,0.2895833333333333,1,Subject14Activity5Trial2
1.5950000000000002,4.144160349214301,123.22473201865003,0.9983282584022665,2.210843373493976,0.8270833333333333,6.251391927083334,0.27083333333333326,1,Subject14Activity5Trial2
1.443725,1.1863431206864228,12.600889239275652,0.999962961571477,0.8711656441717791,0.48854166666666665,2.2301627604166665,0.006250000000000033,0,Subject14Activity5Trial2
1.4504249999999999,1.0477413803033646,1.6915866639452837,0.9999984132725711,0.5569620253164557,0.43020833333333336,1.0030983072916668,0.0,0,Subject14Activity5Trial2
1.4491749999999999,1.033418598632713,0.8273472174807992,0.9999985931116921,0.0,0.0,0.7529765625,0.0,0,Subject14Activity5Trial2
1.450875,1.031188149660381,0.6882465844858423,0.9999989699107311,0.96875,0.8625,0.6774173177083334,0.0,0,Subject14Activity5Trial2
1.45425,1.0341851865115843,0.9423479905218066,0.9999853393639246,1.0689655172413792,0.8677083333333333,0.6253072916666667,0.0,0,Subject14Activity5Trial2
1.404725,1.2103259891450733,31.165414601572124,0.9727489455929965,0.7815699658703071,0.6947916666666667,3.879050130208333,0.06562499999999993,0,Subject14Activity5Trial3
1.4621749999999998,2.702975027631591,143.10545981425776,0.851645930059541,1.3020833333333333,0.7,5.235496744791666,0.25625,1,Subject14Activity5Trial3
1.4714500000000001,2.702975027631591,95.06921956884156,0.9908165272635353,2.6621621621621623,0.8458333333333333,3.150805338541667,0.004166666666666652,0,Subject14Activity5Trial3
1.4193500000000001,1.3855107361547223,10.035725760316936,0.9998369041539639,0.0,0.0,0.8333756510416667,0.0,0,Subject14Activity5Trial3
1.4538499999999999,1.0866048039650846,1.2400333277852766,0.9999935150805789,0.0,0.0,0.6389010416666667,0.0,0,Subject14Activity5Trial3
1.4551500000000002,1.0492897597899256,0.7288399681321387,0.9999967846427334,0.0,0.0,0.6567760416666666,0.0,0,Subject14Activity5Trial3
1.4523,1.0480939843353743,1.0498931598107824,0.999997382340217,0.0,0.0,0.6254342447916666,0.0,0,Subject14Activity5Trial3
1.345375,1.2579769473245523,61.24616440520433,0.9968731126161295,5.661016949152542,0.9385416666666667,2.8720182291666663,0.03125,0,Subject15Activity11Trial1
1.273725,1.0753650542955167,47.06359480626516,0.9969478892093406,5.305084745762712,0.9385416666666667,2.0285859375,0.018749999999999933,0,Subject15Activity11Trial1
1.200025,1.2339546182903163,32.024276000032856,0.9780426109693827,3.6363636363636362,0.9427083333333334,1.6911848958333333,0.013541666666666674,0,Subject15Activity11Trial1
1.1598249999999999,1.2339546182903163,22.98811999325342,0.9994471961582391,3.107142857142857,0.9416666666666667,1.785984375,0.014583333333333393,0,Subject15Activity11Trial1
1.16125,1.2339546182903163,20.168248517166106,0.9973693729207478,2.8545454545454545,0.9427083333333334,1.3897018229166667,0.0,0,Subject15Activity11Trial1
1.2658999999999998,1.1092957225194733,42.72275730362435,0.9970297716963265,5.627118644067797,0.9385416666666667,1.6823828124999998,0.018749999999999933,0,Subject15Activity11Trial1
1.2952,1.063508345054236,35.97650404566939,0.9997877372068453,5.1525423728813555,0.9385416666666667,2.0648756510416666,0.012499999999999956,0,Subject15Activity11Trial1
1.1729749999999999,1.0216667754214188,21.032136236042376,0.9991747583984625,3.581818181818182,0.9427083333333334,1.5242083333333336,0.0,0,Subject15Activity11Trial1
1.119125,1.0216667754214188,11.708742705624914,0.9997457932146044,2.9215686274509802,0.946875,1.2297884114583335,0.0,0,Subject15Activity11Trial1
1.111075,0.982459159456514,12.421459879689237,0.999912709821444,3.2888888888888888,0.953125,1.0681640625,0.0,0,Subject15Activity11Trial1
1.1094249999999999,0.9853958595407228,9.953387282566453,0.9998517876518915,0.0,0.0,0.8845709635416666,0.0,0,Subject15Activity11Trial1
1.1145,0.9853958595407228,5.714557380177467,0.9999984227964127,0.0,0.0,0.8362369791666666,0.0,0,Subject15Activity11Trial1
1.120925,0.9696602497782406,1.2379838632020892,0.9999975389152818,0.0,0.0,0.7498717447916666,0.0,0,Subject15Activity11Trial1
1.11895,0.9666276428904772,1.4124265525588697,0.9999932180536323,0.0,0.0,0.7357662760416666,0.0,0,Subject15Activity11Trial1
1.1145749999999999,0.9666276428904772,1.4124265525588697,0.999997021383308,0.0,0.0,0.7352005208333333,0.0,0,Subject15Activity11Trial1
1.1048000000000002,0.966753846643498,2.3760152831972903,0.9999961068941601,0.0,0.0,0.7434713541666667,0.0,0,Subject15Activity11Trial1
1.1097,0.966753846643498,2.3760152831972903,0.9999982579834933,0.0,0.0,0.7333808593750001,0.0,0,Subject15Activity11Trial1
1.119875,0.9650580293433136,2.0171907492556613,0.9999995760609893,0.0,0.0,0.7305006510416667,0.0,0,Subject15Activity11Trial1
1.121975,0.9643749270900814,1.4800855524886316,0.9999982168886772,0.0,0.0,0.7378561197916665,0.0,0,Subject15Activity11Trial1
1.1233749999999998,0.9641685537290666,1.6019105146960015,0.9999994391981791,0.0,0.0,0.7341087239583335,0.0,0,Subject15Activity11Trial1
1.12415,0.9712229404209931,9.355161977174916,0.9998984806103297,0.0,0.0,0.7810592447916667,0.0,0,Subject15Activity11Trial1
1.1366749999999999,0.9753445545036892,10.090644388661886,0.9999918908789515,0.0,0.0,0.8175520833333334,0.0,0,Subject15Activity11Trial1
1.1287749999999999,0.9753445545036892,5.921599080539167,0.9999948224380709,0.0,0.0,0.757599609375,0.0,0,Subject15Activity11Trial1
1.099,0.9612751947283358,2.094700735253383,0.9999994385349523,0.0,0.0,0.7281777343750001,0.0,0,Subject15Activity11Trial1
1.0966749999999998,0.9612751947283358,1.3140266945470103,0.9999992455329897,0.0,0.0,0.754392578125,0.0,0,Subject15Activity11Trial1
1.0997,0.9619303509090458,1.3159044918710094,0.9999970066770433,0.0,0.0,0.747873046875,0.0,0,Subject15Activity11Trial1
1.096125,0.9619303509090458,1.3735661950152434,0.999999036069536,0.0,0.0,0.7333749999999999,0.0,0,Subject15Activity11Trial1
1.0980750000000001,0.9613126442526385,0.7752735005438893,0.9999991465569534,0.0,0.0,0.729916015625,0.0,0,Subject15Activity11Trial1
1.09795,0.9607502276866761,0.8974240453240867,0.9999987120555985,0.0,0.0,0.7314882812500001,0.0,0,Subject15Activity11Trial1
1.0902249999999998,0.9715420732011558,2.3464967965773127,0.9999563070460135,0.0,0.0,0.7346412760416665,0.0,0,Subject15Activity11Trial1
1.091275,0.9715420732011558,3.712328514122177,0.9999961843816814,0.0,0.0,0.7359589843750001,0.0,0,Subject15Activity11Trial1
1.1009499999999999,0.965132633372222,1.312966006572026,0.9999997625815631,0.0,0.0,0.7267877604166666,0.0,0,Subject15Activity11Trial1
1.1035,0.9624125934338141,1.1869039881314905,0.9999985464343314,0.0,0.0,0.7304016927083332,0.0,0,Subject15Activity11Trial1
1.1001249999999998,0.9687486774184519,1.8721611298268641,0.9999766205946625,0.0,0.0,0.746220703125,0.0,0,Subject15Activity11Trial1
1.0942249999999998,0.9687486774184519,1.984849202562529,0.9999940030016593,0.0,0.0,0.7593684895833334,0.0,0,Subject15Activity11Trial1
1.092075,0.9655806543215331,1.1407021292515083,0.9999957136751871,0.0,0.0,0.7377916666666666,0.0,0,Subject15Activity11Trial1
1.0913,0.9643448553292541,1.4857051488376385,0.999998879725158,0.0,0.0,0.731158203125,0.0,0,Subject15Activity11Trial1
1.0924,0.9636705868708456,1.3047940436391912,0.9999993133220172,0.0,0.0,0.7312493489583334,0.0,0,Subject15Activity11Trial1
1.0970749999999998,0.963180668410657,1.4238807019551132,0.9999987779721963,0.0,0.0,0.73121484375,0.0,0,Subject15Activity11Trial1
1.0858249999999998,0.9734901129441428,4.094941562722795,0.9999508234599463,0.0,0.0,0.7574283854166667,0.0,0,Subject15Activity11Trial1
1.084975,0.9734901129441428,4.578758397067901,0.9999905941749103,0.0,0.0,0.7837194010416667,0.0,0,Subject15Activity11Trial1
1.098,0.967618726565376,2.08499668639287,0.999999461769922,0.0,0.0,0.76067578125,0.0,0,Subject15Activity11Trial1
1.0971249999999997,0.963947093983897,1.0727962162965952,0.9999996636352614,0.0,0.0,0.74169140625,0.0,0,Subject15Activity11Trial1
1.097925,0.9627948898908842,0.9510478400379014,0.9999997708509328,0.0,0.0,0.7618710937500001,0.0,0,Subject15Activity11Trial1
1.1008,0.970585390370162,3.611147707613,0.999989004137592,0.0,0.0,0.8500657552083334,0.0,0,Subject15Activity11Trial1
1.104575,0.970585390370162,3.611147707613,0.999999401992607,0.0,0.0,0.8542018229166667,0.0,0,Subject15Activity11Trial1
1.10155,0.9697180002454321,3.324413181848385,0.9999845922903463,0.0,0.0,0.811921875,0.0,0,Subject15Activity11Trial1
1.1248,0.9866686373854192,13.070862721212677,0.9998435063884352,2.507936507936508,0.934375,1.403732421875,0.0,0,Subject15Activity11Trial1
1.1714499999999999,0.9866686373854192,13.325600258598044,0.9999699508963803,2.5737704918032787,0.9364583333333333,1.4644375,0.0,0,Subject15Activity11Trial1
1.117075,1.009439943731176,10.474062332486895,0.9998179240141926,0.0,0.0,0.8143092447916667,0.0,0,Subject15Activity11Trial2
1.1159500000000002,0.9903115671343035,10.960647731286628,0.9999904992516935,0.0,0.0,0.8126731770833333,0.0,0,Subject15Activity11Trial2
1.154925,0.9903115671343035,1.1326637624104166,0.9999996497123532,0.0,0.0,0.759037109375,0.0,0,Subject15Activity11Trial2
1.1597000000000002,0.9683150313818328,0.8236477463970857,0.9999996993190845,0.0,0.0,0.7392291666666667,0.0,0,Subject15Activity11Trial2
1.163025,0.9688328029128658,0.6557374516765861,0.9999994013656024,0.0,0.0,0.7371673177083333,0.0,0,Subject15Activity11Trial2
1.1541000000000001,0.9691666523359127,0.8785256883004138,0.9999993911736017,0.0,0.0,0.7373821614583334,0.0,0,Subject15Activity11Trial2
1.1533499999999999,0.9691666523359127,0.6981188752635461,0.9999997062480549,0.0,0.0,0.7433098958333334,0.0,0,Subject15Activity11Trial2
1.163275,0.9684105534327886,0.6282378743239576,0.9999992510606475,0.0,0.0,0.7371432291666666,0.0,0,Subject15Activity11Trial2
1.159525,0.9687135799605577,0.7452012600352731,0.9999991164820033,0.0,0.0,0.7383763020833334,0.0,0,Subject15Activity11Trial2
1.1545,0.9690309592577524,0.5905620953888757,0.9999994965978393,0.0,0.0,0.7478834635416667,0.0,0,Subject15Activity11Trial2
1.1606,0.9690309592577524,0.7623945756501769,0.9999994455601217,0.0,0.0,0.7304108072916666,0.0,0,Subject15Activity11Trial2
1.1616500000000003,0.9683047041091971,0.6449992632570769,0.9999996749760902,0.0,0.0,0.7260130208333333,0.0,0,Subject15Activity11Trial2
1.157625,0.9689654276598314,0.6239025006275369,0.9999995611462927,0.0,0.0,0.72705859375,0.0,0,Subject15Activity11Trial2
1.16165,0.9689654276598314,0.6980907406182411,0.9999996585193036,0.0,0.0,0.7248997395833333,0.0,0,Subject15Activity11Trial2
1.161375,0.96905985367262,0.6582593589320282,0.9999987686173741,0.0,0.0,0.7200904947916666,0.0,0,Subject15Activity11Trial2
1.161575,0.96905985367262,0.5346580462239814,0.9999994293536164,0.0,0.0,0.71894921875,0.0,0,Subject15Activity11Trial2
1.1600750000000002,0.9684508247711909,0.6383589941071222,0.9999993372315968,0.0,0.0,0.7170104166666667,0.0,0,Subject15Activity11Trial2
1.155675,0.9684508247711909,0.6363159456865048,0.9999995398062997,0.0,0.0,0.7301790364583334,0.0,0,Subject15Activity11Trial2
1.160925,0.9686124095839367,0.8136200159555358,0.9999991996536679,0.0,0.0,0.7211725260416666,0.0,0,Subject15Activity11Trial2
1.1561999999999997,0.9691057733808007,0.9272512670766844,0.9999994230359914,0.0,0.0,0.7191230468750001,0.0,0,Subject15Activity11Trial2
1.1504999999999999,0.9691057733808007,0.5815553184854139,0.9999996757803534,0.0,0.0,0.726513671875,0.0,0,Subject15Activity11Trial2
1.157125,0.9690846196282346,1.289101959170253,0.9999998113809547,0.0,0.0,0.7495703125000001,0.0,0,Subject15Activity11Trial2
1.1587,0.9688291903116875,1.069341350731321,0.9999995943225788,0.0,0.0,0.8977428385416667,0.0,0,Subject15Activity11Trial2
1.1534749999999998,0.9688291903116875,1.0610809052376027,0.9999997043553505,0.5987654320987654,0.48333333333333334,1.9757910156249998,0.017708333333333326,0,Subject15Activity11Trial2
1.1583999999999999,0.968671254864105,0.821171348622812,0.9999997392266312,1.3241379310344827,0.459375,2.107892578125,0.006249999999999978,0,Subject15Activity11Trial2
1.1626249999999998,0.9684508247711909,0.8163634887129092,0.9999996812672657,1.4827586206896552,0.39895833333333336,1.1377389322916667,0.001041666666666663,0,Subject15Activity11Trial2
1.156475,0.968896795329616,0.7664901648178244,0.9999996575552146,0.8795180722891566,0.390625,1.0214511718750001,0.0,0,Subject15Activity11Trial2
1.16025,0.968896795329616,0.9390008775954186,0.9999995218743983,0.891566265060241,0.3927083333333333,1.0754453125,0.0,0,Subject15Activity11Trial2
1.1638,0.9688374476660158,0.8749478987409276,0.9999994657232149,0.43529411764705883,0.3927083333333333,0.8833958333333334,0.0,0,Subject15Activity11Trial2
1.15075,0.9693678352410915,0.8745744098287531,0.9999995140864196,0.0,0.0,0.7556119791666667,0.0,0,Subject15Activity11Trial2
1.145225,0.9693678352410915,0.4584520392253637,0.9999992521460108,0.0,0.0,0.7487734374999999,0.0,0,Subject15Activity11Trial2
1.155125,0.9692620904585095,1.349876948635071,0.9999984368235008,0.0,0.0,0.752064453125,0.0,0,Subject15Activity11Trial2
1.159525,0.9692620904585095,1.1170893124289734,0.999999303421576,0.0,0.0,0.7508196614583332,0.0,0,Subject15Activity11Trial2
1.1534749999999998,0.9691666523359127,1.4175160926834849,0.9999994493600085,0.0,0.0,0.7603697916666666,0.0,0,Subject15Activity11Trial2
1.14185,0.9692708599767146,0.643554395660459,0.9999999041343365,0.0,0.0,0.7562649739583334,0.0,0,Subject15Activity11Trial2
1.1440249999999998,0.9692708599767146,0.5860908361164832,0.9999997341546026,0.0,0.0,0.7533782552083333,0.0,0,Subject15Activity11Trial2
1.1591,0.9691099008884388,1.1817419369022417,0.999997974856023,0.0,0.0,0.7739322916666667,0.0,0,Subject15Activity11Trial2
1.1664249999999998,0.9684384337685076,0.7775293874756954,0.9999997471166042,0.0,0.0,0.79814453125,0.0,0,Subject15Activity11Trial2
1.157875,0.969384340702902,0.992666475204345,0.9999994060641532,0.5869565217391305,0.5479166666666667,1.0269036458333332,0.0,0,Subject15Activity11Trial2
1.145575,0.969384340702902,0.584896757155903,0.9999998441136672,1.1049382716049383,0.4895833333333333,1.7528619791666666,0.004166666666666763,0,Subject15Activity11Trial2
1.1513749999999998,0.9693110955725205,0.6405393098157646,0.9999994760126781,1.1160220994475138,0.5010416666666667,2.863261067708333,0.030208333333333337,0,Subject15Activity11Trial2
1.16395,0.9689360143992997,0.8229401884193948,0.9999993809348469,1.481081081081081,0.49270833333333336,3.302831380208333,0.013541666666666674,0,Subject15Activity11Trial2
1.1609000000000003,0.9689360143992997,1.0033993498149272,0.9999997769911606,0.5514511873350924,0.4239583333333333,6.936626302083333,0.11979166666666669,0,Subject15Activity11Trial2
1.1450749999999998,0.969899479327626,0.7627685957401127,0.9999995354394624,0.6453333333333333,0.4197916666666667,5.856286458333332,0.11562499999999998,0,Subject15Activity11Trial2
1.141425,0.969899479327626,0.5267905297682631,0.9999996551282778,0.3419811320754717,0.46875,4.371465494791666,0.0,0,Subject15Activity11Trial2
1.1548500000000002,0.9695555682888939,0.9295663109171528,0.9999994825711429,0.33564814814814814,0.46041666666666664,6.547764322916666,0.016666666666666663,0,Subject15Activity11Trial2
1.162725,0.9683955803286175,0.7004773414068808,0.9999993549062736,0.7409638554216867,0.41041666666666665,5.9620325520833335,0.0,0,Subject15Activity11Trial2
1.1508249999999998,0.96945654879422,0.8780949649253387,0.9999997406273049,0.4954954954954955,0.4708333333333333,4.737430338541667,0.14687499999999998,0,Subject15Activity11Trial2
1.134725,0.9699139137057473,0.2912743967261946,0.9999995942801198,0.3434343434343434,0.49583333333333335,3.2705319010416667,0.0,0,Subject15Activity11Trial2
1.1373499999999999,0.9703051066546028,0.39612415408203105,0.9999996437013993,1.1038062283737025,0.6114583333333333,6.929530598958334,0.06874999999999998,0,Subject15Activity11Trial3
1.132625,0.9702602743594112,0.2951362371324393,0.9999998227891255,0.9965277777777778,0.6125,5.532637369791667,0.01041666666666674,0,Subject15Activity11Trial3
1.146725,0.9702602743594112,0.5793406885382097,0.9999994801801435,1.2166666666666666,0.51875,3.438910807291667,0.014583333333333337,0,Subject15Activity11Trial3
1.1613749999999998,0.9691238310969346,0.9987178214808239,0.9999997269955364,0.8292682926829268,0.5020833333333333,2.418083333333333,0.00520833333333337,0,Subject15Activity11Trial3
1.16795,0.9681373869446422,0.5833036706568748,0.9999997565850736,0.5736434108527132,0.484375,1.8408444010416667,0.02812500000000001,0,Subject15Activity11Trial3
1.1667999999999998,0.968246352949496,0.5288919232041849,0.999999554870311,0.5096153846153846,0.59375,1.8474225260416666,0.0,0,Subject15Activity11Trial3
1.1552,0.9688885384810783,0.8105617655749882,0.9999993099892537,0.5341614906832298,0.4114583333333333,2.274024739583333,0.38645833333333335,0,Subject15Activity11Trial3
1.149475,0.9695076069840813,0.35292455483482854,0.9999989214777621,0.7650273224043715,0.43020833333333336,2.541014973958333,0.35000000000000003,0,Subject15Activity11Trial3
1.1595749999999998,0.9695076069840813,0.6338801330041974,0.9999995370099813,1.1901840490797546,0.48854166666666665,3.0032278645833332,0.024999999999999967,0,Subject15Activity11Trial3
1.1678250000000001,0.9687202898669977,0.5741151916899412,0.999999351867032,1.575,0.49583333333333335,3.2157734374999998,0.02083333333333337,0,Subject15Activity11Trial3
1.166575,0.9680387388942655,0.5935163135895749,0.9999996009705947,1.3397435897435896,0.5,2.3191549479166667,0.038541666666666696,0,Subject15Activity11Trial3
1.1601,0.9687399031731891,0.5831992064658351,0.9999991043548381,1.2946428571428572,0.51875,1.3780266927083333,0.009374999999999911,0,Subject15Activity11Trial3
1.16175,0.9687399031731891,0.6264926934974966,0.9999989120572562,1.1090909090909091,0.5208333333333334,1.10981640625,0.04583333333333334,0,Subject15Activity11Trial3
1.1645999999999999,0.968530329932935,0.5684875565330003,0.9999996568220489,0.0,0.0,0.8728847656250001,0.0,0,Subject15Activity11Trial3
1.159825,0.969191415562478,0.526165294100366,0.9999984398472361,0.0,0.0,0.7295937499999999,0.0,0,Subject15Activity11Trial3
1.1634499999999999,0.969191415562478,0.5916498095184011,0.9999992081542692,0.0,0.0,0.634328125,0.0,0,Subject15Activity11Trial3
1.166975,0.968486448020828,0.5342148786687346,0.9999990345484979,0.34146341463414637,0.5145833333333333,0.775958984375,0.0,0,Subject15Activity11Trial3
1.158375,0.9693033580876524,0.6953231791977572,0.9999993129948487,0.6408450704225352,0.49166666666666664,1.1227037760416667,0.011458333333333348,0,Subject15Activity11Trial3
1.1587749999999999,0.9693033580876524,0.7000768566727515,0.9999997699791855,0.6290322580645161,0.48125,0.9868691406250001,0.0,0,Subject15Activity11Trial3
1.1664750000000002,0.9685360086233241,0.34512079022374564,0.9999991970255007,0.0,0.0,0.6489290364583333,0.0,0,Subject15Activity11Trial3
1.1595749999999998,0.9690634654139015,0.7541961925600873,0.9999996523718178,0.3142857142857143,0.5302083333333333,0.7298782552083334,0.0,0,Subject15Activity11Trial3
1.1536499999999998,0.9690634654139015,0.45559024045307694,0.9999996393007688,0.6326530612244898,0.6052083333333333,0.7438574218749999,0.0,0,Subject15Activity11Trial3
1.1611,0.9687749996774276,0.766531938779849,0.9999995220094264,0.0,0.0,0.6261569010416668,0.0,0,Subject15Activity11Trial3
1.1612749999999998,0.9687146122568813,1.0678375813070318,0.9999992846324818,0.0,0.0,0.5813450520833333,0.0,0,Subject15Activity11Trial3
1.157575,0.9687146122568813,1.190211315211556,0.9999997967734311,0.0,0.0,0.583466796875,0.0,0,Subject15Activity11Trial3
1.149475,0.9687321611260772,1.2348960456571234,0.9999999112145285,0.0,0.0,0.5704251302083333,0.0,0,Subject15Activity11Trial3
1.1383500000000002,0.9700360818031462,0.4155457231762796,0.9999999050244527,0.0,0.0,0.5844635416666667,0.0,0,Subject15Activity11Trial3
1.14435,0.9700360818031462,0.3536527899620836,0.999999502683943,0.0,0.0,0.5833072916666666,0.0,0,Subject15Activity11Trial3
1.159025,0.9692332020726487,0.641545805056225,0.9999994595593865,0.0,0.0,0.57572265625,0.0,0,Subject15Activity11Trial3
1.1672749999999998,0.9680547505177587,0.5811757526940937,0.9999997514675143,0.0,0.0,0.5813255208333333,0.0,0,Subject15Activity11Trial3
1.1633,0.9679261335453238,0.6440095486572943,0.9999998600236366,0.0,0.0,0.5797005208333333,0.0,0,Subject15Activity11Trial3
1.15335,0.9690990661433948,0.6575532580128112,0.9999994507693718,0.0,0.0,0.571625,0.0,0,Subject15Activity11Trial3
1.1542749999999997,0.9690990661433948,0.4880450700493384,0.9999995199746362,0.0,0.0,0.5638821614583334,0.0,0,Subject15Activity11Trial3
1.1641749999999997,0.9690304432782285,0.7632111373714281,0.999999857302282,0.0,0.0,0.5639309895833333,0.0,0,Subject15Activity11Trial3
1.164475,0.9678527780607957,0.593930188904551,0.9999998743001401,0.0,0.0,0.5654609374999999,0.0,0,Subject15Activity11Trial3
1.1614499999999999,0.9689979360143136,0.5382384030293963,0.9999992338378302,0.0,0.0,0.5735904947916666,0.0,0,Subject15Activity11Trial3
1.165725,0.9689979360143136,0.5932986771824744,0.9999996303032473,0.0,0.0,0.5755423177083333,0.0,0,Subject15Activity11Trial3
1.166225,0.9681291236193651,0.6459108550663615,0.9999990756682016,0.0,0.0,0.6003756510416667,0.0,0,Subject15Activity11Trial3
1.1599499999999998,0.9688002890172979,0.5800907940544846,0.9999992400394153,0.0,0.0,0.5752871093749999,0.0,0,Subject15Activity11Trial3
1.1618249999999999,0.9688002890172979,0.5868241595372012,0.9999997405787482,0.0,0.0,0.5839075520833333,0.0,0,Subject15Activity11Trial3
1.1670499999999997,0.9681373869446422,0.5958723138107871,0.9999995893949961,0.0,0.0,0.5739108072916668,0.0,0,Subject15Activity11Trial3
1.1656,0.9674657616680808,0.5312920236350323,0.9999998679701391,0.0,0.0,0.5700657552083334,0.0,0,Subject15Activity11Trial3
1.15685,0.9692378449070176,0.8682304372129863,0.999999328304584,0.0,0.0,0.5758333333333334,0.0,0,Subject15Activity11Trial3
1.1534499999999999,0.9692378449070176,0.45854168325462297,0.9999990759652783,0.0,0.0,0.5873138020833334,0.0,0,Subject15Activity11Trial3
1.1618249999999999,0.9687027407827439,0.8772195283131339,0.9999998963587676,0.0,0.0,0.5960455729166666,0.0,0,Subject15Activity11Trial3
1.163575,0.9685215537095703,0.8783956989923354,0.9999996159835827,0.0,0.0,0.6383287760416667,0.0,0,Subject15Activity11Trial3
1.15055,0.96945654879422,0.8186312056009086,0.9999996072484333,0.38636363636363635,0.5270833333333333,1.2055748697916666,0.0,0,Subject15Activity11Trial3
1.1367999999999998,0.9695055440790423,0.46200483221517175,0.9999995352377107,1.0743801652892562,0.5322916666666667,1.8567337239583335,0.004166666666666652,0,Subject15Activity11Trial3
1.1399,0.9695055440790423,0.3434438263027886,0.999999131920483,0.6172839506172839,0.48541666666666666,1.8289557291666667,0.028125000000000067,0,Subject15Activity11Trial3
1.15425,0.9693157380337947,0.7563467867221618,0.9999992445309905,0.5031055900621118,0.48020833333333335,1.1823619791666666,0.0,0,Subject15Activity11Trial3
1.1630500000000001,0.9690273473953147,0.9241980541966512,0.9999996865944664,0.6082474226804123,0.4114583333333333,1.0077747395833332,0.0,0,Subject15Activity11Trial3
1.163575,0.9681079485264027,0.6964259922811777,0.9999997196695045,0.82,0.4166666666666667,1.8675618489583332,0.0,0,Subject15Activity11Trial3
1.1558499999999998,0.9691666523359127,0.752535441227721,0.9999996080496216,0.8970588235294118,0.45,2.3561302083333335,0.0,0,Subject15Activity11Trial3
1.14235,0.969500386797241,0.4687290379132065,0.999999814354684,0.0,0.0,1.966783854166667,0.0,0,Subject15Activity11Trial3
1.6834249999999997,2.8871205378369638,83.56260711537188,0.5338651255424645,1.3186813186813187,0.715625,5.806686848958333,0.19270833333333337,0,Subject15Activity1Trial1
1.496375,2.8871205378369638,84.75719563871401,0.9959415923313985,2.349726775956284,0.809375,3.385267578125,0.06874999999999998,0,Subject15Activity1Trial1
1.2276,1.2635465958958538,12.542159949701272,0.9997471445559,2.2549019607843137,0.946875,1.0890839843750002,0.0,0,Subject15Activity1Trial1
1.2492750000000001,1.0050646745359226,2.6748776286726184,0.9992612049298344,1.75,0.9291666666666667,1.06837890625,0.0,0,Subject15Activity1Trial1
1.2368000000000001,1.0050646745359226,1.8996162400987942,0.9998676144229808,1.7761194029850746,0.9302083333333333,1.0843515625,0.0,0,Subject15Activity1Trial1
1.254625,0.993166149241908,1.7818970757042507,0.9999369221080353,0.0,0.0,0.8750475260416668,0.0,0,Subject15Activity1Trial1
1.267875,0.9809775736478383,1.272538634670184,0.9999962502813818,0.0,0.0,0.723080078125,0.0,0,Subject15Activity1Trial1
1.2657,0.9671080601463313,0.6850582601534541,0.9999930568360731,0.0,0.0,0.6946634114583333,0.0,0,Subject15Activity1Trial1
1.496975,3.531252893804124,69.08304470470149,0.9495809397103286,1.450199203187251,0.7385416666666667,6.0116282552083335,0.27812499999999996,1,Subject15Activity1Trial2
1.171125,1.5926145170756167,40.642670726044855,0.9997871833741038,3.6530612244897958,0.8979166666666667,3.1214042968749998,0.11458333333333337,0,Subject15Activity1Trial2
1.201,1.0374916867136816,3.966913695268744,0.9997504652408915,1.0904255319148937,0.5166666666666667,2.7346536458333337,0.004166666666666652,0,Subject15Activity1Trial2
1.216875,0.9978907755861861,3.5661795688074847,0.9999709433482298,1.2625,0.48541666666666666,2.09262109375,0.0,0,Subject15Activity1Trial2
1.2260750000000002,0.9805901284430718,2.097164783886967,0.9999951259780268,1.3048780487804879,0.48125,1.9944036458333332,0.0,0,Subject15Activity1Trial2
1.2210750000000001,0.9797106715760525,1.1893381071745068,0.999976065215039,2.2795698924731185,0.403125,2.1332473958333336,0.0,0,Subject15Activity1Trial2
1.21815,0.9797106715760525,1.2652012384063198,0.9999796358493808,2.182795698924731,0.403125,2.0120488281249997,0.0,0,Subject15Activity1Trial2
1.5815249999999998,3.4207212689723785,87.3268454352366,0.9398891491115574,1.1054313099041533,0.6739583333333333,5.154429036458334,0.2895833333333334,0,Subject15Activity1Trial3
1.28,2.012493229802277,25.221257872259457,0.9999885876268774,2.5205479452054793,0.9239583333333333,2.3636809895833335,0.055208333333333304,0,Subject15Activity1Trial3
1.22985,0.996323742565638,2.243762976581735,0.9997441781500217,1.303030303030303,0.5020833333333333,2.10975,0.005208333333333315,0,Subject15Activity1Trial3
1.2276250000000002,0.996323742565638,2.0234652942239677,0.9999577901110787,1.0352112676056338,0.5166666666666667,2.3353235677083335,0.012500000000000067,0,Subject15Activity1Trial3
1.228,0.9807757134024068,1.7102716217974887,0.9999515856089003,0.9210526315789473,0.4875,1.6724342447916665,0.025000000000000022,0,Subject15Activity1Trial3
1.2301499999999999,0.975552151348148,1.3240401363269427,0.9999926729590436,0.4482758620689655,0.49583333333333335,0.904173828125,0.0,0,Subject15Activity1Trial3
1.2282250000000001,0.968259262801033,0.658266421365397,0.9999975414865472,0.0,0.0,0.6480696614583333,0.0,0,Subject15Activity1Trial3
1.608175,2.998967488986835,96.2103825406077,0.9775072094148678,1.4448529411764706,0.7166666666666667,5.0029882812499995,0.33229166666666665,1,Subject15Activity2Trial1
1.260275,1.4035230671421115,46.81758049019723,0.9998634848703585,3.1203703703703702,0.8875,1.806998046875,0.0,0,Subject15Activity2Trial1
1.23685,1.0074140161820264,10.439245165543326,0.9992360391747593,1.543859649122807,0.940625,1.122615234375,0.0,0,Subject15Activity2Trial1
1.21685,1.0074140161820264,5.535158126712588,0.99998791009929,1.0465116279069768,0.9552083333333333,0.8625839843750001,0.0,0,Subject15Activity2Trial1
1.2261,0.983760641619698,2.503969198073065,0.9999775949832641,0.0,0.0,0.7027558593750001,0.0,0,Subject15Activity2Trial1
1.216275,0.9725517981064041,2.1228479554739863,0.9999845997261978,0.0,0.0,0.6620774739583333,0.0,0,Subject15Activity2Trial1
1.2224249999999999,0.9725517981064041,2.1464046214633186,0.9999974148841337,0.0,0.0,0.6154713541666667,0.0,0,Subject15Activity2Trial1
1.2297,0.9639258270219757,0.5612864495788017,0.9999991559100265,0.0,0.0,0.5760768229166666,0.0,0,Subject15Activity2Trial1
1.7252500000000002,3.8838952097089336,100.44780084382919,0.9548800624228923,1.413919413919414,0.715625,5.257699869791667,0.3729166666666667,1,Subject15Activity2Trial2
1.272425,1.4854423583565939,32.485041406630984,0.9998872841471435,2.81981981981982,0.884375,1.4185371093749999,0.0,0,Subject15Activity2Trial2
1.2712999999999999,1.0021297321205473,2.317653952981459,0.9999631795342192,0.9285714285714286,0.9416666666666667,0.7369733072916667,0.0,0,Subject15Activity2Trial2
1.2463250000000001,1.0864497227207526,8.497258247646755,0.9948282301496469,1.4307692307692308,0.9322916666666666,1.2618639322916667,0.0,0,Subject15Activity2Trial2
1.21995,1.0864497227207526,7.069045163606518,0.9993010248953448,2.515625,0.9333333333333333,1.336767578125,0.0,0,Subject15Activity2Trial2
1.2158000000000002,1.037077624867107,3.0757167703024777,0.999967625278298,0.0,0.0,0.6576705729166668,0.0,0,Subject15Activity2Trial2
1.204625,0.974399302134397,1.9062809810896795,0.9999950666512281,0.0,0.0,0.6636015625,0.0,0,Subject15Activity2Trial2
1.7317250000000002,3.332424642808896,115.49596170091444,0.4562840800912624,1.4548736462093863,0.7114583333333333,5.834632161458333,0.18645833333333328,0,Subject15Activity2Trial3
1.53795,3.332424642808896,126.37168096277186,0.9505270633782517,1.3246268656716418,0.7208333333333333,4.8838515625,0.20520833333333333,1,Subject15Activity2Trial3
1.2281,1.4823420657864363,22.05048681839307,0.9999294364779127,2.5846153846153848,0.8645833333333334,2.00245703125,0.021874999999999978,0,Subject15Activity2Trial3
1.200075,0.9942062160336758,3.322225924408002,0.9998877532080528,1.3333333333333333,0.96875,0.8735722656250001,0.0,0,Subject15Activity2Trial3
1.19305,0.9942062160336758,2.441400933681507,0.9999968172008812,0.0,0.0,0.7478515625,0.0,0,Subject15Activity2Trial3
1.1899000000000002,0.9669694927969548,0.48363391797656163,0.9999908641294867,0.0,0.0,0.6368541666666667,0.0,0,Subject15Activity2Trial3
1.186525,0.9669694927969548,0.7246961952261017,0.9999981009793454,0.0,0.0,0.608455078125,0.0,0,Subject15Activity2Trial3
1.6946,4.796821447583806,113.23045295019807,0.47816886913334433,1.516245487364621,0.7114583333333333,5.8406666666666665,0.25416666666666665,1,Subject15Activity3Trial1
1.6664250000000003,4.796821447583806,113.23045295019807,0.9849541501585493,1.5808823529411764,0.7166666666666667,6.155956380208334,0.19999999999999996,1,Subject15Activity3Trial1
1.614475,1.5969264228510969,42.94404838749594,0.9982940067374899,2.1530054644808745,0.809375,2.736673828125,0.1333333333333333,0,Subject15Activity3Trial1
1.6105,1.1354426449627475,15.337801335907901,0.9997319880068145,1.0,0.9010416666666666,0.8915865885416666,0.0,0,Subject15Activity3Trial1
1.6270499999999999,1.0921954953212358,2.4537434829865283,0.9999657371030436,0.967741935483871,0.8989583333333333,0.7155729166666667,0.0,0,Subject15Activity3Trial1
1.6443999999999996,1.0789796105580494,1.7885696408998122,0.999991810275719,0.0,0.0,0.5861705729166666,0.0,0,Subject15Activity3Trial1
1.6478000000000002,1.0737471769462306,1.202262528728319,0.9999963382896551,0.0,0.0,0.5800013020833333,0.0,0,Subject15Activity3Trial1
1.6522,1.0724313497842182,1.5659308330802553,0.9999940639845901,0.0,0.0,0.568888671875,0.0,0,Subject15Activity3Trial1
1.63095,4.48572792309119,145.60935880145558,0.9350471144300322,1.4551971326164874,0.709375,6.18630078125,0.2729166666666667,1,Subject15Activity3Trial2
1.7636749999999999,4.48572792309119,88.60229398757035,0.9977724988392289,2.3508771929824563,0.821875,4.661005859375,0.16874999999999996,1,Subject15Activity3Trial2
1.6036750000000002,1.1748170070270518,32.420106677575745,0.9985914050609728,2.303448275862069,0.8489583333333334,1.96348046875,0.033333333333333326,0,Subject15Activity3Trial2
1.5172750000000002,1.1748170070270518,27.151498589549902,0.9999831211147959,0.8857142857142857,0.8989583333333333,0.79226953125,0.0,0,Subject15Activity3Trial2
1.5278749999999999,1.073168672669865,1.9995242691890454,0.9999892379793606,0.0,0.0,0.7477024739583333,0.0,0,Subject15Activity3Trial2
1.529675,1.0712478704762964,1.9995242691890454,0.999996650898027,0.29559748427672955,0.5322916666666667,1.2256731770833333,0.00520833333333337,0,Subject15Activity3Trial2
1.524925,1.1044007424843574,1.7371046132406676,0.9998133229249963,1.1280487804878048,0.5229166666666667,1.8372688802083332,0.019791666666666652,0,Subject15Activity3Trial2
1.5269,1.1044007424843574,3.411354794767373,0.9998874846755275,0.8943661971830986,0.5041666666666667,1.8284173177083332,0.01354166666666673,0,Subject15Activity3Trial2
1.6913500000000004,3.197180163831873,99.46892231673021,0.7516058021505078,1.2436708860759493,0.6708333333333333,5.775927734375001,0.275,1,Subject15Activity3Trial3
1.7404499999999998,3.197180163831873,95.49954600764174,0.9874840341029278,2.0898876404494384,0.8145833333333333,3.5430904947916666,0.07395833333333335,1,Subject15Activity3Trial3
1.5962249999999998,1.4907062084797258,35.18112640145618,0.9997615259245289,2.1973684210526314,0.91875,1.006646484375,0.0,0,Subject15Activity3Trial3
1.5947,1.0970259796376747,3.785550464733099,0.9999907861885503,0.0,0.0,0.5947545572916667,0.0,0,Subject15Activity3Trial3
1.5883,1.0782815031335742,1.8686733920457748,0.9999990749029064,0.0,0.0,0.5692421875,0.0,0,Subject15Activity3Trial3
1.584675,1.0735776637020724,1.4955722240768523,0.9999952054304615,0.0,0.0,0.5639368489583333,0.0,0,Subject15Activity3Trial3
1.5875499999999998,1.0834735806654447,3.0006015593699438,0.9999206570583972,0.0,0.0,0.6849733072916667,0.0,0,Subject15Activity3Trial3
1.5916000000000001,1.1052967927213033,4.02750703419494,0.9995451441074041,2.0416666666666665,0.975,0.8127662760416665,0.0,0,Subject15Activity3Trial3
1.7023499999999998,3.6410357043017307,106.65227114247733,0.9961073611020506,1.9163346613545817,0.7385416666666667,4.839175130208334,0.08020833333333333,0,Subject15Activity4Trial1
1.3968250000000002,1.2395745237782196,34.59898453877345,0.9995625932895829,5.181818181818182,0.93125,1.4313867187500002,0.02604166666666663,0,Subject15Activity4Trial1
1.400325,1.0101529587146691,9.626028844139057,0.9999776747501229,0.0,0.0,0.7067610677083334,0.0,0,Subject15Activity4Trial1
1.38715,0.9868540925587733,1.2179089782499943,0.9999843461691986,0.0,0.0,0.6156438802083333,0.0,0,Subject15Activity4Trial1
1.3777000000000001,0.9864248577565348,1.2755835942071911,0.9999983800810233,0.0,0.0,0.5960045572916667,0.0,0,Subject15Activity4Trial1
1.365325,0.9868155856085776,2.318769336702104,0.9999697091156364,0.0,0.0,0.6106100260416667,0.0,0,Subject15Activity4Trial1
1.366475,0.9868155856085776,2.318769336702104,0.9999965846211454,0.0,0.0,0.6097350260416666,0.0,0,Subject15Activity4Trial1
1.3728000000000002,0.988243897021378,2.1803134260792234,0.9999503960905924,0.0,0.0,0.5592330729166667,0.0,0,Subject15Activity4Trial1
1.4899749999999998,1.0408064181201035,23.88021193743849,0.958069738036319,1.0072992700729928,0.7145833333333333,4.32660546875,0.21041666666666659,0,Subject15Activity4Trial2
1.495975,3.543391877848116,71.30871449383972,0.9550015325526597,1.724264705882353,0.7166666666666667,5.697699869791667,0.12812499999999993,0,Subject15Activity4Trial2
1.339125,3.543391877848116,53.36206795015211,0.9984430219020479,5.425287356321839,0.909375,2.578590494791667,0.0031250000000000444,0,Subject15Activity4Trial2
1.2378,1.0634702628658685,35.40289218020006,0.9993251614025356,3.5168539325842696,0.9072916666666667,2.056227213541667,0.0,0,Subject15Activity4Trial2
1.503425,1.0634702628658685,36.445223022537945,0.9995998408267275,0.3919308357348703,0.390625,5.11264453125,0.004166666666666652,0,Subject15Activity4Trial2
1.6084,1.0581781513525972,10.411608832059649,0.9993122783412665,1.0,0.340625,5.715119140625,0.4833333333333333,0,Subject15Activity4Trial2
1.6295749999999998,1.0581781513525972,8.758730293630627,0.9999959816999516,2.9615384615384617,0.9458333333333333,3.6141412760416665,0.0,0,Subject15Activity4Trial2
1.7335250000000002,3.348684965773878,115.72258488952724,0.9854873504337532,1.7158273381294964,0.7104166666666667,6.294927083333333,0.18229166666666663,1,Subject15Activity4Trial3
1.7838,3.348684965773878,97.78470477756983,0.9972072887605405,3.0851063829787235,0.853125,3.6323873697916667,0.07395833333333335,1,Subject15Activity4Trial3
1.56205,1.105847638691696,27.33205654568833,0.9996278637614461,4.6521739130434785,0.928125,1.623810546875,0.004166666666666652,0,Subject15Activity4Trial3
1.563825,1.0356746593404706,15.573638770649815,0.9992312532612462,1.3492063492063493,0.934375,1.1497213541666667,0.0,0,Subject15Activity4Trial3
1.58175,1.0356746593404706,14.14946011159575,0.9999855187316739,1.3658536585365855,0.9572916666666667,0.839892578125,0.0,0,Subject15Activity4Trial3
1.6174250000000001,1.0220929507632857,1.3871811818800595,0.9999958340567302,0.0,0.0,0.6095390625,0.0,0,Subject15Activity4Trial3
1.6250500000000003,1.0172261302188417,2.536335742712403,0.9999547191096824,0.0,0.0,0.6682259114583334,0.0,0,Subject15Activity4Trial3
1.5413000000000001,2.543681583846532,120.52598833503986,0.6118679846652489,1.4901960784313726,0.734375,4.756204427083334,0.13541666666666663,1,Subject15Activity5Trial1
1.623375,2.543681583846532,133.25859968405913,0.9964290543185812,1.6774193548387097,0.7739583333333333,5.318377604166666,0.054166666666666696,1,Subject15Activity5Trial1
1.5550499999999998,1.3202552783458203,106.42343878238002,0.9997109411662991,2.3776223776223775,0.8510416666666667,4.988026692708333,0.06354166666666661,1,Subject15Activity5Trial1
1.489925,1.2266890396510437,108.73506156679291,0.9999293940799383,2.297872340425532,0.853125,3.313063802083333,0.0,0,Subject15Activity5Trial1
1.5818750000000001,1.031921024109888,3.4455252080628327,0.99992729256498,1.0930232558139534,0.8385416666666666,1.1564765625,0.0,0,Subject15Activity5Trial1
1.581375,1.0233542886019484,1.1194293333116718,0.9999960218169437,0.0,0.0,0.7144062499999999,0.0,0,Subject15Activity5Trial1
1.5778,1.0139940828229719,0.8584401632678009,0.9999957619902474,0.0,0.0,0.6082076822916667,0.0,0,Subject15Activity5Trial1
1.576275,1.0137775890203926,0.5511363983038962,0.9999992654111745,0.0,0.0,0.588720703125,0.0,0,Subject15Activity5Trial1
1.5879750000000001,2.8548619931618413,134.97541442958902,0.6777354723607559,1.3725490196078431,0.734375,4.561947265624999,0.12812500000000004,1,Subject15Activity5Trial2
1.4924499999999998,2.8548619931618413,149.66986420991753,0.9912189171688527,1.5784753363228698,0.7677083333333333,6.077070963541667,0.046875,1,Subject15Activity5Trial2
1.410875,1.2171150315397472,135.28659185059203,0.9995951497983548,1.9661016949152543,0.815625,3.7944537760416663,0.13020833333333337,1,Subject15Activity5Trial2
1.414025,1.0852603374306093,61.119457304972244,0.9999890295008232,1.6458333333333333,0.85,1.8226028645833334,0.0,0,Subject15Activity5Trial2
1.4304000000000001,1.032581715894679,5.5618136409486,0.9998629828861322,0.0,0.0,0.6996705729166666,0.0,0,Subject15Activity5Trial2
1.43275,1.032581715894679,5.5618136409486,0.9999326499707557,0.8,0.759375,0.6949733072916666,0.0,0,Subject15Activity5Trial2
1.435875,1.0226871466875878,2.2615529289661254,0.9999714288350614,0.6808510638297872,0.7697916666666667,0.7122526041666667,0.0,0,Subject15Activity5Trial2
1.5246000000000002,2.231152841021878,150.4211192381017,0.792289235277913,1.2868525896414342,0.7385416666666667,4.832964192708333,0.050000000000000044,1,Subject15Activity5Trial3
1.4865249999999999,2.231152841021878,135.7052380158651,0.9976974325039797,2.25974025974026,0.8395833333333333,7.234004557291667,0.078125,1,Subject15Activity5Trial3
1.322225,1.2385519771087525,65.5772962122563,0.9999378389925621,2.7459016393442623,0.8729166666666667,5.180149088541667,0.07291666666666674,0,Subject15Activity5Trial3
1.191675,1.0663676664265473,3.003017897215287,0.9999665317230528,2.1149425287356323,0.4114583333333333,2.9402128906250002,0.023958333333333304,0,Subject15Activity5Trial3
1.181575,1.0707670148076096,4.2080926846269335,0.9999061592856366,1.8409090909090908,0.41041666666666665,2.598115234375,0.021875000000000033,0,Subject15Activity5Trial3
1.1914500000000001,1.0707670148076096,4.633907616419776,0.9999581724087304,1.6231884057971016,0.928125,1.8414811197916667,0.0,0,Subject15Activity5Trial3
1.2413750000000001,1.099111004403104,43.02651021514177,0.9991513854622557,1.288,0.8697916666666666,2.2065729166666666,0.0,0,Subject15Activity5Trial3
1.746525,1.0542438048193596,1.1153881341910221,0.9999914733456172,0.0,0.0,0.7488248697916667,0.0,0,Subject16Activity11Trial1
1.7468,1.0526110392732921,0.9973551990248666,0.9999788294343561,0.0,0.0,0.7442389322916666,0.0,0,Subject16Activity11Trial1
1.74665,1.0529439681198616,1.234313902977604,0.999989368683929,0.0,0.0,0.7591412760416667,0.0,0,Subject16Activity11Trial1
1.7476750000000003,1.0529439681198616,2.0015514626808084,0.9999819102251507,0.0,0.0,0.7445260416666667,0.0,0,Subject16Activity11Trial1
1.749825,1.0523725576049576,1.6964140221417523,0.9999870565897879,0.0,0.0,0.7675104166666668,0.0,0,Subject16Activity11Trial1
1.74945,1.0523725576049576,1.5229612267174986,0.9999787207591134,0.5824175824175825,0.9052083333333333,0.9169505208333334,0.0,0,Subject16Activity11Trial1
1.742275,1.0867147739862564,24.14364989675856,0.9995371325206123,2.3132530120481927,0.8760416666666667,1.590224609375,0.0010416666666667185,0,Subject16Activity11Trial1
1.685125,1.4029354938841627,103.21353654656676,0.9549359212757436,3.966666666666667,0.90625,2.88376171875,0.08854166666666674,0,Subject16Activity11Trial1
1.5347250000000001,1.4537609844812867,123.59966641073896,0.998192387319359,3.752688172043011,0.903125,2.966994791666667,0.02083333333333337,0,Subject16Activity11Trial1
1.4141249999999999,1.4537609844812867,32.75712488378143,0.9999252380781776,3.361111111111111,0.925,1.6174941406249999,0.04270833333333335,0,Subject16Activity11Trial1
1.39025,0.9850142130954254,2.6910552447715475,0.9999844837363775,0.0,0.0,0.8359388020833333,0.0,0,Subject16Activity11Trial1
1.385175,0.9752717569990429,0.9781020995083338,0.9999818323049555,0.0,0.0,0.7414557291666667,0.0,0,Subject16Activity11Trial1
1.3796249999999999,0.9752717569990429,0.960476772696012,0.9999870949733687,0.0,0.0,0.7122662760416667,0.0,0,Subject16Activity11Trial1
1.375,0.9751517830573865,0.9581810368198376,0.9999940912429641,0.0,0.0,0.7186041666666666,0.0,0,Subject16Activity11Trial1
1.37515,0.9718425798451106,0.6865129782575821,0.9999954596772991,0.0,0.0,0.7401634114583333,0.0,0,Subject16Activity11Trial1
1.3749,0.9704210426407704,0.7008405107689555,0.9999967340680003,0.85,0.42083333333333334,1.218220703125,0.007291666666666585,0,Subject16Activity11Trial1
1.3719750000000002,1.0366875131880389,3.346338469004948,0.9994631585644687,2.1058823529411765,0.39895833333333336,1.9262591145833334,0.009374999999999911,0,Subject16Activity11Trial1
1.3623750000000001,1.0366875131880389,4.197752243918558,0.9990157842618386,2.0595238095238093,0.4041666666666667,2.2542864583333335,0.024999999999999967,0,Subject16Activity11Trial1
1.3199999999999998,1.017305263920324,6.325724624072336,0.9986698791292998,1.725,0.48333333333333334,2.3617571614583333,0.10937500000000006,0,Subject16Activity11Trial1
1.267525,1.017305263920324,4.3027721337579266,0.999975936920954,1.7770700636942676,0.484375,2.378081380208333,0.05312499999999998,0,Subject16Activity11Trial1
1.2516500000000002,0.9684590853515702,2.3098503083650286,0.9999834657077258,1.33125,0.5,2.3288951822916664,0.017708333333333326,0,Subject16Activity11Trial1
1.259375,0.9684590853515702,1.332145789718055,0.999986353110432,0.8012048192771084,0.50625,1.5147513020833332,0.04166666666666663,0,Subject16Activity11Trial1
1.261975,0.9670346426059411,1.0186070502972342,0.9999878809333002,0.5227272727272727,0.525,0.9039720052083332,0.0,0,Subject16Activity11Trial1
1.2598000000000003,0.9670051706169931,0.8249428393130813,0.9999936660331442,0.0,0.0,0.8399042968749999,0.0,0,Subject16Activity11Trial1
1.2693750000000001,0.9655563163275356,1.0608585002445494,0.999995290017939,0.0,0.0,0.7622382812499999,0.0,0,Subject16Activity11Trial1
1.2762,0.9679839874708672,0.738629240399348,0.9999936071310893,0.0,0.0,0.7373352864583333,0.0,0,Subject16Activity11Trial1
1.2695750000000001,0.9679839874708672,1.3857354587824489,0.9999932304657524,0.0,0.0,0.7020156250000001,0.0,0,Subject16Activity11Trial1
1.26405,0.9663524201863417,0.7637206907710237,0.9999980685338463,0.0,0.0,0.6973483072916666,0.0,0,Subject16Activity11Trial1
1.23765,0.9875130378886144,15.849840716979188,0.999708497018673,1.736842105263158,0.9208333333333333,1.2321009114583334,0.0,0,Subject16Activity11Trial1
1.283075,1.1014599402611063,60.30788749871555,0.9902485182265724,4.1375,0.9166666666666666,2.3359811197916667,0.01666666666666672,0,Subject16Activity11Trial1
1.4748249999999998,1.362229055629045,70.59256278019083,0.959432938202979,4.162790697674419,0.9104166666666667,2.7391210937499997,0.06145833333333328,0,Subject16Activity11Trial1
1.631675,1.362229055629045,37.813262624180105,0.9987894397042126,4.337349397590361,0.9135416666666667,1.9861171875,0.0,0,Subject16Activity11Trial1
1.6651249999999997,1.1037164490936973,13.239960756381194,0.9999672240645555,0.0,0.0,0.8749381510416667,0.0,0,Subject16Activity11Trial1
1.6619749999999995,1.0043296271643092,1.4121051960830542,0.999998096884647,0.0,0.0,0.7495045572916667,0.0,0,Subject16Activity11Trial1
1.6599000000000004,1.0032198163912036,1.126368493832281,0.9999971411491202,0.0,0.0,0.728947265625,0.0,0,Subject16Activity11Trial1
1.6591999999999998,1.0017714310160777,1.0918600259787041,0.9999968655748276,0.0,0.0,0.7297493489583332,0.0,0,Subject16Activity11Trial1
1.6596249999999997,1.0016391565828484,1.0918600259787041,0.9999971379060214,0.723404255319149,0.9510416666666667,0.764365234375,0.0,0,Subject16Activity11Trial1
1.6595250000000004,1.0027123216556182,1.12106344892468,0.9999955835088536,0.7192982456140351,0.940625,0.8755084635416666,0.0,0,Subject16Activity11Trial1
1.6600500000000005,1.003567137764086,1.1794460014667152,0.9999864000060129,0.7647058823529411,0.946875,0.8088815104166667,0.0,0,Subject16Activity11Trial1
1.6596499999999998,1.003567137764086,1.151062846490568,0.9999947325388696,0.0,0.0,0.7515234375,0.0,0,Subject16Activity11Trial1
1.6591,1.0022559553327683,0.861343579876312,0.9999964576942784,0.9411764705882353,0.4395833333333333,0.7992063802083333,0.0,0,Subject16Activity11Trial1
1.6586750000000001,1.001216260355374,1.0157470590156024,0.9999978630960791,0.8513513513513513,0.39791666666666664,0.9754778645833333,0.0,0,Subject16Activity11Trial1
1.6585,1.0027970881489436,1.3207801924196545,0.999986914459534,1.1733333333333333,0.39895833333333336,1.0847975260416667,0.0,0,Subject16Activity11Trial1
1.6593250000000002,1.0040443217308685,1.2501653222026974,0.9999892315473209,1.2,0.4083333333333333,1.492001953125,0.0,0,Subject16Activity11Trial1
1.6576250000000001,1.0057201399991949,0.9458120765653035,0.9999855437555999,0.64,0.4197916666666667,1.7276067708333334,0.01874999999999999,0,Subject16Activity11Trial1
1.657925,1.0057201399991949,1.087144963796554,0.9999902826751181,0.5,0.41041666666666665,1.5202265625,0.06979166666666664,0,Subject16Activity11Trial1
1.6579000000000002,1.0044212263786545,1.1156492952948156,0.9999973521685817,0.5857142857142857,0.4083333333333333,1.0125104166666667,0.0,0,Subject16Activity11Trial1
1.6561999999999997,1.0017469740408504,1.187176433374887,0.9999987227696427,0.0,0.0,0.7456861979166666,0.0,0,Subject16Activity11Trial2
1.6569499999999997,1.0017759230486627,1.167547553413371,0.999996912435476,0.0,0.0,0.7361171874999999,0.0,0,Subject16Activity11Trial2
1.657675,1.0025457595541463,1.5424589040133654,0.9999939787910406,0.0,0.0,0.7514524739583334,0.0,0,Subject16Activity11Trial2
1.6571250000000002,1.0025457595541463,1.4280520566445105,0.9999972580032129,0.0,0.0,0.7741210937499999,0.0,0,Subject16Activity11Trial2
1.657175,1.0029366879319952,1.2520285962415585,0.9999975380722697,0.0,0.0,0.7402897135416666,0.0,0,Subject16Activity11Trial2
1.6567250000000002,1.0029366879319952,1.2619790300711031,0.9999957170559083,0.0,0.0,0.7156171875,0.0,0,Subject16Activity11Trial2
1.655725,1.0037619239640443,1.1422547877463174,0.999993440335288,0.0,0.0,0.7085638020833334,0.0,0,Subject16Activity11Trial2
1.65655,1.0037619239640443,1.487037024628819,0.9999886082988224,0.0,0.0,0.6962884114583333,0.0,0,Subject16Activity11Trial2
1.6567999999999998,1.0028504375030207,1.487037024628819,0.9999903745165946,0.0,0.0,0.7004264322916667,0.0,0,Subject16Activity11Trial2
1.6557749999999998,1.0028504375030207,1.232674458689388,0.9999894237134206,0.0,0.0,0.6958548177083335,0.0,0,Subject16Activity11Trial2
1.6558500000000003,1.003408690414828,1.139617241130935,0.999993950727241,0.0,0.0,0.709005859375,0.0,0,Subject16Activity11Trial2
1.6559750000000002,1.0040483056108407,0.9929073815936249,0.99999264961043,0.0,0.0,0.7164941406249999,0.0,0,Subject16Activity11Trial2
1.6554749999999998,1.0040483056108407,1.2713579765030403,0.999995753553303,0.0,0.0,0.71734765625,0.0,0,Subject16Activity11Trial2
1.656025,1.00248142127423,1.2713579765030403,0.9999897871461259,0.0,0.0,0.7089993489583334,0.0,0,Subject16Activity11Trial2
1.655625,1.0023577205768408,1.28050574111883,0.9999951766669651,0.0,0.0,0.70068359375,0.0,0,Subject16Activity11Trial2
1.655675,1.0023577205768408,1.11226133361545,0.9999930168150948,0.0,0.0,0.6935638020833333,0.0,0,Subject16Activity11Trial2
1.6552250000000002,1.002202075431896,1.107798834819441,0.999997614997426,0.0,0.0,0.6922923177083333,0.0,0,Subject16Activity11Trial2
1.654775,1.0019011927330959,1.1399624386852736,0.9999920519247318,0.0,0.0,0.6917877604166668,0.0,0,Subject16Activity11Trial2
1.655075,1.003173464561339,1.0425450187007428,0.999994063670681,0.0,0.0,0.6940488281249999,0.0,0,Subject16Activity11Trial2
1.6557749999999998,1.003173464561339,1.1631160753483272,0.9999923453249013,0.0,0.0,0.6973912760416666,0.0,0,Subject16Activity11Trial2
1.6552750000000003,1.001903188935937,1.1623421095224842,0.9999951992281697,0.0,0.0,0.6954290364583333,0.0,0,Subject16Activity11Trial2
1.6553,1.001903188935937,1.0628331103595343,0.9999931363805534,0.0,0.0,0.6907265625,0.0,0,Subject16Activity11Trial2
1.6596000000000004,1.0271071024971057,1.8468760720901116,0.999893768374831,0.8571428571428571,0.8979166666666667,0.87140234375,0.0,0,Subject16Activity11Trial2
1.59325,1.0854146673046203,35.2373973998762,0.9971079741390607,3.4634146341463414,0.9145833333333333,1.9741009114583334,0.0,0,Subject16Activity11Trial2
1.512775,2.2150110609204643,161.1364340184278,0.8727857732487286,4.01123595505618,0.9072916666666667,3.4155514322916667,0.0,0,Subject16Activity11Trial2
1.46035,2.2150110609204643,161.1364340184278,0.9959595017529821,3.6785714285714284,0.9125,3.2404720052083333,0.034375000000000044,0,Subject16Activity11Trial2
1.3958249999999999,1.8726750919473458,12.023245636338686,0.9999738983994276,2.0229885057471266,0.909375,1.7506953125000002,0.019791666666666652,0,Subject16Activity11Trial2
1.3809,1.0128124209348937,4.1537181146909745,0.9999783088887109,2.576923076923077,0.9458333333333333,0.9863776041666668,0.0,0,Subject16Activity11Trial2
1.394975,1.0346830432552763,9.284104221527258,0.999162333308266,1.6666666666666667,0.890625,1.8936197916666668,0.0,0,Subject16Activity11Trial2
1.351975,1.0346830432552763,9.636681323488204,0.9998776119788064,1.6296296296296295,0.8875,2.0821608072916664,0.0,0,Subject16Activity11Trial2
1.28255,1.0041842460425279,8.017137181387938,0.9999942605229944,2.8076923076923075,0.9416666666666667,0.970947265625,0.0,0,Subject16Activity11Trial2
1.25865,0.9657173499528731,1.1163659199101232,0.9999962199746016,0.0,0.0,0.6934921875,0.0,0,Subject16Activity11Trial2
1.254375,0.9656427910982405,0.8030777379865981,0.9999984759996434,0.0,0.0,0.6870462239583334,0.0,0,Subject16Activity11Trial2
1.2529249999999998,0.9643992948981247,0.9381695737189659,0.999999284629752,0.0,0.0,0.6954368489583334,0.0,0,Subject16Activity11Trial2
1.25355,0.9649088039809772,0.662133704844706,0.9999973487663338,0.0,0.0,0.6962233072916666,0.0,0,Subject16Activity11Trial2
1.252875,0.9649088039809772,0.7903415663742521,0.9999983922222185,0.0,0.0,0.753541015625,0.0,0,Subject16Activity11Trial2
1.2519749999999998,0.9645024624126162,0.6191424310684681,0.9999990051686127,0.0,0.0,0.7609726562500001,0.0,0,Subject16Activity11Trial2
1.2522,0.9641353639401472,0.5415568751328124,0.9999986163315114,0.0,0.0,0.727130859375,0.0,0,Subject16Activity11Trial2
1.2525749999999998,0.9641353639401472,0.5769874523759881,0.9999973826408032,0.0,0.0,0.70703125,0.0,0,Subject16Activity11Trial2
1.25305,0.9637639752553526,0.755205999485753,0.999998337038973,0.0,0.0,0.68434375,0.0,0,Subject16Activity11Trial2
1.253675,0.9643365595060679,0.6072380922966829,0.9999986282183344,0.0,0.0,0.6743404947916666,0.0,0,Subject16Activity11Trial2
1.2543250000000001,0.9643365595060679,0.5859021681198726,0.9999989700761727,0.0,0.0,0.678458984375,0.0,0,Subject16Activity11Trial2
1.254375,0.9641400313232513,0.5638998175358267,0.9999983477007873,0.8648648648648649,0.43020833333333336,0.7184264322916667,0.0,0,Subject16Activity11Trial2
1.2563,0.9643246341352065,0.5776745513157096,0.999999651247631,1.0606060606060606,0.428125,0.7304010416666666,0.0,0,Subject16Activity11Trial2
1.257275,0.9647020265346186,0.4998402982751031,0.9999971254078021,0.0,0.0,0.6834635416666666,0.0,0,Subject16Activity11Trial2
1.258925,0.9653372467692315,0.6684440286061601,0.9999988545233677,0.0,0.0,0.6829596354166666,0.0,0,Subject16Activity11Trial2
1.259325,0.9653372467692315,0.544733004935182,0.9999984175011304,0.0,0.0,0.6804524739583333,0.0,0,Subject16Activity11Trial2
1.2600000000000002,0.9646937337829038,0.5564599920090529,0.9999980978120745,0.0,0.0,0.6790325520833334,0.0,0,Subject16Activity11Trial2
1.2672999999999999,0.9637561932356129,0.5270971191585829,0.9999994374778904,0.0,0.0,0.697923828125,0.0,0,Subject16Activity11Trial3
1.2673999999999999,0.9641213616552639,0.5542541988507139,0.9999984761093571,0.0,0.0,0.6885319010416666,0.0,0,Subject16Activity11Trial3
1.26905,0.9649025857567178,0.4951840862752306,0.9999985918722085,0.0,0.0,0.6623105468749999,0.0,0,Subject16Activity11Trial3
1.269625,0.9649025857567178,0.5776313823374721,0.999997678020795,0.0,0.0,0.671853515625,0.0,0,Subject16Activity11Trial3
1.270675,0.9641815181800573,0.6393054899571666,0.999999456472706,0.0,0.0,0.67348828125,0.0,0,Subject16Activity11Trial3
1.270975,0.9632746233551468,0.6963359954354473,0.9999973377314015,0.0,0.0,0.6679114583333334,0.0,0,Subject16Activity11Trial3
1.27205,0.9632746233551468,0.5661375171936811,0.9999989166920795,0.0,0.0,0.6598795572916667,0.0,0,Subject16Activity11Trial3
1.273775,0.9649720203197604,0.6421590942194086,0.9999950432154449,0.0,0.0,0.6592610677083333,0.0,0,Subject16Activity11Trial3
1.273425,0.9649720203197604,0.8533733324082107,0.999997492261969,0.0,0.0,0.689451171875,0.0,0,Subject16Activity11Trial3
1.33845,1.1759855441288383,26.944521978025392,0.9955862600984098,2.3333333333333335,0.915625,1.8783919270833334,0.009374999999999911,0,Subject16Activity11Trial3
1.481325,1.5752571218693157,57.110230832042305,0.9510582482243696,4.123595505617978,0.9072916666666667,3.2310572916666667,0.02604166666666663,0,Subject16Activity11Trial3
1.52775,1.5752571218693157,43.18906165198587,0.9988089143903786,4.518072289156627,0.9135416666666667,2.2430930989583335,0.03437499999999993,0,Subject16Activity11Trial3
1.4861499999999999,1.1385991392935444,14.17635268002104,0.9999892728881172,1.0344827586206897,0.9395833333333333,0.9296790364583334,0.0,0,Subject16Activity11Trial3
1.47485,1.0371407811864308,2.2227422615773094,0.9999902725538183,0.0,0.0,0.6803391927083333,0.0,0,Subject16Activity11Trial3
1.4726500000000002,1.0315662848309846,2.0809226992170125,0.9999928310552672,0.0,0.0,0.6800709635416666,0.0,0,Subject16Activity11Trial3
1.4714249999999998,1.0326863028044868,2.063044806968975,0.9999816152137834,0.0,0.0,0.6898483072916667,0.0,0,Subject16Activity11Trial3
1.472025,1.0326863028044868,2.063044806968975,0.9999878182010754,0.0,0.0,0.698251953125,0.0,0,Subject16Activity11Trial3
1.4689,1.0323618551651355,2.1261167403369825,0.9999934795414345,0.4444444444444444,0.49270833333333336,0.8690989583333334,0.0,0,Subject16Activity11Trial3
1.469625,1.0305770228372064,2.0637190112400106,0.9999975102128205,0.7945205479452054,0.4666666666666667,1.3353014322916665,0.052083333333333315,0,Subject16Activity11Trial3
1.469,1.0310484954646897,2.0142684320100273,0.9999940270355039,0.9621212121212122,0.45208333333333334,1.7425045572916666,0.15000000000000002,0,Subject16Activity11Trial3
1.469,1.0310484954646897,1.971293329429571,0.999996841245729,0.9634146341463414,0.4,1.7257701822916665,0.001041666666666663,0,Subject16Activity11Trial3
1.4707250000000003,1.0310484954646897,1.5558992931482152,0.9999889040319286,0.8066666666666666,0.49375,2.2855305989583328,0.06354166666666666,0,Subject16Activity11Trial3
1.46755,1.0307109197054236,1.9286034125190952,0.9999980675292156,0.5495495495495496,0.490625,1.7017285156249997,0.04583333333333339,0,Subject16Activity11Trial3
1.468925,1.0304057453255975,1.7744465624209624,0.9999924540598818,0.4897959183673469,0.484375,0.8466223958333332,0.0,0,Subject16Activity11Trial3
1.4680999999999997,1.0304057453255975,1.8308708408511052,0.9999892374677264,0.0,0.0,0.7250052083333334,0.0,0,Subject16Activity11Trial3
1.467275,1.0313966259397982,1.885098218212434,0.9999909496749322,0.0,0.0,0.7040553385416668,0.0,0,Subject16Activity11Trial3
1.4717749999999998,1.0313966259397982,1.8930716733735125,0.9999954642343126,0.0,0.0,0.6958763020833333,0.0,0,Subject16Activity11Trial3
1.4698499999999999,1.0297033553407506,1.802716457887854,0.9999917160505674,0.0,0.0,0.6823072916666666,0.0,0,Subject16Activity11Trial3
1.4676,1.0315609531191068,1.5966400364740565,0.9999924970220379,0.0,0.0,0.6852005208333334,0.0,0,Subject16Activity11Trial3
1.4721250000000001,1.0315609531191068,1.709562713796359,0.9999971807604111,0.0,0.0,0.6992578125,0.0,0,Subject16Activity11Trial3
1.47105,1.0298490180604145,1.8289158994669776,0.999993378791564,0.0,0.0,0.7009817708333334,0.0,0,Subject16Activity11Trial3
1.467625,1.03323279080757,1.8289158994669776,0.9999896191521598,0.0,0.0,0.7064531250000001,0.0,0,Subject16Activity11Trial3
1.47065,1.03323279080757,1.785454591208179,0.999995523521087,0.0,0.0,0.7228619791666666,0.0,0,Subject16Activity11Trial3
1.470875,1.031862393926632,1.8409610025758667,0.9999909974479282,0.0,0.0,0.6926842447916666,0.0,0,Subject16Activity11Trial3
1.4680250000000001,1.031862393926632,1.6696607786343804,0.9999907269240143,0.0,0.0,0.6910540364583333,0.0,0,Subject16Activity11Trial3
1.468425,1.0302198794432187,1.750725641644479,0.9999941497303401,0.0,0.0,0.681716796875,0.0,0,Subject16Activity11Trial3
1.469225,1.030484352137382,1.7029225552373362,0.9999946436858421,0.0,0.0,0.6683444010416666,0.0,0,Subject16Activity11Trial3
1.468475,1.030484352137382,1.5799296108993985,0.9999963994463001,0.0,0.0,0.6829147135416667,0.0,0,Subject16Activity11Trial3
1.470025,1.0305270496207268,1.6667824500506185,0.9999956933446832,0.0,0.0,0.6754752604166667,0.0,0,Subject16Activity11Trial3
1.4705,1.0305270496207268,1.7501282412310957,0.9999958806697994,0.0,0.0,0.6737467447916667,0.0,0,Subject16Activity11Trial3
1.467575,1.0310387965542325,1.806999205387612,0.9999969974661898,0.0,0.0,0.6760944010416666,0.0,0,Subject16Activity11Trial3
1.470475,1.0310387965542325,1.933098780135282,0.9999968704620533,0.0,0.0,0.6869817708333332,0.0,0,Subject16Activity11Trial3
1.4708,1.0310737122049034,1.7604765558778013,0.9999939891681858,0.0,0.0,0.6995078125,0.0,0,Subject16Activity11Trial3
1.4711500000000002,1.0310737122049034,1.6292117028099966,0.9999941652750909,0.0,0.0,0.6830677083333334,0.0,0,Subject16Activity11Trial3
1.4711500000000002,1.0310402513966175,1.6949753270317842,0.9999916212543541,0.0,0.0,0.6848372395833333,0.0,0,Subject16Activity11Trial3
1.637425,1.9436403988392503,123.59459435076393,0.7489828930709584,1.597444089456869,0.6739583333333333,5.8501595052083335,0.1875,1,Subject16Activity1Trial1
1.4012,1.9436403988392503,121.2575488047039,0.99561703561949,1.5445544554455446,0.684375,5.463329427083333,0.275,1,Subject16Activity1Trial1
1.183525,1.8303958588239866,8.070995627143152,0.999988374258689,1.7341772151898733,0.9177083333333333,1.3433697916666667,0.0,0,Subject16Activity1Trial1
1.1591749999999998,1.068008426933046,0.5308396979598751,0.9999978844801453,0.0,0.0,0.778263671875,0.0,0,Subject16Activity1Trial1
1.1566500000000002,1.0582631997759346,0.2505876263406943,0.9999977078283477,0.0,0.0,0.9501100260416667,0.0,0,Subject16Activity1Trial1
1.1550500000000001,1.059060904764216,0.1657468337091288,0.999997254420171,0.0,0.0,0.9034225260416668,0.0,0,Subject16Activity1Trial1
1.15435,1.059060904764216,0.255294430698231,0.9999988972751638,0.0,0.0,0.6497089843750001,0.0,0,Subject16Activity1Trial1
1.153775,1.0591213339367684,0.1703696526175138,0.999999140939488,0.0,0.0,0.5567428385416666,0.0,0,Subject16Activity1Trial1
1.5304,2.610502825127757,126.4585053890565,0.8795593570577082,1.4440894568690097,0.6739583333333333,7.705192057291666,0.20104166666666656,1,Subject16Activity1Trial2
1.4098000000000002,2.610502825127757,129.1768659366059,0.9961664187620773,2.9844961240310077,0.865625,5.02528125,0.015625,1,Subject16Activity1Trial2
1.148425,1.2770673435649351,3.7387298017222683,0.9999948059327934,0.0,0.0,3.0023606770833333,0.0,0,Subject16Activity1Trial2
1.143125,1.0587280103973824,0.4711484155505872,0.9999962808953333,0.0,0.0,1.85595703125,0.0,0,Subject16Activity1Trial2
1.14515,1.0551421705154238,0.12274193952189716,0.9999976713199237,0.0,0.0,1.2735644531249997,0.0,0,Subject16Activity1Trial2
1.145025,1.0561174177145267,0.488295947906805,0.9999958121111671,0.0,0.0,0.701275390625,0.0,0,Subject16Activity1Trial2
1.1555500000000003,1.0664670646578824,1.8103162555113586,0.999922092484874,0.0,0.0,0.7997063802083333,0.0,0,Subject16Activity1Trial2
1.5005,2.6196371886198286,123.32429161581749,0.6357547187775926,1.3322683706070289,0.6739583333333333,8.339981770833333,0.22395833333333326,1,Subject16Activity1Trial3
1.3131749999999998,2.6196371886198286,123.81059562430853,0.9998800195556935,1.443298969072165,0.696875,6.877692057291666,0.08333333333333326,1,Subject16Activity1Trial3
1.192675,1.0777448677678776,1.782696855055371,0.9999965705602868,0.0,0.0,3.098013671875,0.0,0,Subject16Activity1Trial3
1.198575,1.0547971368941045,0.31178610500152804,0.9999969585107004,0.0,0.0,2.0008365885416666,0.0,0,Subject16Activity1Trial3
1.2015249999999997,1.0531239243317947,0.32818902172011466,0.9999970626037927,0.0,0.0,1.6491087239583333,0.0,0,Subject16Activity1Trial3
1.202925,1.0523145917452632,0.34692346184401135,0.9999973720006546,0.0,0.0,1.6013977864583335,0.0,0,Subject16Activity1Trial3
1.2067999999999999,1.053354641134694,1.0689726470207574,0.9999934889694188,0.0,0.0,1.6723092447916668,0.0,0,Subject16Activity1Trial3
1.7150750000000001,3.326975353079731,92.11899307936437,0.8912908616571794,1.4440894568690097,0.6739583333333333,6.365381510416666,0.2333333333333334,1,Subject16Activity2Trial1
1.82875,3.326975353079731,74.09813095110584,0.9999249881028923,1.5636363636363637,0.7135416666666666,4.339401041666667,0.1645833333333333,1,Subject16Activity2Trial1
1.50915,1.065075584172316,10.305264613847378,0.9999933125169381,2.75,0.9291666666666667,1.294208984375,0.0,0,Subject16Activity2Trial1
1.467725,1.0584597299850382,2.1096419635862844,0.9999990514776107,2.1538461538461537,0.9270833333333334,0.90954296875,0.0,0,Subject16Activity2Trial1
1.453275,1.0531723505675603,1.058532956718036,0.9999988638158759,0.0,0.0,0.8295130208333333,0.0,0,Subject16Activity2Trial1
1.4255749999999998,1.0734402638246805,4.848262008172661,0.9998237195325969,3.1320754716981134,0.9447916666666667,1.1316061197916665,0.0,0,Subject16Activity2Trial1
1.373025,1.0734402638246805,4.3460397851936605,0.9999985583656665,3.2452830188679247,0.9447916666666667,1.1455436197916666,0.0,0,Subject16Activity2Trial1
1.727725,2.8551248659209283,92.1360330189934,0.7974357164370641,1.2202380952380953,0.65,6.65903125,0.17500000000000004,1,Subject16Activity2Trial2
1.75605,2.8551248659209283,92.1360330189934,0.9999674777370863,4.01010101010101,0.896875,3.685716796875,0.04270833333333335,0,Subject16Activity2Trial2
1.541025,1.041560847958486,0.9456190508639679,0.9999950237299867,1.3626373626373627,0.39479166666666665,1.9565175781250002,0.044791666666666674,0,Subject16Activity2Trial2
1.5340250000000002,1.0114267150911134,0.27599897570590315,0.999992242348194,1.5333333333333334,0.40208333333333335,1.8990768229166666,0.1177083333333333,0,Subject16Activity2Trial2
1.5101,1.037309500583119,3.6546250856513893,0.9997078891223955,1.0535714285714286,0.4875,2.433705729166667,0.11979166666666669,0,Subject16Activity2Trial2
1.4733,1.037309500583119,3.6456224900393295,0.9999825180684727,1.7745098039215685,0.5291666666666667,2.194963541666667,0.023958333333333415,0,Subject16Activity2Trial2
1.4586999999999999,1.0064010135130033,0.49966959888283213,0.9999929139578779,0.9846153846153847,0.5302083333333333,1.0415208333333332,0.021874999999999978,0,Subject16Activity2Trial2
1.73825,3.3436592230668487,70.76215715894895,0.731426247198145,1.376996805111821,0.6739583333333333,5.899268229166667,0.25,1,Subject16Activity2Trial3
1.6908,3.3436592230668487,70.76215715894895,0.99996744901159,2.955223880597015,0.8604166666666667,3.186061848958333,0.07499999999999996,0,Subject16Activity2Trial3
1.367675,0.981562020455152,3.012361346876304,0.9999931081395877,0.0,0.0,0.8801048177083335,0.0,0,Subject16Activity2Trial3
1.364,0.9999169965552142,3.414092232312754,0.9981964822381844,2.4166666666666665,0.925,1.8080136718750002,0.02604166666666674,0,Subject16Activity2Trial3
1.3631249999999997,1.055282426651747,9.13427295621841,0.9989449638819872,2.831168831168831,0.9197916666666667,3.1822688802083334,0.0,0,Subject16Activity2Trial3
1.341,1.055282426651747,9.13427295621841,0.9999922111332434,2.6794871794871793,0.91875,2.8088352864583332,0.006250000000000033,0,Subject16Activity2Trial3
1.3126250000000002,0.972217053954517,1.0715862976019537,0.9999972195657346,1.6818181818181819,0.40625,2.123966145833333,0.06979166666666664,0,Subject16Activity2Trial3
1.7219000000000002,6.203071739066058,110.55859162261962,0.7435088836096414,1.4984025559105432,0.6739583333333333,6.084389322916666,0.37083333333333335,1,Subject16Activity3Trial1
1.5932,6.203071739066058,110.55859162261962,0.9884164479124662,1.7418032786885247,0.7458333333333333,3.649311197916666,0.12812500000000004,1,Subject16Activity3Trial1
1.3302,1.4297506775658475,22.482668372258786,0.9999248200287331,1.0638297872340425,0.9510416666666667,1.09271875,0.0,0,Subject16Activity3Trial1
1.346675,1.0134786628242352,1.6566571195317152,0.999998051617203,0.0,0.0,0.723208984375,0.0,0,Subject16Activity3Trial1
1.32365,0.98538774094262,4.395450507935507,0.9998647441363964,1.303030303030303,0.965625,0.8134576822916667,0.0,0,Subject16Activity3Trial1
1.2978999999999998,0.98538774094262,4.278284838033301,0.9999033319175727,1.8461538461538463,0.959375,1.015119140625,0.0,0,Subject16Activity3Trial1
1.3218999999999999,0.982934891027885,5.129209065099445,0.9999684600274535,1.9210526315789473,0.9604166666666667,1.0064134114583334,0.0,0,Subject16Activity3Trial1
1.8990000000000002,7.391769815138997,141.063000412011,0.24417406706874603,1.4057507987220448,0.6739583333333333,5.431005208333334,0.3583333333333333,1,Subject16Activity3Trial2
1.8063499999999997,7.391769815138997,141.063000412011,0.9567244833036483,1.51,0.6875,5.078694661458333,0.030208333333333393,1,Subject16Activity3Trial2
1.4002,2.3495271864781646,74.2444078010961,0.9990717281888523,3.0535714285714284,0.9416666666666667,1.47024609375,0.0,0,Subject16Activity3Trial2
1.3090499999999998,1.0556675613089568,4.838329596992665,0.9999909397399458,1.4516129032258065,0.9677083333333333,0.9162330729166668,0.0,0,Subject16Activity3Trial2
1.2943000000000002,0.964255671489673,3.39618515598562,0.9999943072614381,0.0,0.0,0.87828125,0.0,0,Subject16Activity3Trial2
1.2842749999999998,0.9644900206845066,2.938052309183206,0.9999874517307014,0.0,0.0,0.8138619791666667,0.0,0,Subject16Activity3Trial2
1.2785499999999999,0.9654372066582063,2.0582996667051816,0.9999889931341603,0.36883116883116884,0.4010416666666667,3.204584635416667,0.06458333333333333,0,Subject16Activity3Trial2
1.5323250000000002,6.339742344922229,98.94812447175404,0.299273974104169,1.4267515923566878,0.6729166666666667,5.257613932291667,0.28125,1,Subject16Activity3Trial3
1.554675,6.339742344922229,95.30013180711886,0.9226375040692588,1.3374613003095974,0.6635416666666667,5.103994140625,0.3197916666666667,1,Subject16Activity3Trial3
1.4141249999999999,3.5035504848653174,60.51431045957338,0.9992181863402483,3.057142857142857,0.9270833333333334,1.658037109375,0.0,1,Subject16Activity3Trial3
1.3168,1.039289180161133,3.095836904892721,0.9999757810188714,0.0,0.0,0.8113229166666667,0.0,0,Subject16Activity3Trial3
1.31905,0.9801331542193643,2.424106596108615,0.9999560524324497,0.0,0.0,0.7256354166666666,0.0,0,Subject16Activity3Trial3
1.3364250000000002,1.0010419571626357,6.319140208229726,0.9993735936604262,0.0,0.0,0.8936380208333332,0.0,0,Subject16Activity3Trial3
1.35,1.0010419571626357,6.319140208229726,0.9995838799217193,1.575,0.9583333333333334,0.9451497395833333,0.0,0,Subject16Activity3Trial3
1.9265999999999999,3.675848745528031,83.38058334055687,0.6877522090344677,1.5095541401273886,0.6729166666666667,6.274489583333334,0.2270833333333333,1,Subject16Activity4Trial1
2.021375,3.675848745528031,83.38058334055687,0.9997514850750078,1.7183673469387755,0.7447916666666666,4.050848958333334,0.10520833333333335,0,Subject16Activity4Trial1
1.7714750000000001,1.13872296894372,3.790828635249369,0.9999828781512904,1.2045454545454546,0.9270833333333334,0.9209049479166665,0.0,0,Subject16Activity4Trial1
1.7774750000000001,1.0388305925414403,2.3859367581224973,0.9999831905823577,0.0,0.0,0.8056256510416666,0.0,0,Subject16Activity4Trial1
1.7785250000000001,1.0388305925414403,1.9831432034218892,0.9999930060289324,0.0,0.0,0.8258151041666666,0.0,0,Subject16Activity4Trial1
1.77775,1.03756108253924,1.3223924756981518,0.9999878769269963,0.0,0.0,0.7582356770833333,0.0,0,Subject16Activity4Trial1
1.77795,1.043674757766997,2.312595331223733,0.9999780724063728,0.0,0.0,0.7517890625,0.0,0,Subject16Activity4Trial1
1.7493000000000003,3.535964931952804,87.16780676590841,0.8931380382873061,1.3885350318471337,0.6729166666666667,6.045423177083333,0.3270833333333334,1,Subject16Activity4Trial2
1.9105750000000001,3.535964931952804,87.16780676590841,0.9999012455328887,2.0495049504950495,0.7895833333333333,3.5365442708333332,0.09583333333333333,0,Subject16Activity4Trial2
1.7344000000000002,1.0759670069291158,6.85866347169393,0.9999817160528606,1.3333333333333333,0.9385416666666667,1.1139915364583333,0.0,0,Subject16Activity4Trial2
1.7277,1.039585975280544,2.610166512897763,0.9999957571709374,0.0,0.0,0.8492734375,0.0,0,Subject16Activity4Trial2
1.709975,1.0332095624799453,1.2952094957913403,0.9999937210495017,0.0,0.0,0.7786399739583333,0.0,0,Subject16Activity4Trial2
1.705,1.0332095624799453,0.9097112795094233,0.9999950234477595,0.0,0.0,0.7709479166666666,0.0,0,Subject16Activity4Trial2
1.7024000000000001,1.0310412212904,0.7068844905525964,0.9999925875571496,0.0,0.0,0.75116796875,0.0,0,Subject16Activity4Trial2
1.7180499999999999,4.37721749516745,98.0069116016426,0.5688199150928572,1.511111111111111,0.671875,5.8488294270833325,0.28333333333333344,1,Subject16Activity4Trial3
1.6988500000000002,4.37721749516745,97.80888449775478,0.9648082555930431,1.5488215488215489,0.690625,5.199256510416666,0.06145833333333328,1,Subject16Activity4Trial3
1.6065999999999998,1.4280777289769628,66.89010148263614,0.99963832206041,2.2098765432098766,0.915625,2.041568359375,0.016666666666666607,0,Subject16Activity4Trial3
1.5912,1.095827084899803,59.35856209881304,0.9971478121808407,1.7987012987012987,0.8395833333333333,3.7689121093750004,0.0,0,Subject16Activity4Trial3
1.7442999999999997,1.577050728416813,77.89506131276477,0.9630219084209322,1.75,0.7708333333333334,6.131444661458334,0.012499999999999956,0,Subject16Activity4Trial3
1.7036500000000003,1.577050728416813,78.50835827940833,0.9474428159689093,1.1277258566978192,0.665625,6.556365234375001,0.06979166666666659,0,Subject16Activity4Trial3
1.6286749999999999,1.4789530080431899,70.53240757128674,0.9988576561677325,0.7974683544303798,0.6708333333333333,5.708802734375,0.0864583333333333,0,Subject16Activity4Trial3
1.7144249999999999,2.6219506097560266,103.2373377825619,0.6505333784557971,1.1111111111111112,0.671875,4.84754296875,0.23125000000000007,1,Subject16Activity5Trial1
1.692625,2.6219506097560266,116.25071957688641,0.9959888735473041,1.4884792626728112,0.7739583333333333,4.2759687500000005,0.05729166666666674,1,Subject16Activity5Trial1
1.526575,1.09725885733495,19.820809100695392,0.9999033412479101,1.0260869565217392,0.878125,1.7210742187499999,0.0,0,Subject16Activity5Trial1
1.5136749999999999,1.0181448816352219,3.382940836588695,0.9999688363265838,0.9245283018867925,0.853125,0.9861184895833333,0.0,0,Subject16Activity5Trial1
1.4962250000000001,1.009266069973622,1.242497956352615,0.9999921327211813,1.1025641025641026,0.8364583333333333,1.003666666666667,0.0,0,Subject16Activity5Trial1
1.4749,1.00891922372408,3.1019835954570283,0.9999829602019027,1.0512820512820513,0.8364583333333333,0.9204010416666666,0.0,0,Subject16Activity5Trial1
1.477225,1.00891922372408,3.1019835954570283,0.9999981105243619,1.21875,0.8375,0.8783509114583333,0.0,0,Subject16Activity5Trial1
1.6214750000000002,3.853078249919147,170.16276400037495,0.4427123523683058,1.267515923566879,0.6729166666666667,4.830422526041667,0.08124999999999993,1,Subject16Activity5Trial2
1.7446750000000002,3.853078249919147,168.64584081533056,0.9953316288404188,1.8709677419354838,0.80625,3.742149088541667,0.054166666666666696,1,Subject16Activity5Trial2
1.6096499999999998,1.480869001633838,12.144721117855674,0.9999458962031764,0.775,0.8583333333333333,0.9816067708333334,0.0,0,Subject16Activity5Trial2
1.61205,1.0020024950068738,1.5572805977738398,0.9999858407177868,0.0,0.0,0.7740494791666667,0.0,0,Subject16Activity5Trial2
1.6173749999999998,0.9932582745691073,2.4374151587521027,0.9999930940352703,0.0,0.0,0.7619401041666667,0.0,0,Subject16Activity5Trial2
1.6195,0.9871777955363461,2.1927206286672956,0.9999881372331766,0.0,0.0,0.7363984375,0.0,0,Subject16Activity5Trial2
1.621875,0.9936991496423855,1.5571412700198835,0.9999700769692795,0.0,0.0,0.7589889322916666,0.0,0,Subject16Activity5Trial2
1.630425,4.452505362152863,126.47422349978828,0.9767786041514478,1.3312101910828025,0.6729166666666667,4.410970703125,0.23750000000000004,1,Subject16Activity5Trial3
1.36815,2.1981976708203472,92.51775904080003,0.9996176467102817,3.1354166666666665,0.9,2.1662773437499996,0.0,1,Subject16Activity5Trial3
1.26755,0.9978842618259895,5.099111933104652,0.999990771657702,0.0,0.0,0.827490234375,0.0,0,Subject16Activity5Trial3
1.250475,0.9491859670264832,4.151955026799129,0.9999836291399271,0.0,0.0,0.7784869791666666,0.0,0,Subject16Activity5Trial3
1.2371499999999997,0.9565134604384823,4.851003635741236,0.9999700131498522,0.0,0.0,0.75580859375,0.0,0,Subject16Activity5Trial3
1.2585000000000002,0.9568871406806552,8.336442865346513,0.999977445081572,0.0,0.0,0.7578072916666667,0.0,0,Subject16Activity5Trial3
1.428475,1.1875744187207806,19.962979224207963,0.9999006051485193,1.8977272727272727,0.9083333333333333,1.659931640625,0.019791666666666652,0,Subject17Activity11Trial1
1.4038499999999998,1.097612864356099,7.532410250751763,0.9999410881592417,1.4431818181818181,0.9083333333333333,1.1252298177083333,0.002083333333333437,0,Subject17Activity11Trial1
1.4194749999999998,1.0911833026581739,4.828703326069903,0.9999841181086877,1.6923076923076923,0.8885416666666667,1.066216796875,0.0031250000000000444,0,Subject17Activity11Trial1
1.418925,1.080256451033735,4.779465632212705,0.9999873489825851,0.0,0.0,0.7557180989583333,0.0,0,Subject17Activity11Trial1
1.409125,1.080256451033735,4.625487734307669,0.9999942039113218,1.3181818181818181,0.8979166666666667,0.7001894531249999,0.0,0,Subject17Activity11Trial1
1.397475,1.0726457942862593,5.279739299209236,0.9999881361988758,1.4324324324324325,0.8989583333333333,0.6977552083333333,0.0,0,Subject17Activity11Trial1
1.4070999999999998,1.0798675844750596,5.250158631887352,0.9999147507682548,1.4838709677419355,0.903125,0.7117942708333335,0.0,0,Subject17Activity11Trial1
1.407625,1.0798675844750596,6.407703227987177,0.9999890830381204,1.6176470588235294,0.9020833333333333,0.71851171875,0.0,0,Subject17Activity11Trial1
1.4069749999999999,1.0753315767706257,6.56101089071165,0.9999640413569189,0.9615384615384616,0.8666666666666667,0.7653144531250001,0.0,0,Subject17Activity11Trial1
1.40095,1.0753315767706257,7.341399160038627,0.9999566333545266,0.873015873015873,0.878125,0.7602571614583333,0.0,0,Subject17Activity11Trial1
1.3945999999999998,1.0749167409618292,6.899771803050275,0.9999917241467475,1.127659574468085,0.8927083333333333,0.7395455729166668,0.0,0,Subject17Activity11Trial1
1.4027749999999999,1.0740405020296022,4.936421751743477,0.9999739860161744,1.5833333333333333,0.8791666666666667,0.815521484375,0.0,0,Subject17Activity11Trial1
1.3987500000000002,1.0836876856364106,5.024315776160172,0.9998525302170979,1.6779661016949152,0.8760416666666667,0.9250540364583333,0.008333333333333415,0,Subject17Activity11Trial1
1.4023249999999998,1.0836876856364106,5.326022414465207,0.9999858534284509,1.1833333333333333,0.9,0.8237252604166667,0.0,0,Subject17Activity11Trial1
1.399775,1.0787659616432101,6.326500599863142,0.9999920859031743,0.0,0.0,0.6280976562499999,0.0,0,Subject17Activity11Trial1
1.38705,1.0760864277556892,5.7047960119410845,0.9999702498055703,0.0,0.0,0.5787382812499999,0.0,0,Subject17Activity11Trial1
1.3916499999999998,1.0760864277556892,5.038447195374811,0.999988765992649,0.0,0.0,0.5952740885416666,0.0,0,Subject17Activity11Trial1
1.396925,1.0750023255788799,5.760662387647187,0.9999830421626896,0.0,0.0,0.5651217447916667,0.0,0,Subject17Activity11Trial1
1.392325,1.0750023255788799,5.793502549324565,0.9999946538334626,0.0,0.0,0.5953033854166667,0.0,0,Subject17Activity11Trial1
1.4044750000000001,1.0725506981024253,5.234717771728686,0.9999962545234221,0.0,0.0,0.5830501302083333,0.0,0,Subject17Activity11Trial1
1.3924999999999998,1.0765412207621219,5.230082598450483,0.9999945108501008,0.0,0.0,0.5763951822916666,0.0,0,Subject17Activity11Trial1
1.3885999999999998,1.0765412207621219,5.4782825620564,0.9999938958200026,0.0,0.0,0.5654121093750001,0.0,0,Subject17Activity11Trial1
1.3859499999999998,1.0698284909274007,5.9678116284329,0.9999912602619258,0.0,0.0,0.55916015625,0.0,0,Subject17Activity11Trial1
1.375225,1.0680014044934585,5.630155433151208,0.9999985074505103,0.0,0.0,0.5821477864583333,0.0,0,Subject17Activity11Trial1
1.3769,1.0684296888424618,5.500047180528281,0.9999964950320785,0.0,0.0,0.5811692708333334,0.0,0,Subject17Activity11Trial1
1.3753,1.0684296888424618,5.485174012337577,0.9999954998848086,0.0,0.0,0.5790559895833334,0.0,0,Subject17Activity11Trial1
1.3798249999999999,1.0687375730271673,5.328162370798157,0.9999992058467045,0.0,0.0,0.5557057291666666,0.0,0,Subject17Activity11Trial1
1.371025,1.0687375730271673,5.5340037211416995,0.9999954850274395,0.0,0.0,0.5807057291666669,0.0,0,Subject17Activity11Trial1
1.3821999999999999,1.0676207191694997,5.773851919283315,0.9999970925969166,0.0,0.0,0.5796575520833332,0.0,0,Subject17Activity11Trial1
1.3765749999999999,1.067262385732768,5.932885799517901,0.9999986982294771,0.0,0.0,0.5628502604166667,0.0,0,Subject17Activity11Trial1
1.37595,1.070796432567834,6.087663105612133,0.9999860633774784,0.0,0.0,0.5591210937500001,0.0,0,Subject17Activity11Trial1
1.3802499999999998,1.070796432567834,6.373314226457408,0.9999946488670207,0.0,0.0,0.5731490885416667,0.0,0,Subject17Activity11Trial1
1.3663750000000001,1.0687983907173513,5.729966349984702,0.9999976808196345,0.0,0.0,0.5996041666666667,0.0,0,Subject17Activity11Trial1
1.375475,1.0692137298033542,5.972105368406718,0.9999980867794886,0.0,0.0,0.5616861979166666,0.0,0,Subject17Activity11Trial1
1.377675,1.0692137298033542,5.831357657951591,0.9999952687659658,0.0,0.0,0.5589817708333333,0.0,0,Subject17Activity11Trial1
1.382475,1.0693105255256772,6.021803569466803,0.9999922674891197,0.0,0.0,0.5585755208333334,0.0,0,Subject17Activity11Trial1
1.366625,1.0693105255256772,6.049471175943529,0.9999946370525886,0.0,0.0,0.5666282552083334,0.0,0,Subject17Activity11Trial1
1.370375,1.0679864231346763,5.99531205145035,0.9999971005000808,0.0,0.0,0.57337890625,0.0,0,Subject17Activity11Trial1
1.3737249999999999,1.0679573961539852,5.904529182842223,0.9999979972973538,0.0,0.0,0.5666484375,0.0,0,Subject17Activity11Trial1
1.3669499999999999,1.0676085424911137,5.740927401119601,0.9999982676138099,0.0,0.0,0.568609375,0.0,0,Subject17Activity11Trial1
1.380325,1.0691183283435,5.0701090868279906,0.9999986991183488,0.0,0.0,0.5772571614583334,0.0,0,Subject17Activity11Trial1
1.381975,1.0691183283435,4.396659655017434,0.9999934165456176,0.0,0.0,0.5541236979166666,0.0,0,Subject17Activity11Trial1
1.3738,1.068075371872229,5.075090536821223,0.9999953921507798,0.0,0.0,0.5763463541666667,0.0,0,Subject17Activity11Trial1
1.3586,1.068075371872229,4.384727571995917,0.9999969310729978,0.0,0.0,0.558328125,0.0,0,Subject17Activity11Trial1
1.37195,1.0686580369790888,5.798478938056867,0.9999937527094528,0.0,0.0,0.5709798177083334,0.0,0,Subject17Activity11Trial1
1.3640750000000001,1.0686580369790888,5.844950075522037,0.9999944205054542,0.0,0.0,0.5775214843750001,0.0,0,Subject17Activity11Trial1
1.36025,1.0684966073881563,5.1700641712746656,0.9999951552108342,0.0,0.0,0.5768359375000001,0.0,0,Subject17Activity11Trial1
1.373525,1.0684966073881563,4.4808323908346495,0.9999990206681223,0.0,0.0,0.5898255208333334,0.0,0,Subject17Activity11Trial1
1.356125,1.066813479479895,4.180038609395172,0.9999955636280379,0.0,0.0,0.595951171875,0.0,0,Subject17Activity11Trial1
1.3664999999999998,1.066813479479895,5.245492124446816,0.9999973366025736,0.47297297297297297,0.3958333333333333,0.8141510416666667,0.0,0,Subject17Activity11Trial1
1.3715499999999998,1.0686032940244943,4.909593783171493,0.9999934806300177,0.8837209302325582,0.49895833333333334,0.8729557291666667,0.0,0,Subject17Activity11Trial1
1.3772499999999999,1.0667042701705098,4.943549093116154,0.9999977285798908,0.0,0.0,0.5877877604166667,0.0,0,Subject17Activity11Trial2
1.3668,1.0668598783345449,4.52829192013262,0.9999982319684768,0.0,0.0,0.5788730468750001,0.0,0,Subject17Activity11Trial2
1.3725749999999999,1.0694489235115439,4.565582398347956,0.9999928661545151,0.0,0.0,0.5795683593750001,0.0,0,Subject17Activity11Trial2
1.366325,1.0694489235115439,4.277942491108407,0.9999972173491694,0.0,0.0,0.5622499999999999,0.0,0,Subject17Activity11Trial2
1.3689749999999998,1.0704583130603453,4.299709934598974,0.9999934860480129,0.0,0.0,0.5872910156250001,0.0,0,Subject17Activity11Trial2
1.3693499999999998,1.0704583130603453,4.631086994049863,0.9999962257398765,1.864864864864865,0.9614583333333333,0.7160833333333334,0.0,0,Subject17Activity11Trial2
1.355725,1.0704583130603453,3.87195786317983,0.9999964960821159,1.7894736842105263,0.9604166666666667,0.67015625,0.0,0,Subject17Activity11Trial2
1.361325,1.0662992075397975,3.673589861217504,0.99999742021607,0.0,0.0,0.5811588541666668,0.0,0,Subject17Activity11Trial2
1.3557,1.068037920675104,3.8724770609745605,0.9999980439291245,0.0,0.0,0.5625677083333332,0.0,0,Subject17Activity11Trial2
1.3634249999999999,1.0687291518434405,4.129633394325204,0.9999963058558506,0.0,0.0,0.5344830729166666,0.0,0,Subject17Activity11Trial2
1.36015,1.0687291518434405,4.288241979755776,0.9999973193468207,0.0,0.0,0.5503776041666667,0.0,0,Subject17Activity11Trial2
1.358625,1.0678904438190278,4.393647700627211,0.9999955761478774,0.0,0.0,0.5496549479166667,0.0,0,Subject17Activity11Trial2
1.364875,1.0664848803428952,4.243158198589461,0.9999977429190597,0.0,0.0,0.5470247395833333,0.0,0,Subject17Activity11Trial2
1.3584999999999998,1.067498477750671,4.570869295612528,0.9999981200789869,0.0,0.0,0.5495657552083333,0.0,0,Subject17Activity11Trial2
1.36075,1.067498477750671,4.570869295612528,0.9999992216809683,0.0,0.0,0.5654609375,0.0,0,Subject17Activity11Trial2
1.3583499999999997,1.0667281753099054,4.1237917280899445,0.9999975074964822,0.0,0.0,0.5604355468749999,0.0,0,Subject17Activity11Trial2
1.3649749999999998,1.0675865304508108,4.334408109194236,0.9999972890574118,0.0,0.0,0.5782955729166667,0.0,0,Subject17Activity11Trial2
1.357575,1.0675865304508108,4.401497205716007,0.9999978661669222,0.0,0.0,0.5472174479166666,0.0,0,Subject17Activity11Trial2
1.3627499999999997,1.0688882074379902,4.281549916905734,0.9999934878673368,0.0,0.0,0.5409420572916667,0.0,0,Subject17Activity11Trial2
1.3615,1.0688882074379902,4.377067172471433,0.9999972897417321,0.0,0.0,0.5530664062499999,0.0,0,Subject17Activity11Trial2
1.3562,1.0666386454652765,4.34950603173686,0.9999964031997224,0.0,0.0,0.577791015625,0.0,0,Subject17Activity11Trial2
1.3613499999999998,1.0664492486752475,4.305745865977265,0.9999978588522891,0.0,0.0,0.554265625,0.0,0,Subject17Activity11Trial2
1.3585999999999998,1.0664492486752475,3.8565651560079104,0.9999983568534946,0.0,0.0,0.5632220052083333,0.0,0,Subject17Activity11Trial2
1.3612749999999998,1.0675247069740352,3.8638331116145714,0.9999966209584494,0.0,0.0,0.5567623697916666,0.0,0,Subject17Activity11Trial2
1.3611,1.0675247069740352,4.078829544839245,0.9999966989596879,0.0,0.0,0.5670768229166667,0.0,0,Subject17Activity11Trial2
1.3582499999999997,1.0673958965632198,4.078829544839245,0.9999945420048063,0.0,0.0,0.5751575520833334,0.0,0,Subject17Activity11Trial2
1.3516,1.0673958965632198,3.8606259944085863,0.9999979899100241,0.0,0.0,0.5540384114583333,0.0,0,Subject17Activity11Trial2
1.352725,1.066992502316675,3.8606259944085863,0.9999993626078519,0.0,0.0,0.562173828125,0.0,0,Subject17Activity11Trial2
1.3567,1.066992502316675,3.78328105805301,0.9999977484994746,0.0,0.0,0.58047265625,0.0,0,Subject17Activity11Trial2
1.354525,1.0672469255050585,3.908359335574687,0.9999977237790003,0.0,0.0,0.57421484375,0.0,0,Subject17Activity11Trial2
1.350425,1.0684357725198084,4.176312772953825,0.9999955789008076,0.0,0.0,0.5670631510416666,0.0,0,Subject17Activity11Trial2
1.35955,1.0684357725198084,4.176312772953825,0.9999971613047485,0.0,0.0,0.5744368489583334,0.0,0,Subject17Activity11Trial2
1.353525,1.0670473279100605,4.099146549849442,0.9999972006353915,0.0,0.0,0.5713548177083333,0.0,0,Subject17Activity11Trial2
1.3528999999999998,1.0680870751020255,3.9037241292048552,0.999998287768974,0.0,0.0,0.5607975260416665,0.0,0,Subject17Activity11Trial2
1.350825,1.0680870751020255,3.788943966420357,0.9999976985444211,0.0,0.0,0.5713847656250001,0.0,0,Subject17Activity11Trial2
1.3507500000000001,1.0660046904212006,3.650692451348876,0.9999975353737988,0.0,0.0,0.6158411458333333,0.0,0,Subject17Activity11Trial2
1.354625,1.0656537899336727,3.661839761833024,0.9999986561221684,0.0,0.0,0.5438125,0.0,0,Subject17Activity11Trial2
1.348875,1.0653717660985766,3.6795102888319757,0.9999981722908095,0.0,0.0,0.5456360677083334,0.0,0,Subject17Activity11Trial2
1.3555499999999998,1.0687403800736641,3.458082830927662,0.9999957756504237,0.0,0.0,0.5382252604166666,0.0,0,Subject17Activity11Trial2
1.3497499999999998,1.0687403800736641,3.627948247010801,0.999998429132636,0.0,0.0,0.5777962239583333,0.0,0,Subject17Activity11Trial2
1.3564999999999998,1.0679166634152686,3.805418904321874,0.9999964568930332,0.0,0.0,0.5753639322916666,0.0,0,Subject17Activity11Trial2
1.3524749999999996,1.0679166634152686,3.7795909500800153,0.9999996895401106,0.29365079365079366,0.525,0.718810546875,0.0,0,Subject17Activity11Trial2
1.3499499999999998,1.0665997374835603,3.6233519874209232,0.9999960360209827,1.0086206896551724,0.525,1.0282265625,0.03229166666666672,0,Subject17Activity11Trial2
1.3532749999999998,1.0666602083137817,3.6055863003535595,0.999995924531928,0.5299145299145299,0.528125,1.1805625,0.039583333333333415,0,Subject17Activity11Trial2
1.353475,1.0666602083137817,3.827699427458528,0.9999978194678344,1.411764705882353,0.43854166666666666,1.285611328125,0.001041666666666663,0,Subject17Activity11Trial2
1.358425,1.065989681000712,3.5337552574863373,0.9999984235744652,1.9411764705882353,0.440625,1.2964296875,0.00833333333333336,0,Subject17Activity11Trial2
1.350725,1.0665748918852347,3.5811485221089985,0.9999980368185558,1.830188679245283,0.44479166666666664,1.0960045572916666,0.0,0,Subject17Activity11Trial2
1.35645,1.0685639896608907,3.803008300228397,0.9999978117461444,1.9701492537313432,0.4322916666666667,0.986986328125,0.0,0,Subject17Activity11Trial2
1.3537,1.0685639896608907,3.8898834054468026,0.9999975988760166,1.1384615384615384,0.4239583333333333,0.8105462239583334,0.0,0,Subject17Activity11Trial2
1.357075,1.0698247520038038,3.7551518302085007,0.9999871963212216,1.1754385964912282,0.415625,0.7346341145833333,0.0,0,Subject17Activity11Trial2
1.3570499999999999,1.0698247520038038,3.675911551880189,0.9999992091849123,0.9285714285714286,0.43125,0.6608157552083334,0.0,0,Subject17Activity11Trial2
1.351025,1.0680351117823794,3.731863601656352,0.9999981589848594,0.0,0.0,0.5806373697916667,0.0,0,Subject17Activity11Trial3
1.351225,1.0685190686178698,4.059938178861431,0.999994933818857,0.0,0.0,0.6034095052083334,0.0,0,Subject17Activity11Trial3
1.3558999999999999,1.0685190686178698,4.080074739935641,0.9999979271953181,0.0,0.0,0.5746067708333333,0.0,0,Subject17Activity11Trial3
1.3471499999999998,1.0673265667076781,3.9731776193164112,0.9999979794881089,0.0,0.0,0.5630950520833333,0.0,0,Subject17Activity11Trial3
1.356325,1.0675134659572216,3.4626897709933893,0.9999965093326141,0.0,0.0,0.5421927083333333,0.0,0,Subject17Activity11Trial3
1.348975,1.0675134659572216,3.665175173806917,0.9999982113367666,0.0,0.0,0.54479296875,0.0,0,Subject17Activity11Trial3
1.353725,1.0660558146738845,3.785162447219607,0.9999978783297825,0.0,0.0,0.5411536458333334,0.0,0,Subject17Activity11Trial3
1.35885,1.0660558146738845,3.9196708053251275,0.9999978003361722,0.0,0.0,0.5487734375,0.0,0,Subject17Activity11Trial3
1.350525,1.0659469968061264,3.731071428279252,0.9999986683651871,0.0,0.0,0.5572812500000001,0.0,0,Subject17Activity11Trial3
1.35595,1.0681114174092514,3.3083663786482393,0.9999947252437219,0.0,0.0,0.57097265625,0.0,0,Subject17Activity11Trial3
1.3488,1.0681114174092514,3.3482273693927116,0.9999988741207417,0.0,0.0,0.5778977864583333,0.0,0,Subject17Activity11Trial3
1.3538999999999999,1.0671621245152958,3.586231419347966,0.9999970972872639,0.0,0.0,0.542501953125,0.0,0,Subject17Activity11Trial3
1.352175,1.0671621245152958,3.5234840727446546,0.9999989955189799,0.0,0.0,0.5410553385416667,0.0,0,Subject17Activity11Trial3
1.3534499999999998,1.0662387162357219,3.692536351408336,0.9999943518959374,0.0,0.0,0.5576614583333332,0.0,0,Subject17Activity11Trial3
1.357975,1.0662387162357219,3.687583366838492,0.9999961679651524,0.0,0.0,0.5345436197916666,0.0,0,Subject17Activity11Trial3
1.3466999999999998,1.0655393000729725,3.215903218948352,0.9999989268222231,0.0,0.0,0.5460872395833334,0.0,0,Subject17Activity11Trial3
1.357825,1.067922281816425,3.731449428227183,0.9999966835612655,0.0,0.0,0.555126953125,0.0,0,Subject17Activity11Trial3
1.3577249999999998,1.067922281816425,3.745885397765818,0.9999982199206986,0.0,0.0,0.5495247395833334,0.0,0,Subject17Activity11Trial3
1.3561999999999999,1.06627669954848,3.473791606964909,0.9999983294992617,0.0,0.0,0.5390364583333332,0.0,0,Subject17Activity11Trial3
1.3494,1.06627669954848,3.603519667880594,0.9999985541825821,1.2972972972972974,0.9614583333333333,0.5758802083333333,0.0,0,Subject17Activity11Trial3
1.351225,1.0673050173216652,4.653722711622468,0.999996517501184,1.2432432432432432,0.9614583333333333,0.6295748697916667,0.0,0,Subject17Activity11Trial3
1.3854749999999998,1.0767906017420472,5.990740341410124,0.9999591604599533,1.24,0.921875,0.8297747395833334,0.0,0,Subject17Activity11Trial3
1.4253999999999998,1.081675089849073,7.347607298277271,0.9999653753905765,1.323943661971831,0.903125,0.9654667968749999,0.0,0,Subject17Activity11Trial3
1.430675,1.081675089849073,5.2066397919128065,0.9999662977219588,1.280701754385965,0.8822916666666667,0.9303027343749999,0.0,0,Subject17Activity11Trial3
1.40225,1.0806058485868009,4.1968437145169375,0.99998266280757,1.2549019607843137,0.8760416666666667,0.7709264322916667,0.0,0,Subject17Activity11Trial3
1.386825,1.0801083279004935,2.279339232079881,0.9999940889999196,0.0,0.0,0.6560429687499999,0.0,0,Subject17Activity11Trial3
1.388825,1.0712376020286067,3.062243366411593,0.9999890226770047,0.0,0.0,0.6460592447916667,0.0,0,Subject17Activity11Trial3
1.3871499999999999,1.0705699416665873,3.7313097217241555,0.9999889212192425,0.696969696969697,0.8979166666666667,0.7242057291666667,0.0,0,Subject17Activity11Trial3
1.369075,1.0733969442848252,2.54020786995288,0.9999706779986929,1.162162162162162,0.8697916666666666,0.794416015625,0.0,0,Subject17Activity11Trial3
1.3568749999999998,1.0733969442848252,2.075386295267851,0.9999937965332979,1.3888888888888888,0.8708333333333333,0.8321067708333333,0.0,0,Subject17Activity11Trial3
1.3470999999999997,1.0691580799863039,2.45658747584838,0.9999907000627065,1.103896103896104,0.8947916666666667,1.1045735677083335,0.0,0,Subject17Activity11Trial3
1.3615249999999999,1.0734966231898448,5.146825497634566,0.9999638292900935,1.1123595505617978,0.9072916666666667,1.2182591145833332,0.0,0,Subject17Activity11Trial3
1.369575,1.0787701330682082,4.95269392348807,0.9999381331444458,0.927710843373494,0.9135416666666667,1.0281074218750001,0.0,0,Subject17Activity11Trial3
1.3554749999999998,1.0787701330682082,4.335745551565619,0.9999922174404756,0.88,0.9479166666666666,0.7684869791666666,0.0,0,Subject17Activity11Trial3
1.3664,1.0706306552681928,5.118811588154742,0.9999892063596587,0.0,0.0,0.62959765625,0.0,0,Subject17Activity11Trial3
1.3552749999999998,1.0689499520557546,5.292113544949647,0.9999952339498299,1.05,0.9583333333333334,0.5981477864583333,0.0,0,Subject17Activity11Trial3
1.3577249999999998,1.068588321104063,5.874957287976077,0.9999979592072445,0.0,0.0,0.626431640625,0.0,0,Subject17Activity11Trial3
1.3668,1.068588321104063,5.579274472257879,0.9999896184205898,0.0,0.0,0.6165638020833333,0.0,0,Subject17Activity11Trial3
1.364975,1.0683159644973952,4.482247371389878,0.9999955006592637,0.0,0.0,0.5887473958333332,0.0,0,Subject17Activity11Trial3
1.359825,1.0683159644973952,4.559006065482514,0.9999986899363994,0.0,0.0,0.5818958333333333,0.0,0,Subject17Activity11Trial3
1.3487,1.0686430648256693,4.053824514521271,0.9999944599229259,0.0,0.0,0.6123509114583333,0.0,0,Subject17Activity11Trial3
1.3591,1.0687062271737728,4.3442347246089135,0.9999916108795905,0.0,0.0,0.6041979166666667,0.0,0,Subject17Activity11Trial3
1.3493249999999999,1.0687062271737728,4.307853547766236,0.9999986216411526,0.0,0.0,0.5959811197916667,0.0,0,Subject17Activity11Trial3
1.3562249999999998,1.0675701382110685,4.167125791952657,0.9999993367970033,0.0,0.0,0.5926022135416666,0.0,0,Subject17Activity11Trial3
1.3574249999999999,1.0675701382110685,4.1658443405951715,0.9999942447780427,0.0,0.0,0.5699752604166666,0.0,0,Subject17Activity11Trial3
1.3550749999999998,1.066951264116595,3.910182280793194,0.9999986822705564,0.0,0.0,0.5556783854166666,0.0,0,Subject17Activity11Trial3
1.35235,1.0660107879379082,3.909413468688914,0.9999966923999509,0.0,0.0,0.57088671875,0.0,0,Subject17Activity11Trial3
1.350075,1.0686393217545385,3.8160092087405957,0.9999924627452285,0.0,0.0,0.58714453125,0.0,0,Subject17Activity11Trial3
1.351925,1.0698350340122535,4.014137247140425,0.9999932680201474,0.0,0.0,0.597712890625,0.0,0,Subject17Activity11Trial3
1.3502999999999998,1.0890073461643865,6.444568715650853,0.9998831296472037,0.0,0.0,0.6353020833333334,0.0,0,Subject17Activity11Trial3
1.574475,2.9801229840394172,57.121463692361004,0.5408155326991934,1.7880794701986755,0.6854166666666667,5.866869791666667,0.22083333333333333,1,Subject17Activity1Trial1
1.38975,2.9801229840394172,68.25399470405925,0.9805947547148041,1.9434782608695653,0.7604166666666666,5.13697265625,0.07916666666666661,1,Subject17Activity1Trial1
1.143475,1.8558634109222585,20.302171003193962,0.9999848287060831,1.4408602150537635,0.903125,1.5582975260416665,0.0,0,Subject17Activity1Trial1
1.0794000000000001,0.9795458131195294,1.8889034176027337,0.9998888135354974,1.6103896103896105,0.903125,1.2291022135416667,0.0,0,Subject17Activity1Trial1
1.0654,0.9890722926055506,3.261725358345359,0.9997536282885858,1.6705882352941177,0.9114583333333334,1.4248587239583332,0.00520833333333337,0,Subject17Activity1Trial1
1.063575,0.9890722926055506,3.910988777736776,0.9998765261855467,2.0140845070422535,0.9260416666666667,1.4839934895833333,0.0010416666666667185,0,Subject17Activity1Trial1
1.07235,0.9789565873929241,2.0708725662750567,0.9999977210998419,1.5857142857142856,0.9270833333333334,1.0149531250000001,0.0,0,Subject17Activity1Trial1
1.57945,3.1296955123462094,109.77902739976167,0.5188598722509843,1.4901315789473684,0.6833333333333333,6.157613281250001,0.15104166666666663,1,Subject17Activity1Trial2
1.367475,3.1296955123462094,117.3751016061241,0.9938544808076769,1.8571428571428572,0.7302083333333333,4.023087890625,0.09895833333333337,1,Subject17Activity1Trial2
1.0579249999999998,1.2774713304023695,28.410510088959285,0.999982311787867,1.7945205479452055,0.9239583333333333,1.252171875,0.007291666666666585,0,Subject17Activity1Trial2
1.0355,0.9995584024958222,1.3608380854255984,0.9999930849579267,0.0,0.0,0.6723177083333333,0.0,0,Subject17Activity1Trial2
1.03205,0.9774052383735213,0.7803090851793968,0.9999881579649187,0.0,0.0,0.6380032552083333,0.0,0,Subject17Activity1Trial2
1.0293249999999998,0.9802759815480536,1.185013353203857,0.999968784208664,1.6666666666666667,0.971875,0.69872265625,0.0,0,Subject17Activity1Trial2
1.020525,0.9802759815480536,1.185013353203857,0.9999964714484499,1.3055555555555556,0.9625,0.7608763020833333,0.0,0,Subject17Activity1Trial2
1.55655,3.211469601288482,79.55834508727168,0.4986742621259364,1.4078947368421053,0.6833333333333333,6.462342447916666,0.21562499999999996,1,Subject17Activity1Trial3
1.3324500000000001,3.211469601288482,81.90067824188873,0.9988281461604839,1.458955223880597,0.7208333333333333,4.507246744791667,0.046875,1,Subject17Activity1Trial3
1.06245,1.8015843027735339,14.42103369183883,0.9999460840940038,1.8767123287671232,0.9239583333333333,1.5240755208333336,0.0,1,Subject17Activity1Trial3
1.037275,1.001842302959902,2.133217158489998,0.9999931747614405,1.7878787878787878,0.965625,0.8593255208333334,0.0,0,Subject17Activity1Trial3
1.03535,0.9748943532506483,1.3190689966089906,0.9999798493405602,0.0,0.0,0.6660891927083333,0.0,0,Subject17Activity1Trial3
1.03815,0.9748943532506483,1.019070046892523,0.9999972946704783,0.0,0.0,0.600341796875,0.0,0,Subject17Activity1Trial3
1.03305,0.9743485002810852,0.5247003432674546,0.9999765865920877,0.0,0.0,0.578994140625,0.0,0,Subject17Activity1Trial3
1.5995250000000003,2.3941411821360914,83.35913311276593,0.6721412652308667,1.7733333333333334,0.6875,6.598095703125,0.16458333333333341,1,Subject17Activity2Trial1
1.5294999999999999,2.3941411821360914,80.89326300757587,0.9946836168465014,1.9625,0.75,5.904102213541666,0.08020833333333333,1,Subject17Activity2Trial1
1.335225,1.1564402275950105,22.755307475437064,0.9996252474900872,2.596774193548387,0.9354166666666667,1.9482239583333332,0.05312499999999998,0,Subject17Activity2Trial1
1.3012000000000001,0.986477571970088,4.398549996246317,0.9999568871054649,2.1587301587301586,0.934375,0.9849524739583334,0.0,0,Subject17Activity2Trial1
1.288775,0.9766396469527541,1.3705128760523166,0.9998377412433336,1.5961538461538463,0.9458333333333333,0.7766666666666667,0.0,0,Subject17Activity2Trial1
1.2792000000000001,0.9817153355224721,2.011688188300127,0.9999315141423819,1.3333333333333333,0.94375,0.7345227864583334,0.0,0,Subject17Activity2Trial1
1.269425,0.9817153355224721,1.7486463845508524,0.9999875732003495,0.0,0.0,0.5763756510416667,0.0,0,Subject17Activity2Trial1
1.267775,0.96710961116101,0.8855027013356676,0.9999961004445354,0.0,0.0,0.5676536458333333,0.0,0,Subject17Activity2Trial1
1.5928749999999998,2.987160022496284,98.49411944419388,0.6909737095869953,1.2633333333333334,0.6875,6.129389322916667,0.18958333333333333,1,Subject17Activity2Trial2
1.398825,2.987160022496284,109.50368096969329,0.9765089284783088,1.5236051502145922,0.7572916666666667,4.79944140625,0.09166666666666667,1,Subject17Activity2Trial2
1.125475,1.968698554883403,32.92859090651541,0.9997565637067324,1.9382716049382716,0.915625,1.5528912760416667,0.0,0,Subject17Activity2Trial2
1.0661,0.9902131083761717,1.8520184679805993,0.999960517470668,2.896551724137931,0.928125,0.936439453125,0.0,0,Subject17Activity2Trial2
1.0767,1.00639852941069,3.2686503437706165,0.9992635149576189,1.752808988764045,0.9072916666666667,1.759830078125,0.02499999999999991,0,Subject17Activity2Trial2
1.077575,1.028149794533851,3.2686503437706165,0.9998709057631727,1.793103448275862,0.909375,2.0800481770833334,0.048958333333333326,0,Subject17Activity2Trial2
1.067575,1.028149794533851,2.340221199881114,0.9999933914897204,1.7954545454545454,0.9083333333333333,1.3669121093749999,0.0,0,Subject17Activity2Trial2
1.073275,0.981152383679518,1.6024280722185154,0.9998808080727944,1.9189189189189189,0.9229166666666667,1.0168333333333333,0.0,0,Subject17Activity2Trial2
1.5772,3.0397779524169195,117.27896459667878,0.6747171468239541,1.4337748344370862,0.6854166666666667,5.771564453125,0.22499999999999998,1,Subject17Activity2Trial3
1.4768250000000003,3.0397779524169195,125.81468833560868,0.9379584830973364,1.6150627615062763,0.7510416666666667,5.760833333333332,0.07291666666666674,1,Subject17Activity2Trial3
1.2158,3.0397779524169195,70.76756985327975,0.9999001499603952,2.219178082191781,0.9239583333333333,1.5458697916666666,0.0,0,Subject17Activity2Trial3
1.1591999999999998,1.002094805894133,2.992110764315754,0.9999883864208943,2.3076923076923075,0.9729166666666667,0.7268912760416667,0.0,0,Subject17Activity2Trial3
1.167025,0.9657318468394837,1.6539449496822556,0.9999762710285905,0.0,0.0,0.8255703125,0.0,0,Subject17Activity2Trial3
1.167675,0.9657318468394837,1.7352100914258983,0.9999826243466817,0.0,0.0,0.7907610677083334,0.0,0,Subject17Activity2Trial3
1.1583999999999999,0.9643199676455942,1.7490366764527039,0.9999980165412582,0.0,0.0,0.7094720052083334,0.0,0,Subject17Activity2Trial3
1.154525,0.9612398243934757,1.4673417235731847,0.9999953414579329,0.0,0.0,0.67021484375,0.0,0,Subject17Activity2Trial3
1.6295750000000002,5.404021187967346,132.85079869893298,0.2550105364589485,1.3122923588039868,0.6864583333333333,5.137986328125001,0.14583333333333337,1,Subject17Activity3Trial1
1.6676749999999998,5.404021187967346,146.8087458140029,0.9079647166706756,1.6337448559670782,0.746875,5.695179036458333,0.0708333333333333,1,Subject17Activity3Trial1
1.518025,2.666399819981992,85.685122468692,0.9983123388983955,2.2162162162162162,0.884375,1.9082233072916668,0.0,0,Subject17Activity3Trial1
1.36255,1.2814967811118372,9.164698398128463,0.999988751888621,0.0,0.0,0.7120397135416667,0.0,0,Subject17Activity3Trial1
1.3432,1.0791612483776463,2.2889540761122937,0.9999985124405125,0.8723404255319149,0.928125,0.6893463541666667,0.0,0,Subject17Activity3Trial1
1.333225,1.069742492378423,2.6363096968699473,0.9999812099295338,0.0,0.0,0.6512337239583333,0.0,0,Subject17Activity3Trial1
1.3299999999999998,1.069742492378423,3.2028919285690236,0.9999812382685384,0.8163265306122449,0.9302083333333333,0.7569641927083335,0.0,0,Subject17Activity3Trial1
1.32415,1.0733191510450188,3.9696040198634908,0.9999737517998003,0.0,0.0,0.6068776041666666,0.0,0,Subject17Activity3Trial1
1.6212,3.2124914007667007,129.9766470066573,0.5057597078556854,1.207236842105263,0.6833333333333333,5.22441796875,0.07291666666666663,1,Subject17Activity3Trial2
1.6921999999999997,3.2124914007667007,142.43451351118566,0.925955070366123,1.4788732394366197,0.7041666666666667,6.174787109375001,0.04999999999999993,1,Subject17Activity3Trial2
1.5767,1.9086757189213677,83.52952442668064,0.9985118324314259,2.2439024390243905,0.8291666666666667,3.0452083333333335,0.025000000000000022,1,Subject17Activity3Trial2
1.3886749999999999,1.1243993952328504,16.011482051329246,0.99988418614415,1.0405405405405406,0.8625,1.1218854166666667,0.0,0,Subject17Activity3Trial2
1.37625,1.0844468636129665,4.258182493290239,0.9999879766469777,2.305084745762712,0.8927083333333333,1.0257903645833335,0.0,0,Subject17Activity3Trial2
1.36075,1.0725698112477342,2.9647586232752285,0.9999753269234,2.2,0.8916666666666667,0.8630924479166666,0.0,0,Subject17Activity3Trial2
1.36775,1.092502631575778,9.539873855037124,0.9999684374860252,2.3333333333333335,0.8947916666666667,0.8473307291666666,0.04270833333333335,0,Subject17Activity3Trial2
1.3724750000000001,1.092502631575778,11.16762438769177,0.9996315847788295,1.6481481481481481,0.94375,0.835845703125,0.0,0,Subject17Activity3Trial2
1.4879250000000002,1.025259479351447,74.67425261606252,0.9658175443291165,0.8448844884488449,0.684375,4.130017578125001,0.11562499999999998,0,Subject17Activity3Trial3
1.729575,4.306373184014595,160.58162155333045,0.7256498963441029,1.3874172185430464,0.6854166666666667,6.280840494791667,0.11249999999999993,1,Subject17Activity3Trial3
1.729625,4.306373184014595,161.63480566406523,0.9941789890567104,3.019867549668874,0.8427083333333333,4.224326171875,0.023958333333333415,0,Subject17Activity3Trial3
1.35,1.2920793319297388,31.060351235814625,0.9999654353431097,0.8732394366197183,0.9260416666666667,1.15325390625,0.009375000000000022,0,Subject17Activity3Trial3
1.31385,1.102571993114282,5.125078145189162,0.9999408239875064,1.25,0.9458333333333333,0.8059231770833334,0.0,0,Subject17Activity3Trial3
1.2968,1.0771917192403588,3.6030352136017036,0.9999986847260165,0.0,0.0,0.5927792968750001,0.0,0,Subject17Activity3Trial3
1.3196,1.0971526785274692,6.153082808903749,0.999603689830948,1.3278688524590163,0.9364583333333333,0.8947161458333334,0.0,0,Subject17Activity3Trial3
1.371775,1.0971526785274692,6.3587418795939925,0.9999768920616953,1.3833333333333333,0.9375,0.9625019531250001,0.0,0,Subject17Activity3Trial3
1.9895749999999999,4.029524165456761,121.63654118905981,0.3776745998563561,1.5966666666666667,0.6875,5.896516276041667,0.21250000000000002,1,Subject17Activity4Trial1
1.898975,4.029524165456761,121.63654118905981,0.9372793567753617,1.4259927797833936,0.7114583333333333,5.637243489583333,0.10000000000000009,1,Subject17Activity4Trial1
1.380725,1.712016647115325,41.49435379443163,0.9997424389548433,3.2549019607843137,0.89375,1.7714407552083333,0.09166666666666667,0,Subject17Activity4Trial1
1.33265,1.0354868420216647,7.976583424313446,0.9999936433014571,0.0,0.0,0.8486334635416668,0.0,0,Subject17Activity4Trial1
1.32575,0.9762489436614004,8.072316639864866,0.9994407898209581,1.4174757281553398,0.8927083333333333,1.3542884114583333,0.0,0,Subject17Activity4Trial1
1.3260999999999998,0.9762489436614004,8.072316639864866,0.9998962177537615,1.9509803921568627,0.89375,1.6813567708333335,0.0,0,Subject17Activity4Trial1
1.3236,0.9626286926951637,6.458514817104486,0.9997593861550067,1.1862745098039216,0.89375,1.5229277343749998,0.04583333333333339,0,Subject17Activity4Trial1
1.3132,0.9626286926951637,4.368393950965881,0.9999933863788596,1.3010752688172043,0.903125,1.171876953125,0.05312499999999998,0,Subject17Activity4Trial1
1.67125,2.9243676239488083,64.10595550366419,0.6087743978558576,1.353135313531353,0.684375,6.491944661458334,0.11562500000000009,1,Subject17Activity4Trial2
1.5776499999999998,2.9243676239488083,64.10595550366419,0.9903134634008691,1.771551724137931,0.7583333333333333,4.639130208333333,0.059374999999999956,1,Subject17Activity4Trial2
1.39785,1.3101103006999066,25.329095247956232,0.9998771338901329,2.918032786885246,0.9364583333333333,1.2924368489583333,0.0,0,Subject17Activity4Trial2
1.427025,0.9904907874382276,9.10831795397985,0.9999828737543403,0.0,0.0,0.7432135416666666,0.0,0,Subject17Activity4Trial2
1.395425,0.9737561296341092,5.068379384692946,0.9999879160716311,0.0,0.0,0.7020572916666667,0.0,0,Subject17Activity4Trial2
1.374625,0.9737561296341092,6.885775426898476,0.9999926966593508,0.0,0.0,0.6676022135416668,0.0,0,Subject17Activity4Trial2
1.3373750000000002,0.9657867259390139,3.7903010558741386,0.9999996022519576,0.0,0.0,0.5897272135416667,0.0,0,Subject17Activity4Trial2
1.3271000000000002,0.9870526834976946,6.923316223191009,0.9998910895243835,0.0,0.0,0.5587779947916667,0.0,0,Subject17Activity4Trial2
1.7273,3.387088572801131,97.94125126693221,0.9578185998153758,1.4697986577181208,0.6895833333333333,6.351159505208334,0.15520833333333328,1,Subject17Activity4Trial3
1.7143500000000003,3.387088572801131,92.30585907156554,0.999494087088081,2.1124260355029585,0.8239583333333333,3.4492382812500004,0.01041666666666663,0,Subject17Activity4Trial3
1.451275,1.0639121204310062,10.370959170210554,0.9999785475856601,0.0,0.0,0.9333411458333332,0.0,0,Subject17Activity4Trial3
1.4409500000000002,0.9800438765687993,5.045716057708404,0.9999817093511105,0.0,0.0,0.7081790364583334,0.0,0,Subject17Activity4Trial3
1.436175,0.9841717329815971,4.990866492715298,0.9999427454755724,0.0,0.0,0.7047311197916667,0.0,0,Subject17Activity4Trial3
1.4402250000000003,0.9841717329815971,2.0261615304588076,0.9999887982574088,0.0,0.0,0.6913763020833334,0.0,0,Subject17Activity4Trial3
1.45,0.9785647653579195,3.8192121560208676,0.999992665223768,0.0,0.0,0.6225970052083334,0.0,0,Subject17Activity4Trial3
1.5541249999999998,3.7467110910770796,88.89222331063807,0.6170811696677265,1.04,0.6875,4.717153645833333,0.10312499999999991,1,Subject17Activity5Trial1
1.6025000000000003,3.7467110910770796,136.2308946159824,0.9307026608836726,1.2533783783783783,0.6916666666666667,4.970217447916666,0.10729166666666667,1,Subject17Activity5Trial1
1.5171,2.076047446471299,136.2308946159824,0.9983249103735022,3.1848739495798317,0.8760416666666667,2.2501009114583335,0.0,0,Subject17Activity5Trial1
1.387125,1.2089871794192029,15.592483981681028,0.9999724017341839,0.0,0.0,0.7164153645833333,0.0,0,Subject17Activity5Trial1
1.366525,1.0945620128617655,3.359155390129123,0.9998749308301655,1.4150943396226414,0.9447916666666667,0.8186438802083332,0.0,0,Subject17Activity5Trial1
1.3582249999999998,1.0945620128617655,3.439606419560393,0.9999962640082711,1.4150943396226414,0.9447916666666667,0.807828125,0.0,0,Subject17Activity5Trial1
1.3760000000000001,1.0970068368064074,6.0542983524700755,0.999970664374037,1.4090909090909092,0.9541666666666667,0.7599427083333333,0.0,0,Subject17Activity5Trial1
1.379775,1.0970068368064074,6.0542983524700755,0.999986559892777,1.3125,0.95,0.8249557291666667,0.0,0,Subject17Activity5Trial1
1.73395,3.544143337959118,112.8647124890499,0.5117009438061195,1.2913907284768211,0.6854166666666667,5.095006510416667,0.1333333333333333,1,Subject17Activity5Trial2
1.7056499999999999,3.544143337959118,138.08478299930667,0.9182508546943934,1.3680297397769516,0.7197916666666667,5.379829427083334,0.1802083333333333,1,Subject17Activity5Trial2
1.3274000000000001,2.109167608323246,100.30948906404696,0.9996510639380136,2.4571428571428573,0.890625,2.2902949218749997,0.10416666666666674,0,Subject17Activity5Trial2
1.1615499999999999,1.0972442754464478,6.802339416613482,0.9999706174935882,1.875,0.9666666666666667,0.9223919270833333,0.0,0,Subject17Activity5Trial2
1.137325,1.0657518472890393,2.950508637145842,0.9999827007595609,2.0625,0.8854166666666666,0.79914453125,0.0,0,Subject17Activity5Trial2
1.144825,1.0640202065750444,3.4027477005727373,0.9999936973138964,2.2045454545454546,0.8916666666666667,0.8661106770833333,0.0,0,Subject17Activity5Trial2
1.15495,1.0656730267769752,2.120526870218303,0.9999661988488207,2.8181818181818183,0.9427083333333334,1.4879869791666667,0.45833333333333337,0,Subject17Activity5Trial2
1.147175,1.0656730267769752,1.5348316149772288,0.999982410738708,0.9819819819819819,0.446875,1.5794381510416666,0.0,0,Subject17Activity5Trial2
1.55275,2.8515330964237466,110.13938545823403,0.664105196317519,1.096026490066225,0.6854166666666667,4.870206380208333,0.08333333333333326,1,Subject17Activity5Trial3
1.5418999999999998,2.8515330964237466,141.08793785594503,0.9213167321681548,1.2133333333333334,0.6875,4.718784505208333,0.09999999999999998,1,Subject17Activity5Trial3
1.356875,1.9375409673088204,82.60390356759557,0.9979007871307958,3.849462365591398,0.903125,2.216912109375,0.0,1,Subject17Activity5Trial3
1.1527249999999998,1.2197421858737199,8.43690570969334,0.9999248037472537,1.5227272727272727,0.9541666666666667,0.8834557291666666,0.0,0,Subject17Activity5Trial3
1.143525,1.0972584016538676,3.347778201901217,0.9999960251326871,0.0,0.0,0.6324720052083334,0.0,0,Subject17Activity5Trial3
1.12165,1.0663048344633912,3.504284242343803,0.9999708283852986,1.8048780487804879,0.9572916666666667,0.7314381510416667,0.0,0,Subject17Activity5Trial3
1.1081999999999999,1.0663048344633912,2.178874420774412,0.9999975276280939,1.8780487804878048,0.9572916666666667,0.7321725260416667,0.0,0,Subject17Activity5Trial3
1.5887249999999997,1.0974502266617834,7.506285816553039,0.9999672898461209,0.7346938775510204,0.496875,1.8973444010416671,0.0,0,Subject1Activity11Trial1
1.5795749999999997,1.0746599462155457,2.685832390858266,0.9999836334382274,0.368,0.37604166666666666,0.9199192708333335,0.0,0,Subject1Activity11Trial1
1.57365,1.0737583527032515,4.5547976439984765,0.9999866571335279,0.0,0.0,0.585005859375,0.0,0,Subject1Activity11Trial1
1.5609750000000002,1.0907048179961432,3.929309620986462,0.9998660535959194,1.2,0.9322916666666666,0.7312526041666667,0.0,0,Subject1Activity11Trial1
1.5610500000000003,1.0907048179961432,3.7001844733083935,0.9998266357729615,0.7333333333333333,0.9375,0.8691041666666666,0.0,0,Subject1Activity11Trial1
1.5455999999999999,1.0884939136256113,4.702776396356203,0.99993345944386,0.9516129032258065,0.9354166666666667,0.7286406249999999,0.0,0,Subject1Activity11Trial1
1.5397750000000001,1.0877688173504516,4.722143285746988,0.9998458906017691,1.065217391304348,0.9520833333333333,0.7521803385416667,0.0,0,Subject1Activity11Trial1
1.5569250000000001,1.1012697217303307,6.15532748856932,0.9997741050548603,1.4366197183098592,0.9260416666666667,0.8796223958333332,0.0,0,Subject1Activity11Trial1
1.5643749999999996,1.1012697217303307,6.18310108740134,0.999976799972203,0.0,0.0,0.62835546875,0.0,0,Subject1Activity11Trial1
1.5655249999999998,1.0802967184991352,4.971274056343862,0.9999794497886813,0.0,0.0,0.6063723958333334,0.0,0,Subject1Activity11Trial1
1.565775,1.080374934918429,4.385301098566323,0.9999660497489218,0.0,0.0,0.62720703125,0.0,0,Subject1Activity11Trial1
1.56575,1.0841429795003978,4.566992827375007,0.9999860606984086,0.0,0.0,0.6625957031249999,0.0,0,Subject1Activity11Trial1
1.5664,1.0841429795003978,4.566992827375007,0.9999829738300188,0.0,0.0,0.6371061197916666,0.0,0,Subject1Activity11Trial1
1.56685,1.0770668502929612,3.588251679080102,0.9999823020046494,0.0,0.0,0.6037174479166667,0.0,0,Subject1Activity11Trial1
1.54345,1.0733624737245102,6.223310631550987,0.9999669274645644,0.0,0.0,0.5806432291666667,0.0,0,Subject1Activity11Trial1
1.539825,1.0761235988491284,5.9112014773542185,0.999975387093075,0.0,0.0,0.59496484375,0.0,0,Subject1Activity11Trial1
1.5597249999999998,1.0761235988491284,3.648100893467369,0.999982654833034,0.0,0.0,0.5807962239583333,0.0,0,Subject1Activity11Trial1
1.5509,1.0749599992557861,3.086778294158549,0.9999530432278106,0.0,0.0,0.58448046875,0.0,0,Subject1Activity11Trial1
1.553675,1.0841872531993724,4.290246131151562,0.99994785751102,0.0,0.0,0.6104973958333334,0.0,0,Subject1Activity11Trial1
1.5534500000000002,1.0841872531993724,4.3993811197092505,0.999990256778522,0.0,0.0,0.6110611979166667,0.0,0,Subject1Activity11Trial1
1.55595,1.075952601186502,4.796237043682833,0.9999852990568923,0.0,0.0,0.5910149739583332,0.0,0,Subject1Activity11Trial1
1.546825,1.0772576293533502,5.937325775488489,0.9999499496570193,0.0,0.0,0.6265234375,0.0,0,Subject1Activity11Trial1
1.5374500000000002,1.1220953613664038,16.28902223354342,0.9993848765559756,2.1029411764705883,0.9291666666666667,1.3660625,0.0,0,Subject1Activity11Trial1
1.540475,1.1249382205259095,16.28902223354342,0.9987388211179857,0.8654970760233918,0.5114583333333333,2.4502656249999997,0.001041666666666663,0,Subject1Activity11Trial1
1.5582749999999999,1.1249382205259095,10.003339670777397,0.9998776288242364,1.0331491712707181,0.515625,2.790675130208333,0.4197916666666666,0,Subject1Activity11Trial1
1.5855,1.108753353997182,8.875913427793094,0.9995774385992645,0.5575757575757576,0.4947916666666667,2.247665364583333,0.4416666666666667,0,Subject1Activity11Trial1
1.56615,1.097695768416732,5.798521245370036,0.9999636484503157,0.8804347826086957,0.41458333333333336,1.7683138020833336,0.002083333333333326,0,Subject1Activity11Trial1
1.553475,1.0845966992389382,4.6091316257550865,0.9999484613137455,1.4883720930232558,0.4,1.596455078125,0.04166666666666663,0,Subject1Activity11Trial1
1.5776,1.1027982589757748,6.853319673714651,0.9998402796562459,1.2403100775193798,0.4427083333333333,1.4730813802083333,0.08020833333333333,0,Subject1Activity11Trial1
1.580125,1.1027982589757748,4.442589049432609,0.9999817386590565,0.6475409836065574,0.5145833333333333,0.9692695312499999,0.0,0,Subject1Activity11Trial1
1.577525,1.072190747954859,3.38062208484045,0.9999913116994625,0.0,0.0,0.5752083333333333,0.0,0,Subject1Activity11Trial1
1.5647749999999998,1.072190747954859,4.659022080906858,0.9999887616693807,0.0,0.0,0.5620722656250001,0.0,0,Subject1Activity11Trial1
1.553575,1.0748595257055686,2.8911694452615606,0.9999853780975427,0.0,0.0,0.5476660156250001,0.0,0,Subject1Activity11Trial1
1.57545,1.0903513195296275,3.7300588279734974,0.9999612642462431,0.8375,0.9166666666666666,0.8375481770833334,0.0,0,Subject1Activity11Trial1
1.5698999999999999,1.0903513195296275,3.480491550452271,0.9999938367866794,0.8955223880597015,0.9302083333333333,0.8507096354166667,0.0,0,Subject1Activity11Trial1
1.5594999999999999,1.105,4.927928408983618,0.9991669803010896,1.6176470588235294,0.9291666666666667,0.830216796875,0.0,0,Subject1Activity11Trial1
1.56625,1.105,6.437256957652494,0.9999419006354001,0.9852941176470589,0.9291666666666667,0.7505436197916667,0.009375000000000022,0,Subject1Activity11Trial1
1.5603500000000001,1.0816584488645202,6.052468637661441,0.9999838388199958,0.0,0.0,0.5838385416666666,0.0,0,Subject1Activity11Trial1
1.5605,1.085173258056058,3.731806108075144,0.9999491206892175,0.0,0.0,0.56490625,0.0,0,Subject1Activity11Trial1
1.5506,1.085173258056058,5.276670093998529,0.9999859807996203,0.0,0.0,0.558939453125,0.0,0,Subject1Activity11Trial1
1.5485,1.078264346067327,4.566775454014785,0.9999510610910335,0.0,0.0,0.5491028645833333,0.0,0,Subject1Activity11Trial1
1.5525749999999998,1.078264346067327,4.592277135001591,0.9999933054629101,0.0,0.0,0.5537929687500001,0.0,0,Subject1Activity11Trial1
1.5447499999999998,1.0710266103136747,3.354341176910502,0.9999828035787978,0.0,0.0,0.560912109375,0.0,0,Subject1Activity11Trial1
1.56365,1.085539957809016,4.303727502849782,0.9999177061867527,0.746031746031746,0.934375,0.6952519531249999,0.002083333333333326,0,Subject1Activity11Trial1
1.560575,1.085539957809016,4.668545612450412,0.999942997321391,1.2926829268292683,0.9572916666666667,0.7164720052083332,0.0,0,Subject1Activity11Trial1
1.5577,1.0801486008878594,5.463691124822823,0.9999552842557005,1.7142857142857142,0.95625,0.7003229166666667,0.0,0,Subject1Activity11Trial1
1.5796750000000002,1.0950849282133326,3.7254787040699746,0.9999704257010438,0.6794871794871795,0.91875,0.7076855468750001,0.0,0,Subject1Activity11Trial1
1.5631,1.0950849282133326,5.010803958169614,0.9999849505014229,0.0,0.0,0.5454466145833333,0.0,0,Subject1Activity11Trial1
1.5613,1.0757778581101212,4.72023192546818,0.9999849838329594,0.0,0.0,0.5435963541666666,0.0,0,Subject1Activity11Trial1
1.579025,1.0757778581101212,3.65566462497895,0.9999872656021129,0.0,0.0,0.5484192708333333,0.0,0,Subject1Activity11Trial1
1.56835,1.0757778581101212,4.244068053834251,0.9999783759711048,0.0,0.0,0.5432799479166667,0.0,0,Subject1Activity11Trial1
1.5711249999999999,1.0771652612296778,4.273203157836797,0.9999709641868433,0.0,0.0,0.5400989583333333,0.0,0,Subject1Activity11Trial1
1.5695000000000001,1.0726644396082123,3.143143766853001,0.9999929731911893,0.0,0.0,0.5576419270833333,0.0,0,Subject1Activity11Trial2
1.5875,1.0726644396082123,2.4199571906449613,0.9999965799556304,0.0,0.0,0.5442024739583333,0.0,0,Subject1Activity11Trial2
1.58425,1.0731234784497077,2.8420843343091775,0.999979796520587,0.0,0.0,0.5419309895833333,0.0,0,Subject1Activity11Trial2
1.5791,1.0731234784497077,2.2193619350005314,0.9999945784138548,0.0,0.0,0.5299687500000001,0.0,0,Subject1Activity11Trial2
1.588775,1.0733708585572834,2.277744135933659,0.999991477822969,0.0,0.0,0.5367936197916666,0.0,0,Subject1Activity11Trial2
1.57425,1.0746613420050057,3.585857987300706,0.9999808382705593,1.25,0.8395833333333333,0.6048613281249999,0.0,0,Subject1Activity11Trial2
1.5735,1.0746613420050057,3.35307206158879,0.9999955718576188,1.3225806451612903,0.85625,0.7749381510416667,0.0,0,Subject1Activity11Trial2
1.5961750000000001,1.073909679628599,2.593020661215217,0.9999938225623682,1.7538461538461538,0.846875,0.7475208333333333,0.0,0,Subject1Activity11Trial2
1.592325,1.073909679628599,2.7302814703386282,0.9999912864181227,0.0,0.0,0.5859029947916666,0.0,0,Subject1Activity11Trial2
1.577775,1.0820665413919792,3.1474146864092525,0.9999391485382895,1.8681318681318682,0.9052083333333333,0.9364733072916668,0.0,0,Subject1Activity11Trial2
1.5785999999999998,1.086183686123116,4.3448115625181,0.9999255011001373,2.10989010989011,0.9052083333333333,1.2009713541666667,0.0010416666666666075,0,Subject1Activity11Trial2
1.5734249999999999,1.086183686123116,4.365705896628555,0.9999797055132555,1.0535714285714286,0.9416666666666667,0.8453639322916666,0.0,0,Subject1Activity11Trial2
1.567625,1.0756509656947275,1.9773705010984628,0.9999924641466138,0.24031007751937986,0.5239583333333333,0.6876998697916668,0.0,0,Subject1Activity11Trial2
1.576525,1.072739017655273,1.555761254793893,0.9999937708408343,0.6888888888888889,0.5416666666666666,1.1081725260416666,0.02083333333333326,0,Subject1Activity11Trial2
1.5859,1.07579598437622,2.047553193253094,0.9999928068196753,0.8,0.484375,1.5193548177083334,0.03749999999999998,0,Subject1Activity11Trial2
1.58585,1.07579598437622,2.9449126007722377,0.9999725436824067,1.625,0.41458333333333336,1.8017083333333332,0.011458333333333348,0,Subject1Activity11Trial2
1.578275,1.075637950241623,2.9449126007722377,0.9999728030175706,1.9411764705882353,0.434375,1.6378580729166665,0.0031250000000000444,0,Subject1Activity11Trial2
1.5766749999999998,1.0757202238500492,3.2732530399335467,0.9999759314233283,1.1071428571428572,0.4625,1.136728515625,0.0031250000000000444,0,Subject1Activity11Trial2
1.5686000000000002,1.0757202238500492,3.2732530399335467,0.9999960425848833,0.6324786324786325,0.45729166666666665,0.8577688802083333,0.0,0,Subject1Activity11Trial2
1.5746,1.0742751044308902,3.2683830704533996,0.9999915951192435,1.1159420289855073,0.403125,0.7811484375,0.0,0,Subject1Activity11Trial2
1.5926500000000001,1.076737665357723,2.7667603001620584,0.9999886173466094,0.8157894736842105,0.4083333333333333,0.7490872395833333,0.0,0,Subject1Activity11Trial2
1.5765749999999998,1.076737665357723,3.444413156901142,0.9999940032525005,0.5802469135802469,0.41354166666666664,0.6877363281250001,0.003124999999999989,0,Subject1Activity11Trial2
1.571275,1.0729123915772434,3.304904658589013,0.9999926131460047,0.36923076923076925,0.43020833333333336,0.5729798177083334,0.0,0,Subject1Activity11Trial2
1.5857499999999998,1.0751269692459584,2.88751704080266,0.9999828027954973,0.0,0.0,0.551880859375,0.0,0,Subject1Activity11Trial2
1.581075,1.0751269692459584,2.88751704080266,0.9999945710929302,0.0,0.0,0.5466184895833333,0.0,0,Subject1Activity11Trial2
1.58405,1.0797985923309958,2.4855527056957136,0.9999686312525923,0.0,0.0,0.5450579427083333,0.0,0,Subject1Activity11Trial2
1.5908,1.0797985923309958,2.8776985891193583,0.9999909368153101,0.0,0.0,0.5755026041666665,0.0,0,Subject1Activity11Trial2
1.5957750000000002,1.076153799417165,2.48486433234849,0.9999747215375341,0.0,0.0,0.60274609375,0.0,0,Subject1Activity11Trial2
1.5798,1.0770097492594948,5.105824399924767,0.9999596158611908,1.392156862745098,0.946875,0.6931477864583333,0.0,0,Subject1Activity11Trial2
1.5336500000000002,1.0770097492594948,5.043365287371291,0.9999518205150364,0.75,0.9375,0.7547734375,0.0,0,Subject1Activity11Trial2
1.5269249999999999,1.075830376964696,4.858160150688914,0.999978369593771,1.8360655737704918,0.9364583333333333,0.8585397135416665,0.0,0,Subject1Activity11Trial2
1.5628499999999999,1.0735473906633093,4.3464302417998475,0.9999912683314182,1.8875,0.9166666666666666,0.9305559895833333,0.0,0,Subject1Activity11Trial2
1.584975,1.0712357350275428,2.2346922548708648,0.9999952795962058,2.27027027027027,0.8802083333333334,0.6847233072916666,0.0,0,Subject1Activity11Trial2
1.595475,1.0744938343238644,1.8281303625970367,0.999986972934993,0.0,0.0,0.5568118489583334,0.0,0,Subject1Activity11Trial2
1.58825,1.0744938343238644,3.100860922666989,0.9999881499924808,0.0,0.0,0.5612727864583333,0.0,0,Subject1Activity11Trial2
1.579675,1.0720624981781612,2.5978680551561055,0.9999943107366771,0.0,0.0,0.5640950520833334,0.0,0,Subject1Activity11Trial2
1.59,1.0728401558480183,1.8340429072488291,0.9999931580173529,0.0,0.0,0.5603398437500001,0.0,0,Subject1Activity11Trial2
1.584825,1.0740144319328302,2.5160361488149903,0.9999838107279846,0.0,0.0,0.5554375,0.0,0,Subject1Activity11Trial2
1.584225,1.0740144319328302,2.6421765434768005,0.9999967646498332,0.0,0.0,0.55771875,0.0,0,Subject1Activity11Trial2
1.59115,1.0724709786283264,2.3799615363808897,0.9999940808269372,0.0,0.0,0.5634850260416667,0.0,0,Subject1Activity11Trial2
1.5832249999999999,1.0731868430054479,2.771972030391538,0.9999907959400746,0.0,0.0,0.5664518229166667,0.0,0,Subject1Activity11Trial2
1.588925,1.0818058975620348,3.0276891499094027,0.9999737257073243,1.9411764705882353,0.8604166666666667,0.6266627604166667,0.0,0,Subject1Activity11Trial2
1.59375,1.0818058975620348,2.0253164786153732,0.9999828311326189,2.409090909090909,0.8541666666666666,0.7890397135416667,0.0,0,Subject1Activity11Trial2
1.5917749999999997,1.0818058975620348,2.4028272998722393,0.9999638928285919,1.5689655172413792,0.8666666666666667,0.8373912760416665,0.0,0,Subject1Activity11Trial2
1.5927250000000002,1.07927012374104,2.720869629553281,0.9999665267580493,1.7333333333333334,0.8708333333333333,0.9012037760416666,0.0,0,Subject1Activity11Trial2
1.588375,1.0782230752492732,2.345335317632273,0.9999797328807715,1.7142857142857142,0.86875,0.8369049479166666,0.0,0,Subject1Activity11Trial2
1.5937249999999998,1.0756365557194492,2.5909153925212784,0.9999942081701775,1.5675675675675675,0.8822916666666667,0.6426438802083334,0.0,0,Subject1Activity11Trial2
1.59195,1.0756365557194492,2.542287391866683,0.999997540058261,0.0,0.0,0.5670709635416666,0.0,0,Subject1Activity11Trial2
1.583975,1.0744054169632615,1.879845080530174,0.9999731907907624,0.0,0.0,0.5625032552083333,0.0,0,Subject1Activity11Trial2
1.59065,1.0744054169632615,1.5535640870075085,0.9999984272382083,0.0,0.0,0.5731263020833334,0.0,0,Subject1Activity11Trial2
1.5763500000000001,1.0740698301321008,2.734557696919211,0.9999964085606866,1.627659574468085,0.4125,1.8415729166666666,0.012499999999999956,0,Subject1Activity11Trial3
1.584,1.071323013847831,3.01391308326237,0.999995364622438,0.5876288659793815,0.409375,1.1047200520833331,0.0,0,Subject1Activity11Trial3
1.57585,1.0722896064030463,5.688574875331302,0.9999032095976915,0.0,0.0,0.7266217447916666,0.0,0,Subject1Activity11Trial3
1.5697249999999998,1.0903215122155483,5.232249612001816,0.9999862910275799,0.0,0.0,0.7473372395833333,0.0,0,Subject1Activity11Trial3
1.588025,1.0903215122155483,4.088428230563959,0.9999934846669962,0.7564102564102564,0.39375,0.8931875,0.001041666666666663,0,Subject1Activity11Trial3
1.581125,1.0720125932096134,2.735406499920476,0.9999921682202774,0.6962025316455697,0.39479166666666665,0.7634915364583333,0.0,0,Subject1Activity11Trial3
1.5796499999999998,1.0713920850930345,2.7678546277859795,0.9999951239226778,0.0,0.0,0.559521484375,0.0,0,Subject1Activity11Trial3
1.5886500000000001,1.0727651187468765,2.2207420540767835,0.9999875877309967,0.0,0.0,0.5760553385416667,0.0,0,Subject1Activity11Trial3
1.5841749999999999,1.0727651187468765,2.175852497986071,0.9999976659366479,0.0,0.0,0.5876614583333334,0.0,0,Subject1Activity11Trial3
1.5896000000000001,1.0706568077586767,2.009962764290517,0.9999985384875827,0.0,0.0,0.5735169270833333,0.0,0,Subject1Activity11Trial3
1.58535,1.0706568077586767,2.035457273411801,0.9999962342402934,0.0,0.0,0.572296875,0.0,0,Subject1Activity11Trial3
1.583175,1.0727599917968604,2.1002193273499756,0.9999946358988449,0.0,0.0,0.5663645833333334,0.0,0,Subject1Activity11Trial3
1.5877499999999998,1.0868044902373195,2.4421861150560247,0.9999360455285895,0.0,0.0,0.5821536458333332,0.0,0,Subject1Activity11Trial3
1.5881999999999998,1.0868044902373195,2.4421861150560247,0.9999948125795511,0.0,0.0,0.5899381510416667,0.0,0,Subject1Activity11Trial3
1.5945250000000002,1.0722439088192572,1.9298882752600122,0.9999930158341886,0.0,0.0,0.5802076822916666,0.0,0,Subject1Activity11Trial3
1.58655,1.07316028625737,2.393174042808589,0.9999901928361857,0.0,0.0,0.5666822916666667,0.0,0,Subject1Activity11Trial3
1.5864999999999998,1.07316028625737,2.077388367137985,0.9999988422692555,0.0,0.0,0.5571848958333334,0.0,0,Subject1Activity11Trial3
1.592325,1.0717635000316068,2.0350337076922536,0.9999970657160948,0.0,0.0,0.55671875,0.0,0,Subject1Activity11Trial3
1.58885,1.0717635000316068,2.0350337076922536,0.9999937730316013,0.0,0.0,0.5627610677083333,0.0,0,Subject1Activity11Trial3
1.593,1.0717392406737751,1.665161668515104,0.9999985200008371,0.0,0.0,0.5600970052083334,0.0,0,Subject1Activity11Trial3
1.589625,1.0717392406737751,1.727271196172648,0.9999956485542986,0.0,0.0,0.5735149739583334,0.0,0,Subject1Activity11Trial3
1.5917750000000002,1.0708174447589094,2.2544912334287233,0.9999982040644113,0.0,0.0,0.5735566406249999,0.0,0,Subject1Activity11Trial3
1.5934000000000001,1.072221059297009,2.391081421846625,0.9999921379398385,0.0,0.0,0.585716796875,0.0,0,Subject1Activity11Trial3
1.58715,1.072221059297009,2.3344465675800627,0.9999985472863887,0.0,0.0,0.5753450520833333,0.0,0,Subject1Activity11Trial3
1.58845,1.0707319926106624,2.1920879971579126,0.9999950598599372,0.0,0.0,0.5879641927083333,0.0,0,Subject1Activity11Trial3
1.5811250000000001,1.0724709786283264,2.6352251925624692,0.9999959487776975,0.528,0.37604166666666666,0.9083352864583333,0.0,0,Subject1Activity11Trial3
1.5846250000000002,1.0724709786283264,2.5401056233735133,0.9999983077422145,0.5238095238095238,0.3770833333333333,1.0811373697916666,0.017708333333333326,0,Subject1Activity11Trial3
1.5881500000000002,1.0709126948542538,2.1845247773773906,0.9999887340795611,1.2195121951219512,0.4041666666666667,1.1853535156250001,0.0,0,Subject1Activity11Trial3
1.582975,1.0710714261896823,2.05963257511112,0.9999963371129763,1.5735294117647058,0.46041666666666664,1.4302903645833331,0.09895833333333331,0,Subject1Activity11Trial3
1.5912,1.0710714261896823,1.7286469564912146,0.999997352927454,0.9245283018867925,0.4864583333333333,1.3727779947916665,0.08645833333333336,0,Subject1Activity11Trial3
1.58825,1.0729706426552406,2.1451652847115845,0.9999896225016127,0.6989247311827957,0.4864583333333333,0.88646875,0.0,0,Subject1Activity11Trial3
1.5848,1.0729706426552406,1.7977842993873914,0.9999964529984473,0.552,0.37604166666666666,0.9123365885416665,0.0,0,Subject1Activity11Trial3
1.584275,1.071674390848265,1.7260820030675426,0.9999976528948329,0.8125,0.32916666666666666,0.8700501302083333,0.0,0,Subject1Activity11Trial3
1.58765,1.0719818095471583,2.0774648418211825,0.9999953008619994,0.0,0.0,0.5656412760416666,0.0,0,Subject1Activity11Trial3
1.589325,1.0719818095471583,1.8866931219678698,0.9999986008395471,0.0,0.0,0.55610546875,0.0,0,Subject1Activity11Trial3
1.586725,1.0715008166119147,1.8402892720620159,0.9999977264930987,0.0,0.0,0.543962890625,0.0,0,Subject1Activity11Trial3
1.5925,1.0723418298285299,1.616118934488103,0.999993681797135,0.0,0.0,0.5517415364583333,0.0,0,Subject1Activity11Trial3
1.58735,1.0723418298285299,1.7294260374598416,0.9999963530727148,0.0,0.0,0.552091796875,0.0,0,Subject1Activity11Trial3
1.586325,1.0712357350275428,1.509581639965802,0.9999977516277977,0.0,0.0,0.5513938802083334,0.0,0,Subject1Activity11Trial3
1.5951,1.0708435926875597,1.418383022638821,0.9999978284495598,0.0,0.0,0.5468984375000001,0.0,0,Subject1Activity11Trial3
1.5924,1.0714294190472837,1.8358178150786948,0.9999951812474441,0.0,0.0,0.5451061197916667,0.0,0,Subject1Activity11Trial3
1.591475,1.0714294190472837,1.926187308273228,0.9999986320176686,0.0,0.0,0.5479322916666667,0.0,0,Subject1Activity11Trial3
1.5911750000000002,1.0706568077586767,2.5654360871105943,0.9999921679407051,0.0,0.0,0.5484720052083334,0.0,0,Subject1Activity11Trial3
1.584325,1.0763809734475986,2.7216728370291783,0.9999837847029198,0.0,0.0,0.6121842447916668,0.0,0,Subject1Activity11Trial3
1.590325,1.0763809734475986,2.544866977727768,0.9999959390303067,0.0,0.0,0.62751171875,0.0,0,Subject1Activity11Trial3
1.584675,1.0722732860609743,2.6250057552924417,0.9999963274025166,0.0,0.0,0.5650305989583334,0.0,0,Subject1Activity11Trial3
1.5843500000000001,1.0717490377882315,2.2793299162430927,0.9999961023745777,0.0,0.0,0.54132421875,0.0,0,Subject1Activity11Trial3
1.5910499999999999,1.0717490377882315,1.6865009873139272,0.9999966759923159,0.0,0.0,0.5493203124999999,0.0,0,Subject1Activity11Trial3
1.587725,1.0716594608363237,1.5287559459812634,0.9999931873303681,0.0,0.0,0.5678684895833334,0.0,0,Subject1Activity11Trial3
1.3961999999999999,0.9934535721411445,2.787310149315971,0.9999586544368231,0.5,0.5875,1.6543092447916667,0.038541666666666585,0,Subject1Activity1Trial1
1.381225,1.0532597020678234,4.502631214516327,0.9989864952314086,0.5611814345991561,0.603125,1.923388671875,0.12395833333333328,0,Subject1Activity1Trial1
1.31205,1.42346794835711,51.5624209802411,0.9110239455639865,1.5631067961165048,0.678125,6.266826822916667,0.2260416666666667,1,Subject1Activity1Trial1
1.436675,2.124494528117218,109.26842958776903,0.921951626541183,1.5620915032679739,0.68125,8.393919270833333,0.15416666666666667,1,Subject1Activity1Trial1
1.3546,2.124494528117218,40.22079302596137,0.9984512839701674,3.259259259259259,0.915625,3.4003307291666665,0.02604166666666663,1,Subject1Activity1Trial1
1.0697500000000002,1.0810337645050687,7.058233739118123,0.9996124436217071,1.6666666666666667,0.915625,1.6048209635416668,0.03125,0,Subject1Activity1Trial1
1.0476499999999997,1.0279348228365452,1.7293384016169,0.999848038055973,0.925,0.4041666666666667,1.6861249999999999,0.01666666666666672,0,Subject1Activity1Trial1
1.04415,1.0279348228365452,0.9366776310664875,0.9999975324383756,2.2795698924731185,0.40729166666666666,1.6040768229166666,0.017708333333333326,0,Subject1Activity1Trial1
1.5158999999999998,2.844650593658209,115.90441217915145,0.6091149653736067,1.564516129032258,0.6770833333333334,10.77186328125,0.14687499999999998,1,Subject1Activity1Trial2
1.4072749999999998,2.844650593658209,119.12551410613528,0.929904402622541,1.271978021978022,0.6208333333333333,10.660784505208332,0.1322916666666667,1,Subject1Activity1Trial2
1.141975,1.540727750123298,50.860310322595396,0.996165386935004,1.4174757281553398,0.8927083333333333,5.963278645833333,0.5093749999999999,1,Subject1Activity1Trial2
1.1542499999999998,1.165164366087463,11.170251948374897,0.9999629719242578,2.4,0.9208333333333333,2.8990390625000004,0.0,0,Subject1Activity1Trial2
1.159075,0.9995589027165933,1.0467054401567566,0.9999942472134399,0.0,0.0,0.8468678385416666,0.0,0,Subject1Activity1Trial2
1.1759249999999999,1.056627654379725,6.121959785672857,0.9984332296931697,1.4883720930232558,0.865625,0.917349609375,0.0,0,Subject1Activity1Trial2
1.203125,1.078794697799354,6.121959785672857,0.9987242821657116,1.511111111111111,0.865625,0.9299192708333335,0.0,0,Subject1Activity1Trial2
1.219425,1.078794697799354,2.8376464043752208,0.9999290037992647,0.0,0.0,0.6248138020833334,0.0,0,Subject1Activity1Trial2
1.4053499999999999,2.7222690902994877,119.73931885710195,0.6631138285026783,1.5695792880258899,0.678125,7.624408854166665,0.11041666666666672,1,Subject1Activity1Trial3
1.3452250000000001,2.7222690902994877,122.51369405456774,0.956685162385767,1.4567474048442905,0.6989583333333333,7.353438802083334,0.13333333333333341,1,Subject1Activity1Trial3
1.1407250000000002,2.7222690902994877,32.41594225108926,0.9971123220188205,1.4433962264150944,0.8895833333333333,2.27153515625,0.08229166666666676,0,Subject1Activity1Trial3
1.0571,1.0584030423236699,12.698569884777129,0.9990703338706617,0.352,0.37604166666666666,1.2806380208333334,0.05624999999999997,0,Subject1Activity1Trial3
1.038,1.0584030423236699,6.558211042781721,0.9999689661201718,0.52,0.37604166666666666,1.0254908854166667,0.001041666666666663,0,Subject1Activity1Trial3
1.0345,0.989515538028585,1.1960996109941675,0.9999925753193529,0.3064516129032258,0.3770833333333333,0.8866686197916668,0.0,0,Subject1Activity1Trial3
1.0354999999999999,0.9861871019233622,0.6518543658813201,0.9999964045800952,0.7045454545454546,0.4166666666666667,0.9678365885416668,0.0,0,Subject1Activity1Trial3
1.03945,0.9845232348705641,0.4091948287897935,0.9999898029609421,1.2921348314606742,0.41770833333333335,1.5446940104166669,0.003124999999999989,0,Subject1Activity1Trial3
1.370375,2.5419010602303147,105.51773059222047,0.6595098442173947,1.4807692307692308,0.675,8.57130859375,0.08854166666666663,1,Subject1Activity2Trial1
1.400675,2.5419010602303147,101.13680326994961,0.9932065611075817,1.9030837004405285,0.7635416666666667,6.22214453125,0.11250000000000004,1,Subject1Activity2Trial1
1.23595,1.521565641042147,17.022879935505898,0.9999978001659118,1.2926829268292683,0.9145833333333333,1.1863678385416665,0.0,0,Subject1Activity2Trial1
1.176475,1.0272380444668119,1.7190437964798946,0.9999979264799681,0.0,0.0,0.6147467447916667,0.0,0,Subject1Activity2Trial1
1.1740249999999999,1.0340280460413054,7.587128993319652,0.9994654042530714,1.9555555555555555,0.953125,0.9315240885416667,0.0,0,Subject1Activity2Trial1
1.1772500000000001,1.0340280460413054,7.587128993319652,0.9998396277093275,1.1568627450980393,0.946875,0.9872584635416667,0.0,0,Subject1Activity2Trial1
1.35705,2.1753496270714736,116.35931372572558,0.7436589415255713,1.2587859424920127,0.6739583333333333,7.82218359375,0.09895833333333337,1,Subject1Activity2Trial2
1.4383,2.730077837718185,122.53481091649634,0.9535003098438473,1.3333333333333333,0.696875,7.8554921875,0.1177083333333333,1,Subject1Activity2Trial2
1.351975,2.730077837718185,29.4663527791935,0.9988278008986677,3.68,0.8958333333333334,2.3932688802083333,0.0,1,Subject1Activity2Trial2
1.190125,1.0403821413307708,5.582564384620156,0.9999681466681443,0.0,0.0,0.8427799479166668,0.0,0,Subject1Activity2Trial2
1.1943,0.9882879135150849,2.6008841927896356,0.9999939459435414,0.0,0.0,0.5923977864583334,0.0,0,Subject1Activity2Trial2
1.1964000000000001,1.0009395586148047,1.124978259435494,0.9998040393477546,0.0,0.0,0.6255520833333333,0.0,0,Subject1Activity2Trial2
1.1929,1.00491691198825,1.0900865858380087,0.9997086815723263,0.0,0.0,0.7251002604166666,0.0,0,Subject1Activity2Trial2
1.187725,1.00491691198825,1.0900865858380087,0.9999835445027103,0.0,0.0,0.6143229166666667,0.0,0,Subject1Activity2Trial2
1.278025,2.672443451225863,98.39166596705562,0.665198056991327,1.4345047923322685,0.6739583333333333,7.675404296875,0.12395833333333328,1,Subject1Activity2Trial3
1.34325,2.825348474082445,113.01399315199205,0.9028438574449169,1.4560810810810811,0.6916666666666667,7.844206380208331,0.13124999999999998,1,Subject1Activity2Trial3
1.3429,2.825348474082445,48.776846849118144,0.9983204968722641,2.858974358974359,0.91875,1.8935501302083335,0.028124999999999956,1,Subject1Activity2Trial3
1.196225,1.0667188008092854,10.589945322619513,0.9999413553446758,0.0,0.0,0.8054329427083335,0.0,0,Subject1Activity2Trial3
1.1919999999999997,1.0076527179539585,2.988440920868385,0.9997460735831344,0.0,0.0,0.6690234374999999,0.0,0,Subject1Activity2Trial3
1.20525,1.0076527179539585,3.2625858367369176,0.9999364069320917,0.0,0.0,0.5904498697916666,0.0,0,Subject1Activity2Trial3
1.2112000000000003,1.0015358206275,2.1426311381640915,0.9998615955753309,0.0,0.0,0.5860058593749999,0.0,0,Subject1Activity2Trial3
1.204675,1.0015358206275,2.12601419586008,0.9999107417189997,0.0,0.0,0.6129537760416667,0.0,0,Subject1Activity2Trial3
1.364875,4.434271191526292,143.64178675567996,0.4792532686329775,1.4440894568690097,0.6739583333333333,6.2312838541666675,0.15312499999999996,1,Subject1Activity3Trial1
1.592925,4.434271191526292,149.22342380923703,0.9706224647527049,1.3934426229508197,0.6822916666666666,8.838541666666668,0.11354166666666665,1,Subject1Activity3Trial1
1.7145250000000005,2.022452224404819,61.19343906118563,0.9895268119264453,1.482233502538071,0.7947916666666667,3.2307721354166667,0.14895833333333341,1,Subject1Activity3Trial1
1.6392999999999998,1.2206244303634102,35.059210296829995,0.9988425731963961,3.4054054054054053,0.9614583333333333,1.1070234375,0.0,0,Subject1Activity3Trial1
1.6437750000000002,1.150022608473416,10.20176621449529,0.9999834019524295,0.0,0.0,0.6831321614583332,0.0,0,Subject1Activity3Trial1
1.64225,1.082344677078425,2.2550800740464787,0.9999856672476748,0.0,0.0,0.5959518229166666,0.0,0,Subject1Activity3Trial1
1.63975,1.0776066072551709,0.9403000501791219,0.9999953106423605,0.0,0.0,0.5585384114583334,0.0,0,Subject1Activity3Trial1
1.6390250000000002,1.0734584295630643,0.9662022410082187,0.9999940964022703,0.0,0.0,0.5674921874999999,0.0,0,Subject1Activity3Trial1
1.4399000000000002,3.752206550817798,139.74806945332836,0.44613161923497474,1.092063492063492,0.671875,6.358259765625,0.16145833333333326,1,Subject1Activity3Trial2
1.618275,3.752206550817798,139.74806945332836,0.9529494062368744,1.026578073089701,0.6864583333333333,8.277141276041664,0.060416666666666674,1,Subject1Activity3Trial2
1.6762500000000002,1.9537556141953887,73.03896197221181,0.9828087390349358,1.28,0.7916666666666666,3.6227962239583333,0.12395833333333339,1,Subject1Activity3Trial2
1.63105,1.501065621483618,31.873515541575404,0.9998124747716165,2.5806451612903225,0.9677083333333333,1.1074986979166668,0.0,0,Subject1Activity3Trial2
1.6311499999999999,1.1269645069832501,4.432308814937787,0.9999925621801793,0.0,0.0,0.57510546875,0.0,0,Subject1Activity3Trial2
1.631675,1.0753036780370464,1.0509859235590433,0.9999960686832404,0.376,0.37604166666666666,0.81801171875,0.04375000000000001,0,Subject1Activity3Trial2
1.6323750000000001,1.0713706174802442,0.7985373554233455,0.9999932775452477,0.52,0.37604166666666666,1.0401276041666665,0.0,0,Subject1Activity3Trial2
1.6256999999999997,1.0717364414817665,1.3426466841805471,0.9999951890806014,1.062992125984252,0.378125,1.3105201822916666,0.0,0,Subject1Activity3Trial2
1.46665,3.681861485716159,122.01166989965178,0.6455121309906007,1.5221518987341771,0.6708333333333333,7.129643880208333,0.14687499999999998,1,Subject1Activity3Trial3
1.6073499999999998,3.681861485716159,126.25437221786085,0.9528968823020445,1.3840830449826989,0.6989583333333333,6.462905598958334,0.1468750000000001,1,Subject1Activity3Trial3
1.6023,1.5506495413213135,61.98782363298163,0.99659997559765,2.291970802919708,0.8572916666666667,2.24894140625,0.04791666666666661,1,Subject1Activity3Trial3
1.57345,1.2301101576688163,9.415119556713353,0.9998975877276456,1.4705882352941178,0.8635416666666667,0.8149075520833333,0.0,0,Subject1Activity3Trial3
1.581,1.085285215968595,3.5924073589701564,0.9999882068947459,1.2203389830508475,0.8739583333333333,0.8491907552083333,0.0,0,Subject1Activity3Trial3
1.578925,1.0761835345330275,4.276223807796953,0.9999504340316366,1.4705882352941178,0.865625,0.7606380208333332,0.0,0,Subject1Activity3Trial3
1.57515,1.0761835345330275,3.0246520285753036,0.9999910390650217,1.3541666666666667,0.8770833333333333,0.6753867187499999,0.0,0,Subject1Activity3Trial3
1.58285,1.072206136897192,1.687883470897976,0.9999897699612272,0.0,0.0,0.5372617187500001,0.0,0,Subject1Activity3Trial3
1.3879750000000002,3.4273526226520667,97.41837408086921,0.8913498104994412,1.6129032258064515,0.6770833333333334,7.909165364583333,0.12291666666666667,1,Subject1Activity4Trial1
1.343025,3.4273526226520667,97.41837408086921,0.9945217935303255,2.2254901960784315,0.7875,5.146494791666667,0.0625,1,Subject1Activity4Trial1
1.2339,1.1749387218063758,21.61663197393932,0.9998162827424368,3.101449275362319,0.8822916666666667,1.2802428385416667,0.002083333333333326,0,Subject1Activity4Trial1
1.3843999999999999,1.0039023856929519,8.535934135648006,0.9999982970239023,0.8108108108108109,0.8947916666666667,0.7767643229166666,0.0,0,Subject1Activity4Trial1
1.3993499999999999,0.985757069464886,1.2257781736522446,0.9999818087386533,0.0,0.0,0.5927955729166666,0.0,0,Subject1Activity4Trial1
1.404625,0.985757069464886,1.0493734300229818,0.9999950173214511,0.0,0.0,0.5578899739583333,0.0,0,Subject1Activity4Trial1
1.3979500000000002,0.9812879292032488,1.353996748856872,0.9999995121641234,0.0,0.0,0.5530807291666667,0.0,0,Subject1Activity4Trial1
1.38945,0.9830162765692133,1.3225531551043872,0.9999956825451438,0.0,0.0,0.5876269531249999,0.0,0,Subject1Activity4Trial1
1.46555,3.045805148068405,83.18025050981899,0.6169199416605536,1.643312101910828,0.6729166666666667,8.647825520833333,0.1166666666666667,1,Subject1Activity4Trial2
1.48525,3.045805148068405,83.18025050981899,0.9973138890730741,1.811023622047244,0.7354166666666667,6.0850091145833325,0.16041666666666665,1,Subject1Activity4Trial2
1.310775,1.5077221229391045,29.60979876368509,0.9995811941358999,3.2906976744186047,0.9104166666666667,2.049516927083333,0.004166666666666652,0,Subject1Activity4Trial2
1.27995,1.0526295644717565,14.446885361093962,0.9996371619693016,3.1744186046511627,0.9104166666666667,1.478041015625,0.012500000000000067,0,Subject1Activity4Trial2
1.23505,1.0526295644717565,6.937988059086024,0.9999803113102232,1.173913043478261,0.8958333333333334,0.7568912760416667,0.0,0,Subject1Activity4Trial2
1.2314250000000002,0.9755762399730735,1.547674209344578,0.9999903437755585,0.0,0.0,0.6209746093749999,0.0,0,Subject1Activity4Trial2
1.2211500000000002,0.9755762399730735,1.307263918879201,0.9999913382687795,0.0,0.0,0.5771282552083334,0.0,0,Subject1Activity4Trial2
1.2182,0.9706770832774408,0.9696673805163414,0.9999888317673712,0.0,0.0,0.5898854166666666,0.0,0,Subject1Activity4Trial2
1.4038,2.7271411771303664,92.45416069647698,0.781753166254273,1.6793650793650794,0.671875,7.761914713541667,0.12395833333333339,1,Subject1Activity4Trial3
1.421575,2.7271411771303664,92.45416069647698,0.9767764358194736,1.6950354609929077,0.70625,7.368044270833333,0.09479166666666672,1,Subject1Activity4Trial3
1.220225,1.5342965814991572,22.723398652290967,0.9987238033558011,3.5476190476190474,0.9125,1.5086132812500002,0.0,0,Subject1Activity4Trial3
1.0957000000000001,1.0154023832944257,7.49576780815697,0.9999766480509105,3.532258064516129,0.8979166666666667,0.9625761718749999,0.0,0,Subject1Activity4Trial3
1.050375,0.9675334619536422,3.3466145381454595,0.9999799626508431,1.5853658536585367,0.9114583333333334,0.76698828125,0.0,0,Subject1Activity4Trial3
1.018625,0.9655226563887561,1.498988367250817,0.9999692775892067,0.0,0.0,0.7244589843750001,0.0,0,Subject1Activity4Trial3
1.017,0.9669751806535678,1.1925301174168226,0.9999842930179615,0.0,0.0,0.6674055989583334,0.0,0,Subject1Activity4Trial3
1.0283749999999998,0.9721630521676906,1.791855479853382,0.9999510698753883,0.0,0.0,0.6760305989583333,0.0,0,Subject1Activity4Trial3
1.438,2.7204666879048527,63.11675723937616,0.7539091401611683,1.0127388535031847,0.6729166666666667,6.534936197916667,0.3208333333333333,1,Subject1Activity5Trial1
1.548325,2.7204666879048527,55.20547280804972,0.9859610426773896,1.9230769230769231,0.7427083333333333,5.718205729166667,0.11458333333333337,1,Subject1Activity5Trial1
1.5341749999999998,1.2606426932323052,29.640259433763394,0.999807265739359,1.7972972972972974,0.9229166666666667,1.4944479166666667,0.0,1,Subject1Activity5Trial1
1.558775,1.1584696802247352,7.87477037655896,0.9999834436881109,0.0,0.0,0.5891106770833334,0.0,0,Subject1Activity5Trial1
1.5488249999999997,1.0744882502847577,1.5407476085440983,0.99999014452445,0.0,0.0,0.5572109375000001,0.0,0,Subject1Activity5Trial1
1.555625,1.0714648850989004,1.7182422826937014,0.9999929106521802,0.0,0.0,0.5420546875,0.0,0,Subject1Activity5Trial1
1.55325,1.0718633308402707,2.1841037658816447,0.9999889427897727,0.0,0.0,0.5359986979166667,0.0,0,Subject1Activity5Trial1
1.5420500000000001,1.0794762618974072,2.2654209946690393,0.9999718318663983,0.0,0.0,0.5453854166666666,0.0,0,Subject1Activity5Trial1
1.4285,2.4889035738654077,59.92419731132094,0.710173696687526,1.3860759493670887,0.6708333333333333,6.877643880208334,0.08645833333333341,1,Subject1Activity5Trial2
1.5420000000000003,2.4889035738654077,62.49800100924255,0.9950934966091984,1.7914893617021277,0.7552083333333334,6.658150390624999,0.07500000000000007,1,Subject1Activity5Trial2
1.59075,1.3831706330023061,45.35216596079,0.9980991151531424,0.8431372549019608,0.5239583333333333,2.9523873697916665,0.0,0,Subject1Activity5Trial2
1.61715,1.1840312495876113,15.44139988877711,0.9999777587768501,1.2229299363057324,0.5114583333333333,2.4366874999999997,0.019791666666666707,0,Subject1Activity5Trial2
1.60415,1.0944245063045692,3.4671566491525,0.9999875635168087,0.8831168831168831,0.5145833333333333,1.9713906250000002,0.001041666666666663,0,Subject1Activity5Trial2
1.609375,1.0738649822021387,2.4095473814326915,0.9999982934726214,1.0987654320987654,0.42604166666666665,1.8036516927083333,0.03750000000000003,0,Subject1Activity5Trial2
1.5941999999999998,1.0802675594499724,3.3071151106347543,0.9999727022780216,0.4782608695652174,0.509375,1.743228515625,0.06145833333333334,0,Subject1Activity5Trial2
1.5906249999999997,1.0802675594499724,2.7400155591401294,0.9999788334530447,0.3983050847457627,0.5125,1.257115234375,0.09999999999999998,0,Subject1Activity5Trial2
1.4217749999999998,2.8375688537901596,64.8248271465284,0.6520363081915984,1.2113564668769716,0.6697916666666667,5.980333333333332,0.1260416666666666,1,Subject1Activity5Trial3
1.5795000000000001,2.8375688537901596,52.7755385264293,0.9744132610281344,1.4514925373134329,0.7208333333333333,7.207932942708332,0.12395833333333328,1,Subject1Activity5Trial3
1.585475,1.739094304516003,47.31605884884441,0.9995352403391125,2.4055944055944054,0.8510416666666667,2.3202115885416665,0.07395833333333335,1,Subject1Activity5Trial3
1.560675,1.1918745739380467,14.856022936707706,0.9999797517204161,1.64,0.853125,0.6870305989583334,0.0,0,Subject1Activity5Trial3
1.529675,1.093493941455553,3.692700130470115,0.9999759418459521,0.0,0.0,0.6068216145833333,0.0,0,Subject1Activity5Trial3
1.5356999999999998,1.0722033389241055,2.7155271165047203,0.9999931681712515,0.0,0.0,0.6008365885416667,0.0,0,Subject1Activity5Trial3
1.5505499999999999,1.0757583371742931,0.8532843115967559,0.9999830667436599,0.7222222222222222,0.48541666666666666,0.8280865885416666,0.0,0,Subject1Activity5Trial3
1.546025,1.0757583371742931,1.3920160160014916,0.9999937020535269,0.6931818181818182,0.5375,1.1003893229166668,0.034375000000000044,0,Subject1Activity5Trial3
1.5046,1.0735795266304216,1.5401779761264969,0.999981989512123,1.1219512195121952,0.9572916666666667,0.82674609375,0.0,0,Subject2Activity11Trial1
1.5075500000000002,1.0691253434466885,1.6856721665268886,0.9999904395300957,1.225,0.9583333333333334,0.8429772135416667,0.0,0,Subject2Activity11Trial1
1.51335,1.0721464452209875,1.3955339137476273,0.9999682813508733,1.2,0.9583333333333334,0.7853977864583334,0.0,0,Subject2Activity11Trial1
1.5165250000000001,1.0721464452209875,0.7640718490303726,0.9999861760552949,0.0,0.0,0.7201894531249999,0.0,0,Subject2Activity11Trial1
1.51685,1.0721464452209875,0.7640718490303726,0.9999927442616481,1.4,0.9635416666666666,0.7997565104166666,0.0,0,Subject2Activity11Trial1
1.504575,1.0705951615806977,1.9403709479353601,0.9999786728682284,1.2682926829268293,0.9572916666666667,0.8541308593749999,0.0,0,Subject2Activity11Trial1
1.5006,1.0711255762047698,2.0172187671016673,0.9999901642862108,1.2439024390243902,0.9572916666666667,0.80016796875,0.0,0,Subject2Activity11Trial1
1.5126750000000002,1.0715708096061594,1.03364047408418,0.9999843046612887,1.2,0.9583333333333334,0.8084739583333332,0.0,0,Subject2Activity11Trial1
1.5104250000000001,1.0728112601944482,1.4370467364597168,0.9999776866433582,1.205128205128205,0.959375,0.7902493489583333,0.0,0,Subject2Activity11Trial1
1.5113500000000002,1.0728112601944482,1.4370467364597168,0.9999837227895086,0.0,0.0,0.7539576822916667,0.0,0,Subject2Activity11Trial1
1.51235,1.0708076391210515,1.4389068532709537,0.9999661014576284,0.0,0.0,0.7515787760416667,0.0,0,Subject2Activity11Trial1
1.513175,1.0713062120607721,1.4075132888318045,0.9999814631107355,0.0,0.0,0.7402265625,0.0,0,Subject2Activity11Trial1
1.51345,1.0713062120607721,0.8904781633293446,0.9999815511604755,0.0,0.0,0.7191041666666667,0.0,0,Subject2Activity11Trial1
1.513925,1.069963083475313,0.900075757973628,0.9999889101153991,0.0,0.0,0.7112246093750001,0.0,0,Subject2Activity11Trial1
1.514475,1.069963083475313,0.8990306090450169,0.9999821923499245,0.0,0.0,0.7506640625000001,0.0,0,Subject2Activity11Trial1
1.5137250000000002,1.068825523647335,1.1559958313459262,0.9999877823564371,1.2258064516129032,0.9677083333333333,0.788572265625,0.0,0,Subject2Activity11Trial1
1.5137999999999998,1.0683431096796572,1.1363788080573727,0.9999827276689522,1.125,0.9666666666666667,0.7677662760416666,0.0,0,Subject2Activity11Trial1
1.5134750000000001,1.0696663031057863,0.9639745898793031,0.9999818932462542,1.4285714285714286,0.9635416666666666,0.7775260416666667,0.0,0,Subject2Activity11Trial1
1.51925,1.0696663031057863,1.3236494405222352,0.9999896053786453,1.1612903225806452,0.9677083333333333,0.773939453125,0.0,0,Subject2Activity11Trial1
1.5165000000000002,1.0680009363291776,1.2354234555686006,0.999987722520201,0.0,0.0,0.7776302083333333,0.0,0,Subject2Activity11Trial1
1.5174249999999998,1.0667886388596384,0.8494746021669037,0.9999975460817899,1.2777777777777777,0.9625,0.7602408854166667,0.0,0,Subject2Activity11Trial1
1.5208249999999999,1.0664056451463486,0.6834279672617285,0.9999951491326139,1.2307692307692308,0.959375,0.8244205729166667,0.0,0,Subject2Activity11Trial1
1.5156500000000002,1.072709187058636,1.0267004556431907,0.9999653650929211,1.1951219512195121,0.9572916666666667,0.8271705729166667,0.0,0,Subject2Activity11Trial1
1.5160250000000002,1.072709187058636,1.0177857877066536,0.9999879706959073,1.0,0.9614583333333333,0.75015234375,0.0,0,Subject2Activity11Trial1
1.518325,1.0675453151974392,1.025813269231186,0.9999914411063705,0.0,0.0,0.705150390625,0.0,0,Subject2Activity11Trial1
1.5170750000000002,1.068443260075143,0.9011786872863041,0.9999950849841556,0.0,0.0,0.7231393229166667,0.0,0,Subject2Activity11Trial1
1.5189499999999998,1.068443260075143,1.059905089736759,0.999991648441692,1.225,0.9583333333333334,0.7934036458333333,0.0,0,Subject2Activity11Trial1
1.518275,1.080239788195195,0.8181709002507169,0.9999208215192665,1.2272727272727273,0.9541666666666667,0.8821406250000001,0.0,0,Subject2Activity11Trial1
1.5278749999999999,1.080239788195195,2.159218466173204,0.99998835758143,1.5857142857142856,0.9270833333333334,1.23496875,0.02499999999999991,0,Subject2Activity11Trial1
1.5388,1.0703653581838306,2.5269589684219547,0.9999908309496057,1.4647887323943662,0.9260416666666667,1.4398417968750001,0.0,0,Subject2Activity11Trial1
1.53385,1.0771875417029293,1.5223994872061262,0.9999656337920675,1.619718309859155,0.9260416666666667,1.6024088541666668,0.0,0,Subject2Activity11Trial1
1.5193249999999998,1.0771875417029293,1.7051307754717868,0.9999916489638054,1.8952380952380952,0.45729166666666665,2.0134654947916664,0.0,0,Subject2Activity11Trial1
1.5144749999999998,1.0676207191694997,1.0635157490157603,0.9999906304755221,2.1463414634146343,0.42083333333333334,2.203801432291667,0.01770833333333338,0,Subject2Activity11Trial1
1.5203,1.0682906907766256,0.6316332027136085,0.9999898716628565,0.5030674846625767,0.5322916666666667,2.7288020833333335,0.055208333333333304,0,Subject2Activity11Trial1
1.519525,1.0682906907766256,0.9505138602823457,0.9999946896793088,0.6879432624113475,0.5239583333333333,2.230009765625,0.008333333333333304,0,Subject2Activity11Trial1
1.520425,1.0671326065677122,0.9472851221378953,0.9999963778208772,0.6829268292682927,0.5145833333333333,1.6940234374999998,0.09687499999999999,0,Subject2Activity11Trial1
1.5187000000000002,1.0672755033261092,0.7235355723104107,0.9999819145275136,1.5625,0.49583333333333335,2.0203072916666667,0.008333333333333304,0,Subject2Activity11Trial1
1.518525,1.0672755033261092,0.7542932269438118,0.9999987715969156,1.1379310344827587,0.4114583333333333,1.8293346354166666,0.0,0,Subject2Activity11Trial1
1.52035,1.0666677083328246,0.5009608738088147,0.9999945862463923,1.1411764705882352,0.41354166666666664,1.7162851562499999,0.028124999999999956,0,Subject2Activity11Trial1
1.51925,1.0666677083328246,0.5971332010892461,0.9999986795491606,0.611764705882353,0.403125,1.3891920572916665,0.03437499999999999,0,Subject2Activity11Trial1
1.52135,1.066853785670745,0.6167275285970781,0.9999938398092424,1.1136363636363635,0.9541666666666667,1.1335169270833334,0.0,0,Subject2Activity11Trial1
1.518075,1.066853785670745,0.718720758414733,0.9999950383512717,1.1395348837209303,0.953125,0.8102604166666666,0.0,0,Subject2Activity11Trial1
1.5191,1.065688509837654,0.5685067651707634,0.9999986916858612,0.0,0.0,0.7367740885416667,0.0,0,Subject2Activity11Trial1
1.52135,1.0646332701921353,0.4191134875486462,0.9999970459690863,0.0,0.0,0.7148808593749999,0.0,0,Subject2Activity11Trial1
1.52115,1.0646332701921353,0.4691207047175858,0.9999989830087674,0.0,0.0,0.7175039062499999,0.0,0,Subject2Activity11Trial1
1.5208499999999998,1.0659896810007121,0.4962094883555572,0.9999933151146887,0.0,0.0,0.7072115885416667,0.0,0,Subject2Activity11Trial1
1.520025,1.0663343753251133,0.5296854437276721,0.999998001849876,0.0,0.0,0.7079303385416666,0.0,0,Subject2Activity11Trial1
1.518675,1.0663343753251133,0.612313592255866,0.9999968069848917,0.0,0.0,0.7141692708333334,0.0,0,Subject2Activity11Trial1
1.52015,1.0715386133966427,2.3244076924643338,0.999994825047367,0.4714285714285714,0.9270833333333334,0.9175494791666667,0.0,0,Subject2Activity11Trial2
1.519875,1.0697205242492078,1.1961605085561189,0.9999764126305415,0.0,0.0,0.7914375,0.0,0,Subject2Activity11Trial2
1.51925,1.0697205242492078,0.65862910048439,0.9999943376616564,0.5714285714285714,0.9270833333333334,1.1727330729166667,0.007291666666666585,0,Subject2Activity11Trial2
1.5194499999999997,1.0671949212772707,0.6539514273536504,0.9999992717321974,0.47619047619047616,0.934375,0.9519114583333333,0.0,0,Subject2Activity11Trial2
1.5199,1.0657415258870229,0.3530130715620565,0.9999955800608937,0.0,0.0,0.7092395833333333,0.0,0,Subject2Activity11Trial2
1.519175,1.0657415258870229,0.6095576600532304,0.9999984817680669,1.0444444444444445,0.953125,0.9183717447916667,0.0,0,Subject2Activity11Trial2
1.520275,1.0664056451463486,0.6095576600532304,0.9999969133504727,0.0,0.0,0.7182975260416666,0.0,0,Subject2Activity11Trial2
1.51955,1.0675715432700517,0.5728670243599154,0.9999905311205686,0.0,0.0,0.7287734375,0.0,0,Subject2Activity11Trial2
1.5208000000000002,1.0687286839979546,1.2096601485711922,0.9999746465969235,0.0,0.0,0.7278359375,0.0,0,Subject2Activity11Trial2
1.5213999999999999,1.0719351659498815,1.9512861148391245,0.9999724591485356,0.0,0.0,0.7446901041666667,0.0,0,Subject2Activity11Trial2
1.5254749999999997,1.0719351659498815,2.676044127102031,0.9999813424209698,0.0,0.0,0.82290625,0.0,0,Subject2Activity11Trial2
1.525575,1.0689700650626284,2.350188675053591,0.9999935549923339,1.0256410256410255,0.959375,0.77010546875,0.0,0,Subject2Activity11Trial2
1.5205499999999998,1.0660750442628324,1.2131347340596186,0.9999982978670139,0.0,0.0,0.804171875,0.0,0,Subject2Activity11Trial2
1.52075,1.0654614023980409,0.7832433574051549,0.9999956342200662,0.0,0.0,0.7490299479166667,0.0,0,Subject2Activity11Trial2
1.521175,1.0663385953814106,0.5781761971947006,0.9999954901280976,1.1428571428571428,0.9520833333333333,0.7639726562500001,0.0,0,Subject2Activity11Trial2
1.5211,1.0669329875863807,1.1859353355587245,0.9999920511980509,1.1666666666666667,0.9520833333333333,0.7761139322916666,0.0,0,Subject2Activity11Trial2
1.517825,1.0669329875863807,1.384170234718539,0.9999961306573787,0.0,0.0,0.739625,0.0,0,Subject2Activity11Trial2
1.518525,1.0678314473736013,1.520037801207902,0.9999830564995589,0.0,0.0,0.708314453125,0.0,0,Subject2Activity11Trial2
1.5197499999999997,1.069091202844734,1.4029811156871865,0.9999873261746651,0.0,0.0,0.7109609375000001,0.0,0,Subject2Activity11Trial2
1.517225,1.069091202844734,1.3544120868879652,0.9999964320034934,0.0,0.0,0.7028268229166666,0.0,0,Subject2Activity11Trial2
1.51885,1.0714163523112759,1.4073704252445438,0.9999804874006453,0.0,0.0,0.6934257812499999,0.0,0,Subject2Activity11Trial2
1.5183,1.0714163523112759,1.7177890061784211,0.9999916226833628,0.0,0.0,0.7068756510416666,0.0,0,Subject2Activity11Trial2
1.517175,1.0688433000211022,1.6980523575093152,0.9999965112844509,0.0,0.0,0.7060423177083333,0.0,0,Subject2Activity11Trial2
1.5197999999999998,1.0660933355011653,0.6504733177283661,0.9999965702772238,0.0,0.0,0.7172389322916666,0.0,0,Subject2Activity11Trial2
1.5225500000000003,1.0720750906536352,1.0908766807672237,0.9999626285824168,1.6603773584905661,0.9447916666666667,0.9327408854166667,0.0,0,Subject2Activity11Trial2
1.528375,1.0720750906536352,1.6685232396319911,0.9999781028689771,1.849056603773585,0.9447916666666667,1.2822291666666668,0.0,0,Subject2Activity11Trial2
1.5290499999999998,1.0703149069316,1.1845400682526233,0.9999965103550027,1.8148148148148149,0.94375,1.1591256510416668,0.0,0,Subject2Activity11Trial2
1.524775,1.0690743659820863,1.0847595981413924,0.9999830598190985,2.0,0.925,0.8739804687500001,0.0,0,Subject2Activity11Trial2
1.525375,1.0690743659820863,1.0847595981413924,0.9999962901859769,1.2040816326530612,0.9489583333333333,0.920734375,0.0,0,Subject2Activity11Trial2
1.5216749999999997,1.083943725476558,2.0025642704758546,0.999794899758979,1.5454545454545454,0.965625,0.7863828125,0.0,0,Subject2Activity11Trial2
1.51825,1.083943725476558,2.145194596275477,0.9999651679111007,1.3611111111111112,0.925,1.0889290364583333,0.0,0,Subject2Activity11Trial2
1.51295,1.073597690012418,2.327509973704707,0.9999650284116703,1.32,0.921875,1.1058932291666665,0.0,0,Subject2Activity11Trial2
1.51145,1.069110377837574,1.8599638841708703,0.9999949756947926,0.9594594594594594,0.9229166666666667,0.9072805989583334,0.0,0,Subject2Activity11Trial2
1.517625,1.0697565143526822,0.7478590163160739,0.9999852820222179,1.0,0.9322916666666666,0.8340598958333333,0.0,0,Subject2Activity11Trial2
1.5123,1.0697565143526822,1.0965376578017398,0.9999941385289238,0.0,0.0,0.7690553385416666,0.0,0,Subject2Activity11Trial2
1.5082999999999998,1.069741090170888,1.0965376578017398,0.9999946773106506,0.0,0.0,0.7157480468749999,0.0,0,Subject2Activity11Trial2
1.5114750000000001,1.0711741221668865,0.5900958018280456,0.9999670293269067,0.0,0.0,0.7001946614583333,0.0,0,Subject2Activity11Trial2
1.51355,1.0711741221668865,0.5909931621584157,0.9999962609345531,0.0,0.0,0.6944069010416667,0.0,0,Subject2Activity11Trial2
1.5166499999999998,1.0671949212772707,0.506985099251839,0.9999933903651951,0.0,0.0,0.694625,0.0,0,Subject2Activity11Trial2
1.51935,1.0739031613697765,2.5559086614010695,0.9999802893477032,1.75,0.8895833333333333,0.9232923177083332,0.004166666666666763,0,Subject2Activity11Trial2
1.5201249999999997,1.0743062877969205,3.6348322423258708,0.9999694047154364,2.3461538461538463,0.8875,1.0455149739583331,0.0,0,Subject2Activity11Trial2
1.5161,1.0743062877969205,3.4551342725983396,0.999965785504994,1.3877551020408163,0.8885416666666667,0.9519921875000001,0.0,0,Subject2Activity11Trial2
1.5143499999999999,1.0728261741773455,1.8812259041432178,0.9999967798063234,1.1951219512195121,0.9572916666666667,0.9285546874999999,0.0,0,Subject2Activity11Trial2
1.5187000000000002,1.0706124415492284,1.4071683241216135,0.9999861819300377,1.2142857142857142,0.95625,0.8140006510416666,0.0,0,Subject2Activity11Trial2
1.5204,1.0706124415492284,1.3876858440503526,0.9999986948690119,1.4634146341463414,0.9572916666666667,0.8563489583333335,0.0,0,Subject2Activity11Trial2
1.52075,1.0664905062868586,1.3876858440503526,0.9999988470991699,1.5121951219512195,0.9572916666666667,0.838453125,0.0,0,Subject2Activity11Trial2
1.511025,1.0951753284291972,2.2652601135299903,0.9999585415409165,1.6764705882352942,0.89375,2.675149739583333,0.006250000000000033,0,Subject2Activity11Trial3
1.51205,1.0951753284291972,1.6110406835341422,0.9999584176087698,2.0,0.4197916666666667,1.7140872395833333,0.014583333333333337,0,Subject2Activity11Trial3
1.5157500000000002,1.0767139824484495,0.9210493326074811,0.9999978254970723,0.4883720930232558,0.40729166666666666,0.8978268229166666,0.0,0,Subject2Activity11Trial3
1.5155,1.0733172876647428,0.8518899726001052,0.9999955770937138,0.0,0.0,0.842369140625,0.0,0,Subject2Activity11Trial3
1.515125,1.0769447525291165,1.6744813152140097,0.9999729318941751,0.3545232273838631,0.428125,4.578728515625,0.0,0,Subject2Activity11Trial3
1.5184000000000002,1.0793595323153449,2.012179872400605,0.9999242812942946,0.3564356435643564,0.42291666666666666,8.741629557291667,0.45625,0,Subject2Activity11Trial3
1.5148,1.0793595323153449,1.5187146857061649,0.9999763661522901,0.4791666666666667,0.5104166666666666,6.679582682291667,0.0,0,Subject2Activity11Trial3
1.5133500000000002,1.0787821837609297,1.2989587261333604,0.9999968519091309,0.3695090439276486,0.40520833333333334,6.90857421875,0.0,0,Subject2Activity11Trial3
1.5149000000000001,1.0727744404114037,0.9355041281940331,0.9999963424977208,0.3798449612403101,0.40520833333333334,7.000098958333334,0.0,0,Subject2Activity11Trial3
1.5130750000000002,1.0727744404114037,0.9355041281940331,0.9999967124474944,1.1142857142857143,0.9635416666666666,3.04358984375,0.0,0,Subject2Activity11Trial3
1.515325,1.0723301730344066,0.7809362692272046,0.9999984103207433,1.7096774193548387,0.9677083333333333,0.74683984375,0.0,0,Subject2Activity11Trial3
1.5149000000000001,1.074543158742356,1.1555790577434948,0.9999974708809987,1.8181818181818181,0.965625,0.7816575520833334,0.0,0,Subject2Activity11Trial3
1.5136,1.074543158742356,1.1452866027454327,0.9999992616266425,0.0,0.0,0.6750657552083333,0.0,0,Subject2Activity11Trial3
1.51675,1.0723754006876511,0.6998461311357964,0.9999985580706762,0.0,0.0,0.664626953125,0.0,0,Subject2Activity11Trial3
1.51735,1.0723754006876511,0.646233480447048,0.9999973078480168,0.0,0.0,0.6708841145833333,0.0,0,Subject2Activity11Trial3
1.514675,1.0714046854480337,0.8099106594968575,0.9999984002702603,0.0,0.0,0.6700566406250001,0.0,0,Subject2Activity11Trial3
1.5152750000000001,1.0720046641689578,0.7684811642897351,0.9999982664399877,0.0,0.0,0.665017578125,0.0,0,Subject2Activity11Trial3
1.514275,1.0720046641689578,1.0440909719408467,0.9999976756741674,1.7272727272727273,0.965625,0.7270338541666665,0.0,0,Subject2Activity11Trial3
1.513625,1.071792423932918,1.0440909719408467,0.9999976434647576,1.2424242424242424,0.965625,0.7514759114583334,0.0,0,Subject2Activity11Trial3
1.5164000000000002,1.0708599348187418,0.5624913435577206,0.9999977816742773,0.0,0.0,0.6765501302083333,0.0,0,Subject2Activity11Trial3
1.515,1.0734658820847545,0.7787295831232903,0.9999960533164461,0.0,0.0,0.6703372395833334,0.0,0,Subject2Activity11Trial3
1.5157,1.0734658820847545,0.7566220657900153,0.9999988787834354,0.0,0.0,0.6577135416666666,0.0,0,Subject2Activity11Trial3
1.516175,1.071851668842289,0.7912209247953186,0.9999969523529479,0.0,0.0,0.6572330729166668,0.0,0,Subject2Activity11Trial3
1.51515,1.071851668842289,0.713504554127276,0.9999984274768404,0.0,0.0,0.655505859375,0.0,0,Subject2Activity11Trial3
1.517725,1.0723301730344066,0.819510959681427,0.9999969306417037,0.0,0.0,0.6727454427083333,0.0,0,Subject2Activity11Trial3
1.5162749999999998,1.0723301730344066,0.7853032693907842,0.9999963737107468,0.0,0.0,0.6961666666666666,0.0,0,Subject2Activity11Trial3
1.515325,1.0713552165365137,0.8396333111402221,0.9999988006963948,0.0,0.0,0.7251145833333333,0.0,0,Subject2Activity11Trial3
1.5165000000000002,1.0707576756670951,0.9482715320274515,0.9999992513269574,0.0,0.0,1.2808626302083332,0.0,0,Subject2Activity11Trial3
1.5174,1.0707576756670951,0.9405434558468322,0.9999993872423856,0.0,0.0,1.3079420572916667,0.0,0,Subject2Activity11Trial3
1.517925,1.0723301730344066,0.7645665830756414,0.9999963340414348,0.0,0.0,0.6942187499999999,0.0,0,Subject2Activity11Trial3
1.517875,1.0723301730344066,0.731194418770329,0.9999979801691959,0.0,0.0,0.6938046875,0.0,0,Subject2Activity11Trial3
1.5165,1.07157127621078,0.5939847451372344,0.999996957586263,0.0,0.0,0.6686464843750001,0.0,0,Subject2Activity11Trial3
1.5161000000000002,1.071851668842289,0.5787801975824749,0.9999965344694972,0.0,0.0,0.6753795572916667,0.0,0,Subject2Activity11Trial3
1.515625,1.0725273889276676,0.6815642046959347,0.9999969218810401,0.0,0.0,0.6933033854166666,0.0,0,Subject2Activity11Trial3
1.5149000000000001,1.0725273889276676,0.950576699119253,0.9999981431408884,1.878787878787879,0.965625,0.8035429687500001,0.0,0,Subject2Activity11Trial3
1.516275,1.071993470129366,0.9541643087481297,0.9999975444662652,1.4186046511627908,0.9552083333333333,0.8248339843749999,0.0,0,Subject2Activity11Trial3
1.5156,1.083271434129046,0.8998377878502062,0.9999740535635651,1.925,0.9583333333333334,0.936189453125,0.0,0,Subject2Activity11Trial3
1.5169000000000001,1.0860303863152265,1.969591337703811,0.9999365051376197,1.6938775510204083,0.9489583333333333,1.1264967447916667,0.0,0,Subject2Activity11Trial3
1.515025,1.0860303863152265,1.969591337703811,0.9999612063709048,0.35668789808917195,0.5302083333333333,1.1468684895833334,0.0,0,Subject2Activity11Trial3
1.5149250000000003,1.0797939618279038,1.3326767342997066,0.999990076851969,1.0516129032258064,0.5239583333333333,2.0020136718750003,0.002083333333333326,0,Subject2Activity11Trial3
1.5160500000000001,1.073553911082252,0.7838749236634115,0.9999983600614193,0.6946107784431138,0.5447916666666667,2.4901412760416664,0.005208333333333259,0,Subject2Activity11Trial3
1.5153000000000003,1.0744514879695592,0.8612498912996962,0.9999847524910481,1.935897435897436,0.42083333333333334,1.9423092447916666,0.0,0,Subject2Activity11Trial3
1.5171500000000002,1.0744514879695592,0.7555879451931276,0.9999984070231129,2.0,0.4114583333333333,2.065766276041667,0.011458333333333348,0,Subject2Activity11Trial3
1.51625,1.0726131641929444,0.4037565667872265,0.9999973597749744,2.142857142857143,0.4114583333333333,1.5389641927083333,0.014583333333333337,0,Subject2Activity11Trial3
1.5164250000000001,1.0721795558580662,0.4711878775089886,0.9999970143701045,1.2465753424657535,0.41354166666666664,0.9524342447916666,0.0,0,Subject2Activity11Trial3
1.55365,3.343926584122325,107.19315828391915,0.45817358074166786,1.5077881619937694,0.665625,7.767599609375,0.17291666666666672,1,Subject2Activity1Trial1
1.4444000000000001,3.343926584122325,111.9964341287132,0.9571355802016951,1.269113149847095,0.659375,7.377700520833334,0.36458333333333337,1,Subject2Activity1Trial1
1.201825,1.5937085680889087,43.1203019388189,0.9999489662126821,4.166666666666667,0.90625,3.9992630208333337,0.0,0,Subject2Activity1Trial1
1.180425,0.9990065064853181,2.109063996624627,0.9999970584921426,2.6818181818181817,0.40625,2.357326171875,0.015625,0,Subject2Activity1Trial1
1.179275,0.9636628040969518,0.3332719979594003,0.9999943442174607,2.388235294117647,0.403125,1.7716113281250003,0.02291666666666664,0,Subject2Activity1Trial1
1.1788750000000001,0.9631728816780506,0.21405910904439907,0.9999977800303357,0.6582278481012658,0.4010416666666667,1.0086503906250002,0.0,0,Subject2Activity1Trial1
1.1793,0.9639211586016774,0.1895936285185087,0.9999977192222237,1.4705882352941178,0.4322916666666667,0.9512721354166669,0.0,0,Subject2Activity1Trial1
1.35195,3.6341388250863504,116.7368725138632,0.6148062988172156,1.3836477987421383,0.66875,5.48473046875,0.2020833333333334,1,Subject2Activity1Trial2
1.341525,3.6341388250863504,120.55447412867488,0.9003346012332736,1.3173076923076923,0.675,6.4955292968750005,0.23229166666666667,1,Subject2Activity1Trial2
1.2420250000000002,2.7800780564581276,68.7959987782607,0.9992952504117127,1.8440366972477065,0.8864583333333333,2.55628515625,0.021874999999999978,1,Subject2Activity1Trial2
1.1886499999999998,1.0145442326483356,1.9969740724056066,0.9999862306187784,0.0,0.0,0.7848600260416666,0.0,0,Subject2Activity1Trial2
1.2056749999999998,0.9711503488132,1.1219855081706385,0.9999959642947902,0.0,0.0,0.6711888020833333,0.0,0,Subject2Activity1Trial2
1.2123249999999999,0.9685850504731115,0.41212019158467683,0.9999987961092981,0.0,0.0,0.6319134114583334,0.0,0,Subject2Activity1Trial2
1.213125,0.9684823178561393,0.34008428416350966,0.9999953360858094,0.0,0.0,0.6247272135416666,0.0,0,Subject2Activity1Trial2
1.473625,3.9294205679718224,96.22049522995013,0.4405288538998297,1.2730061349693251,0.6604166666666667,7.516733072916668,0.4229166666666667,1,Subject2Activity1Trial3
1.4359,3.9294205679718224,96.22049522995013,0.9478469400865459,1.198776758409786,0.659375,5.5902805989583335,0.21666666666666667,1,Subject2Activity1Trial3
1.198175,1.3916989617011288,81.75995824818588,0.9979328806549048,1.5476190476190477,0.86875,2.8944505208333338,0.014583333333333282,0,Subject2Activity1Trial3
1.184875,1.045280345170615,4.896539902584635,0.9998647614576606,1.2016129032258065,0.8708333333333333,1.4161256510416667,0.022916666666666696,0,Subject2Activity1Trial3
1.1844750000000002,0.9837891034159709,0.9605555583262344,0.999998048471024,0.0,0.0,0.66739453125,0.0,0,Subject2Activity1Trial3
1.1952250000000002,0.964200705247616,0.32597550899754424,0.9999986543931231,0.0,0.0,0.6315455729166667,0.0,0,Subject2Activity1Trial3
1.1925,0.9665122865230426,0.29221535395629417,0.9999891503267009,0.0,0.0,0.6333430989583333,0.0,0,Subject2Activity1Trial3
1.3635499999999998,2.642437700306291,97.88758016783912,0.6351803999914786,1.2327044025157232,0.66875,5.6918294270833325,0.2979166666666666,1,Subject2Activity2Trial1
1.3991000000000002,2.642437700306291,100.13700001399862,0.9522787922617986,1.280130293159609,0.6802083333333333,5.8523600260416675,0.12708333333333333,1,Subject2Activity2Trial1
1.2934750000000002,2.284869580523142,28.247498353364676,0.9993421854796218,1.6198347107438016,0.8739583333333333,2.4597460937499998,0.08020833333333333,0,Subject2Activity2Trial1
1.2223,1.011098907130257,6.535064736101646,0.9999410071172361,1.4406779661016949,0.8770833333333333,1.494775390625,0.11145833333333333,0,Subject2Activity2Trial1
1.19645,1.011098907130257,1.4962943177576449,0.999998526571788,0.0,0.0,0.683666015625,0.0,0,Subject2Activity2Trial1
1.18985,0.9628977100398568,0.2572290906630599,0.9999971655883847,0.0,0.0,0.6196321614583333,0.0,0,Subject2Activity2Trial1
1.18735,0.9628977100398568,0.1560151645196015,0.9999950544142161,0.0,0.0,0.622318359375,0.0,0,Subject2Activity2Trial1
1.401625,2.894812774602185,99.06867405357198,0.4648458741697736,1.3154574132492114,0.6697916666666667,5.9045625,0.2979166666666666,1,Subject2Activity2Trial2
1.39845,2.894812774602185,99.06867405357198,0.9913619648530099,1.6570247933884297,0.7479166666666667,5.143325520833333,0.0697916666666667,1,Subject2Activity2Trial2
1.2125499999999998,1.5306145824471946,17.13936244236237,0.999497470775896,1.6585365853658536,0.871875,2.0196842447916667,0.0,0,Subject2Activity2Trial2
1.1816499999999999,1.1046252758288668,6.180761505851052,0.9999901667854616,1.9420289855072463,0.928125,0.9923938802083333,0.0,0,Subject2Activity2Trial2
1.1675,0.9646501956668022,0.5670440083818846,0.9999872862409677,0.0,0.0,0.6353040364583333,0.0,0,Subject2Activity2Trial2
1.1616,0.9646501956668022,0.3479230358960308,0.9999972929967726,0.0,0.0,0.6346373697916666,0.0,0,Subject2Activity2Trial2
1.1587999999999998,0.9638718794528659,0.36102799559876075,0.9999893516968545,0.0,0.0,0.6394238281250001,0.0,0,Subject2Activity2Trial2
1.36005,2.757591702917602,110.67150260930762,0.6102267592052111,1.3059936908517351,0.6697916666666667,5.789011718749999,0.2489583333333334,1,Subject2Activity2Trial3
1.33585,2.757591702917602,106.53490393047531,0.9895407745200057,2.374233128834356,0.8302083333333333,4.612427083333333,0.08020833333333333,1,Subject2Activity2Trial3
1.1630499999999997,1.260833057942248,5.683876312222424,0.9976224870267771,1.5378151260504203,0.8760416666666667,1.7115006510416666,0.10520833333333335,0,Subject2Activity2Trial3
1.12745,1.10448449513789,4.10279041949488,0.9999824378924029,2.0,0.9291666666666667,1.3380462239583335,0.0,0,Subject2Activity2Trial3
1.10365,0.9931943415062331,0.8986210059059943,0.9999979350179187,0.0,0.0,0.651546875,0.0,0,Subject2Activity2Trial3
1.1001249999999998,0.9640554963278826,0.4993199792653229,0.9999953923272713,0.0,0.0,0.6358483072916667,0.0,0,Subject2Activity2Trial3
1.1029499999999999,0.9908481215605144,0.6190897052728701,0.9998070730707104,0.0,0.0,0.6483313802083334,0.0,0,Subject2Activity2Trial3
1.4283000000000001,3.628761772285417,87.51140919366495,0.563831679083537,1.2682926829268293,0.6583333333333333,6.088909505208333,0.1958333333333333,1,Subject2Activity3Trial1
1.554925,3.628761772285417,114.68968350412044,0.9926722264619673,1.32,0.6875,5.995682291666667,0.21354166666666674,1,Subject2Activity3Trial1
1.5233750000000001,1.3103472822118571,60.11051153323603,0.9827343321273944,1.9796954314720812,0.7947916666666667,3.710272135416667,0.18854166666666672,1,Subject2Activity3Trial1
1.46015,1.3103472822118571,54.67788688593606,0.9996820670186497,3.1944444444444446,0.8875,1.839224609375,0.0,0,Subject2Activity3Trial1
1.3969999999999998,1.128129868410548,5.019296960315213,0.9999958590567685,0.543859649122807,0.4197916666666667,0.8167063802083334,0.0,0,Subject2Activity3Trial1
1.39995,1.0709985994388602,1.451931935396594,0.9999926293804785,0.6538461538461539,0.41041666666666665,1.0157760416666668,0.0,0,Subject2Activity3Trial1
1.398075,1.0724877621679418,1.1055962646017683,0.9999899863437621,1.9166666666666667,0.45208333333333334,1.0304993489583334,0.0,0,Subject2Activity3Trial1
1.5639750000000001,3.8495290621061686,77.77698883925788,0.4534262465460953,1.2644376899696048,0.6572916666666667,5.366951171875,0.2895833333333333,1,Subject2Activity3Trial2
1.6741,3.8495290621061686,94.4517059056191,0.9824204803162526,1.3289902280130292,0.6802083333333333,6.269052734375,0.23333333333333328,1,Subject2Activity3Trial2
1.51935,1.5813234963156655,52.943943402802645,0.9697223641934892,1.824742268041237,0.7979166666666667,3.195267578125,0.046875,1,Subject2Activity3Trial2
1.358125,1.5813234963156655,32.43318808913704,0.9997233535851034,3.288135593220339,0.9385416666666667,1.194888671875,0.0,0,Subject2Activity3Trial2
1.313425,1.1141359881091715,2.2632312544187467,0.9999855647266188,0.0,0.0,0.6756575520833333,0.0,0,Subject2Activity3Trial2
1.318,1.0689630489404207,0.7374638532687996,0.9999970422273846,1.7307692307692308,0.8833333333333333,0.7888268229166666,0.0,0,Subject2Activity3Trial2
1.3209250000000001,1.0708314526572331,1.249714538325554,0.9999845162356558,1.2372881355932204,0.8739583333333333,0.8374993489583333,0.0,0,Subject2Activity3Trial2
1.436825,2.9479765942083054,35.308179126909195,0.5559743006830481,1.0519877675840978,0.659375,5.543401692708334,0.3677083333333333,1,Subject2Activity3Trial3
1.54375,2.9479765942083054,83.55684244071728,0.9515671303803903,1.2560975609756098,0.6583333333333333,6.053483723958333,0.07604166666666667,1,Subject2Activity3Trial3
1.5810499999999998,1.6817817932181334,67.20869651504748,0.9978059025623914,3.2195121951219514,0.871875,2.7991790364583333,0.044791666666666674,0,Subject2Activity3Trial3
1.57225,1.212374942004329,17.351801411053586,0.9999885343682691,0.9787234042553191,0.9510416666666667,1.0532578125,0.0,0,Subject2Activity3Trial3
1.568675,1.0706820256266563,2.263401969484711,0.9999851260734955,2.076923076923077,0.8510416666666667,0.8024173177083334,0.0,0,Subject2Activity3Trial3
1.570675,1.0668247278723906,1.6955071681866514,0.9999866351665374,1.9473684210526316,0.8520833333333333,0.7929986979166667,0.0,0,Subject2Activity3Trial3
1.5725749999999998,1.0668247278723906,1.0233881529019655,0.9999912102201101,0.0,0.0,0.6495852864583334,0.0,0,Subject2Activity3Trial3
1.3908749999999999,2.4872514951246885,51.90280213145181,0.6591885982516095,1.449685534591195,0.66875,6.373997395833333,0.033333333333333326,1,Subject2Activity4Trial1
1.311275,2.4872514951246885,51.90280213145181,0.9417810144219881,3.3548387096774195,0.8708333333333333,5.810315755208333,0.29374999999999996,1,Subject2Activity4Trial1
1.3082,1.4329975575694467,41.26435659009671,0.9993273051139732,3.4375,0.9166666666666666,2.2163951822916665,0.033333333333333326,0,Subject2Activity4Trial1
1.4419250000000001,1.0872175495272325,11.664330844963786,0.9999878226358665,2.1666666666666665,0.9625,1.0164101562499999,0.0,0,Subject2Activity4Trial1
1.43195,0.9997724741159861,3.0895738440437412,0.9999887496606551,0.0,0.0,0.7306067708333333,0.0,0,Subject2Activity4Trial1
1.43605,0.9898014952504366,1.5230514212568522,0.9999914314790002,0.0,0.0,0.76704296875,0.0,0,Subject2Activity4Trial1
1.4483,0.9899459581209471,4.21829493381221,0.9999918525970892,0.0,0.0,0.7522884114583334,0.0,0,Subject2Activity4Trial1
1.4629,0.9899459581209471,3.362957662855088,0.9999949335588231,0.0,0.0,0.6896458333333334,0.0,0,Subject2Activity4Trial1
1.42065,3.5005362446345276,59.8015574727079,0.4871010562330134,1.4043887147335423,0.6677083333333333,6.349829427083334,0.396875,1,Subject2Activity4Trial2
1.480725,3.5005362446345276,89.59715228544914,0.9818553158406703,1.4025157232704402,0.66875,5.402833333333334,0.3291666666666666,1,Subject2Activity4Trial2
1.3029,1.8964266397622662,47.50176642473313,0.9999828622050158,5.0,0.9166666666666666,2.1524114583333334,0.04791666666666672,0,Subject2Activity4Trial2
1.25645,1.0756756016569307,3.420391884101676,0.9999948325248454,1.08,0.9270833333333334,0.7841100260416667,0.0,0,Subject2Activity4Trial2
1.26485,1.0609165848453874,6.247492962533926,0.9999047483715419,2.3636363636363638,0.93125,1.1810996093750001,0.019791666666666652,0,Subject2Activity4Trial2
1.276125,1.0609165848453874,6.247492962533926,0.9999542425226137,2.8548387096774195,0.9354166666666667,1.2148248697916666,0.0,0,Subject2Activity4Trial2
1.2558250000000002,1.055195242597312,4.496670931315222,0.9999914691836477,1.2105263157894737,0.9520833333333333,0.85521875,0.0,0,Subject2Activity4Trial2
1.2803,3.3835558219127995,81.7892335188233,0.5744879289747773,1.1452282157676348,0.571875,7.139922526041667,0.28437500000000004,1,Subject2Activity4Trial3
1.29785,3.3835558219127995,81.7892335188233,0.903431664683519,1.603846153846154,0.7291666666666666,5.885518229166666,0.13958333333333328,1,Subject2Activity4Trial3
1.37315,1.7748830947417356,36.04931654147259,0.9988378070305692,2.607142857142857,0.9125,2.0691438802083333,0.04166666666666663,0,Subject2Activity4Trial3
1.4347500000000002,1.125083996864234,26.6610061390612,0.9999417397111788,1.325,0.9166666666666666,1.5160742187499998,0.0,0,Subject2Activity4Trial3
1.4003,0.9973855824103334,11.597337845525473,0.999995556000152,0.0,0.0,0.9279889322916667,0.0,0,Subject2Activity4Trial3
1.416075,0.9839451204208496,2.135022479070045,0.999994490025738,0.6262626262626263,0.5177083333333333,1.1051295572916666,0.023958333333333304,0,Subject2Activity4Trial3
1.4245750000000001,0.9839451204208496,0.9629252717870145,0.9999989275851947,0.8461538461538461,0.5020833333333333,1.5587220052083333,0.0,0,Subject2Activity4Trial3
1.2395999999999998,1.223161068706816,41.834474984785665,0.9865145867630776,0.6018808777429467,0.6677083333333333,3.0361393229166667,0.12083333333333335,0,Subject2Activity5Trial1
1.3852,1.6196447141271448,81.90571098462983,0.9843597566710117,1.3059936908517351,0.6697916666666667,5.265866536458334,0.27083333333333337,1,Subject2Activity5Trial1
1.6079999999999999,1.6196447141271448,53.58927912274328,0.9523151656610473,2.0552486187845305,0.8114583333333333,5.174852213541667,0.23125000000000007,1,Subject2Activity5Trial1
1.5872,1.5106270221335245,32.56710125467381,0.9988349433620299,2.8859649122807016,0.88125,2.834909505208333,0.009374999999999911,1,Subject2Activity5Trial1
1.529925,1.2018177898500255,13.695811890667603,0.9999816618758675,2.1739130434782608,0.8739583333333333,0.8285533854166666,0.0,0,Subject2Activity5Trial1
1.5239249999999998,1.0852197934059258,1.170359741453435,0.9999887932424796,1.7567567567567568,0.884375,0.7530703125,0.0,0,Subject2Activity5Trial1
1.52635,1.0746836743898178,1.3101939240464837,0.9999968629715328,1.7777777777777777,0.8854166666666666,0.7740579427083333,0.0,0,Subject2Activity5Trial1
1.4827249999999998,3.9434431655597626,87.77111252402374,0.5410688358596728,1.1415094339622642,0.66875,4.189611979166666,0.13124999999999998,1,Subject2Activity5Trial2
1.5732,3.9434431655597626,91.63234757280247,0.9868050383316841,1.3904761904761904,0.671875,5.378124348958333,0.35624999999999996,1,Subject2Activity5Trial2
1.5007249999999999,1.2803284734785834,43.35575778832143,0.9998174785785284,2.4272727272727272,0.8854166666666666,2.522890625,0.05312499999999998,1,Subject2Activity5Trial2
1.4697999999999998,1.2803284734785834,19.740770393343126,0.9999056185914337,1.2241379310344827,0.875,1.2426699218750001,0.060416666666666674,0,Subject2Activity5Trial2
1.4667749999999997,1.0729487406209113,2.6243831523521592,0.9999294152049207,0.917910447761194,0.8604166666666667,1.6352604166666667,0.0,0,Subject2Activity5Trial2
1.4614999999999998,1.0681821005802334,4.961274784044537,0.999977059847816,0.9562043795620438,0.8572916666666667,1.6210520833333333,0.0,0,Subject2Activity5Trial2
1.393425,3.4414707611717406,64.62130914271583,0.664619671756781,1.2830188679245282,0.66875,4.723561848958333,0.24791666666666667,1,Subject2Activity5Trial3
1.5676999999999999,3.4414707611717406,94.34047634696407,0.9710089513564043,1.6130136986301369,0.6958333333333333,5.899089192708334,0.23020833333333335,1,Subject2Activity5Trial3
1.605025,1.5181241714695146,56.379774083145804,0.9980077644283458,1.8816568047337279,0.8239583333333333,3.395990234375,0.011458333333333348,1,Subject2Activity5Trial3
1.58375,1.4062894438912639,10.00766487647346,0.9999927791970064,1.3076923076923077,0.9052083333333333,1.2838587239583332,0.0,0,Subject2Activity5Trial3
1.5861,1.0654980056292926,1.7261029335877858,0.9999974941131157,0.0,0.0,0.6977721354166667,0.0,0,Subject2Activity5Trial3
1.5807499999999999,1.0650305159947295,0.6203473512976245,0.9999866073063176,0.0,0.0,0.6503899739583334,0.0,0,Subject2Activity5Trial3
1.290775,1.1273136209591368,7.250138712106322,0.9999830316017364,1.0819672131147542,0.9364583333333333,1.1294915364583333,0.0,0,Subject3Activity11Trial1
1.317525,1.0810037002711876,2.0310987094659385,0.9999670108537169,0.0,0.0,0.679396484375,0.0,0,Subject3Activity11Trial1
1.324075,1.076968430363676,2.335843973913496,0.9999761778679476,0.0,0.0,0.6832864583333333,0.0,0,Subject3Activity11Trial1
1.329475,1.0677195324615916,1.3462597605472002,0.9999764438041849,0.0,0.0,0.6555670572916668,0.0,0,Subject3Activity11Trial1
1.322225,1.0701840963124054,1.063799714690953,0.9999531689941252,0.0,0.0,0.6576822916666666,0.0,0,Subject3Activity11Trial1
1.3224250000000002,1.0709537805152938,1.2131316648755046,0.9999721181677709,0.0,0.0,0.6496184895833333,0.0,0,Subject3Activity11Trial1
1.325075,1.0709537805152938,1.247254746843792,0.9999695028957298,0.0,0.0,0.6430338541666666,0.0,0,Subject3Activity11Trial1
1.316,1.0719916044447362,1.2218779355137457,0.9999693775731383,0.0,0.0,0.6449934895833334,0.0,0,Subject3Activity11Trial1
1.3180500000000002,1.0719916044447362,1.2941186611962276,0.999982369487417,0.0,0.0,0.6313014322916667,0.0,0,Subject3Activity11Trial1
1.328125,1.0656082769948814,0.7968975983497444,0.9999755839408309,0.0,0.0,0.6615651041666667,0.0,0,Subject3Activity11Trial1
1.3206250000000002,1.0662570046663236,1.1441410078658798,0.9999823992857659,0.5079365079365079,0.3770833333333333,1.0140084635416666,0.0,0,Subject3Activity11Trial1
1.3133249999999999,1.067907299347654,1.0193109113861958,0.9999651735944034,0.7380952380952381,0.3770833333333333,1.2748834635416668,0.052083333333333315,0,Subject3Activity11Trial1
1.321775,1.0701121436559815,1.1083674980636324,0.9999804493488648,1.8404255319148937,0.39166666666666666,1.6837037760416667,0.019791666666666652,0,Subject3Activity11Trial1
1.3253499999999998,1.0709537805152938,1.219418910431168,0.999965908080053,1.6236559139784945,0.3927083333333333,2.1275930989583336,0.059374999999999956,0,Subject3Activity11Trial1
1.3184749999999998,1.0709537805152938,1.219418910431168,0.9999597421164921,1.1290322580645162,0.3885416666666667,1.5065996093750003,0.11041666666666666,0,Subject3Activity11Trial1
1.319925,1.0683094121086831,1.3495676569408026,0.9999631828716501,0.319672131147541,0.5,0.8563873697916667,0.0,0,Subject3Activity11Trial1
1.321475,1.0695017531542432,1.2663778379091788,0.9999661179645223,0.475,0.33125,0.927775390625,0.0,0,Subject3Activity11Trial1
1.321025,1.09877477218946,2.6978028607138924,0.9995352127374652,0.52,0.378125,1.127328125,0.0,0,Subject3Activity11Trial1
1.32105,1.09877477218946,5.034943286770801,0.9995545088701974,0.224,0.378125,0.9607180989583334,0.0,0,Subject3Activity11Trial1
1.3182,1.0914160526581969,4.455469343945019,0.9999932926120132,0.75,0.9625,0.7939231770833334,0.0,0,Subject3Activity11Trial1
1.3253,1.0741550167457208,3.0457237413968326,0.9999660499900119,0.0,0.0,0.6758177083333333,0.0,0,Subject3Activity11Trial1
1.3252,1.0741550167457208,2.1493693375455045,0.9999345573117306,0.0,0.0,0.6100143229166667,0.0,0,Subject3Activity11Trial1
1.323525,1.0720550359006762,1.32185638490804,0.9999613248830675,0.0,0.0,0.6285332031250002,0.0,0,Subject3Activity11Trial1
1.32975,1.0702177348558564,1.4111563320396154,0.9999528917416554,0.0,0.0,0.6359511718749999,0.0,0,Subject3Activity11Trial1
1.3308,1.0712600057875772,2.533130840862066,0.9999584050658198,0.0,0.0,0.619064453125,0.0,0,Subject3Activity11Trial1
1.3356999999999999,1.0787798663304762,2.6374692367778625,0.999927787282754,0.0,0.0,0.6708626302083334,0.0,0,Subject3Activity11Trial1
1.327275,1.0787798663304762,4.473547793634035,0.9999016932411174,0.0,0.0,0.7490436197916666,0.0,0,Subject3Activity11Trial1
1.319925,1.0844141275361547,4.174416964935148,0.9996910922247616,0.0,0.0,0.707119140625,0.0,0,Subject3Activity11Trial1
1.3267250000000002,1.085288440922504,3.04907745197211,0.9998555716269426,0.0,0.0,0.6639700520833334,0.0,0,Subject3Activity11Trial1
1.3292499999999998,1.085288440922504,1.1833220675754426,0.9999872404966933,0.0,0.0,0.6613274739583332,0.0,0,Subject3Activity11Trial1
1.33195,1.0742229749916914,1.12439016160128,0.999976549290655,0.0,0.0,0.6292630208333333,0.0,0,Subject3Activity11Trial1
1.3270499999999998,1.0743728403119654,1.1933067893389655,0.9999604759495093,0.0,0.0,0.6104830729166667,0.0,0,Subject3Activity11Trial1
1.314225,1.1075188485980723,2.212682802593134,0.9987216400330695,0.0,0.0,0.6365475260416666,0.0,0,Subject3Activity11Trial1
1.319275,1.1075188485980723,2.4881161234257405,0.9999807438123655,0.0,0.0,0.6646927083333333,0.0,0,Subject3Activity11Trial1
1.3327250000000002,1.0692979004935903,0.8988838503199688,0.9999885015815089,0.0,0.0,0.6336276041666666,0.0,0,Subject3Activity11Trial1
1.335,1.0643805710365066,0.8086605227805439,0.9999929094605172,0.0,0.0,0.61492578125,0.0,0,Subject3Activity11Trial1
1.336225,1.0755812382149477,1.0718993598988131,0.9999049326806164,0.0,0.0,0.63130078125,0.0,0,Subject3Activity11Trial1
1.3345500000000001,1.0755812382149477,3.3278201343798113,0.9999458991714946,0.0,0.0,0.6532819010416666,0.0,0,Subject3Activity11Trial1
1.3305500000000001,1.11453398333115,6.945051297445809,0.9992900775059128,0.0,0.0,0.6986061197916666,0.0,0,Subject3Activity11Trial1
1.321825,1.11453398333115,6.945051297445809,0.9998921501901992,0.0,0.0,0.6838658854166666,0.0,0,Subject3Activity11Trial1
1.32335,1.0777555381439707,3.3181271237834906,0.999965135520549,0.0,0.0,0.6298131510416666,0.0,0,Subject3Activity11Trial1
1.3273499999999998,1.0901476964154904,2.608126224894205,0.9997593307469632,0.8181818181818182,0.9427083333333334,0.7130996093749999,0.0,0,Subject3Activity11Trial1
1.3219,1.097467083788849,2.155113818544157,0.9996923537076172,0.9464285714285714,0.9416666666666667,0.7688684895833333,0.0,0,Subject3Activity11Trial1
1.3198249999999998,1.097467083788849,1.9169731041568951,0.9994389419464984,0.0,0.0,0.655427734375,0.0,0,Subject3Activity11Trial1
1.3215499999999998,1.094624136404821,2.0924102110514067,0.9999821431636822,0.0,0.0,0.6375924479166666,0.0,0,Subject3Activity11Trial1
1.32845,1.0859208074256612,1.7206691511348833,0.9999985146941043,0.0,0.0,0.583833984375,0.0,0,Subject3Activity11Trial1
1.327875,1.070134103745881,1.1590077145255133,0.9999685651375884,0.0,0.0,0.5857265625,0.0,0,Subject3Activity11Trial1
1.3259750000000001,1.070134103745881,1.1590077145255133,0.9999907616357488,0.0,0.0,0.6162454427083333,0.0,0,Subject3Activity11Trial1
1.3228499999999999,1.0671354178359933,0.8602265298309248,0.9999855924126052,0.0,0.0,0.6091484374999999,0.0,0,Subject3Activity11Trial1
1.3178750000000001,1.0671354178359933,0.7237000214828022,0.9999949764026321,0.0,0.0,0.5787194010416667,0.0,0,Subject3Activity11Trial1
1.3182749999999999,1.0641851342694089,1.0173751081793245,0.9999824626749655,0.0,0.0,0.6161634114583333,0.0,0,Subject3Activity11Trial1
1.321525,1.0707333935205345,1.0173751081793245,0.999923819395724,0.0,0.0,0.6063723958333334,0.0,0,Subject3Activity11Trial1
1.3125,1.07157127621078,1.3184267572077548,0.9999926346447867,1.064516129032258,0.53125,1.7566236979166667,0.0,0,Subject3Activity11Trial2
1.331875,1.0706993041932922,1.1956903141842137,0.9999956271335335,0.9438202247191011,0.4197916666666667,2.5161647135416665,0.036458333333333315,0,Subject3Activity11Trial2
1.332425,1.0631505067486917,0.3084752360896825,0.9999964860942819,1.4444444444444444,0.41875,3.959904947916667,0.02395833333333336,0,Subject3Activity11Trial2
1.333025,1.0631505067486917,0.23425421959237447,0.999997583364027,1.3209876543209877,0.40729166666666666,2.227932942708333,0.10729166666666662,0,Subject3Activity11Trial2
1.3312000000000002,1.0762128042352963,1.2686119631806143,0.9998432997853117,0.8,0.5260416666666666,1.12231640625,0.08749999999999997,0,Subject3Activity11Trial2
1.3304500000000001,1.0766373577022117,2.696744966183898,0.9998818988871118,0.2909090909090909,0.5333333333333333,0.9382858072916666,0.0,0,Subject3Activity11Trial2
1.332625,1.0884378714469651,2.710033943227492,0.9998537975265901,0.0,0.0,0.6588164062499999,0.0,0,Subject3Activity11Trial2
1.3271249999999999,1.0884378714469651,3.180453809846247,0.9998493678104594,1.4375,0.9270833333333334,0.67940625,0.0,0,Subject3Activity11Trial2
1.3255,1.0866687627791645,2.9586572736679333,0.9996420043744819,1.3636363636363635,0.921875,0.6800631510416667,0.0,0,Subject3Activity11Trial2
1.330575,1.0866687627791645,2.39746480004208,0.9998900439763793,1.875,0.93125,0.6505651041666667,0.0,0,Subject3Activity11Trial2
1.3255249999999998,1.0818160656969371,2.0990648462791768,0.9998647169403653,0.0,0.0,0.6422180989583334,0.0,0,Subject3Activity11Trial2
1.3242,1.0847183966357352,2.4911496055791176,0.9997925169840152,1.5333333333333334,0.925,0.63312890625,0.0,0,Subject3Activity11Trial2
1.325275,1.0912240833119473,3.203873053287266,0.9996648299414471,1.3870967741935485,0.921875,0.7034101562500001,0.0,0,Subject3Activity11Trial2
1.3276,1.0912240833119473,3.1755503216497107,0.9998813434874634,2.1363636363636362,0.9333333333333333,0.7118541666666667,0.0,0,Subject3Activity11Trial2
1.329125,1.076028810023226,2.4619011832864803,0.9999755382635697,0.0,0.0,0.6821425781249999,0.0,0,Subject3Activity11Trial2
1.326875,1.0710317455612604,1.7996543263611446,0.9999923668848482,0.5531914893617021,0.5166666666666667,0.9876803385416668,0.0,0,Subject3Activity11Trial2
1.32985,1.0675218967309288,1.0346236021844923,0.9999950830630064,1.1384615384615384,0.48125,1.4197252604166668,0.01041666666666663,0,Subject3Activity11Trial2
1.3254249999999999,1.087431377145243,1.6364648066451952,0.9998203777783163,2.034090909090909,0.39791666666666664,1.7781783854166668,0.001041666666666663,0,Subject3Activity11Trial2
1.32555,1.087431377145243,2.6538552439681915,0.9998779446338818,1.5465116279069768,0.4,1.4549980468750001,0.001041666666666663,0,Subject3Activity11Trial2
1.3325,1.0812150572388455,2.990387130658176,0.9998998739927472,0.7558139534883721,0.4,0.9821979166666667,0.0,0,Subject3Activity11Trial2
1.328775,1.0896802283238876,3.845892417995886,0.9996784402416398,0.6976744186046512,0.4,0.8377721354166667,0.0,0,Subject3Activity11Trial2
1.3293,1.0896802283238876,3.867008668470321,0.999928808586404,0.851063829787234,0.440625,0.7038268229166667,0.0,0,Subject3Activity11Trial2
1.330625,1.0801393428627624,3.0544139402148325,0.9998312990197935,1.5357142857142858,0.93125,0.70824609375,0.0,0,Subject3Activity11Trial2
1.319725,1.0816080621001307,3.132756812182235,0.9998530354419878,1.7407407407407407,0.928125,0.7355227864583332,0.0,0,Subject3Activity11Trial2
1.319375,1.083380819472082,3.629263422135047,0.9996466953922154,1.5862068965517242,0.928125,0.6971197916666667,0.0,0,Subject3Activity11Trial2
1.3270499999999998,1.083380819472082,3.323444853037488,0.999865511163133,1.6538461538461537,0.9291666666666667,0.6976269531249999,0.0,0,Subject3Activity11Trial2
1.324575,1.083358204842701,2.964537535836987,0.9999869218681349,0.9310344827586207,0.9395833333333333,0.7338899739583333,0.0,0,Subject3Activity11Trial2
1.3260999999999998,1.0770334256651461,1.4844548219251745,0.9999175933984814,0.8028169014084507,0.9260416666666667,1.06918359375,0.023958333333333304,0,Subject3Activity11Trial2
1.327125,1.0770334256651461,2.982252727943674,0.9999396368876364,0.8902439024390244,0.9145833333333333,1.0981119791666667,0.02604166666666674,0,Subject3Activity11Trial2
1.323575,1.0738780191437014,2.982252727943674,0.9999803420966092,1.0666666666666667,0.921875,0.9278789062499999,0.0010416666666666075,0,Subject3Activity11Trial2
1.327925,1.0858752230343964,3.119161640036861,0.9998547615452088,1.18,0.9479166666666666,0.7310670572916667,0.0,0,Subject3Activity11Trial2
1.3267,1.0858752230343964,3.119161640036861,0.9999926429749952,0.0,0.0,0.6156393229166667,0.0,0,Subject3Activity11Trial2
1.3255499999999998,1.072732026183613,0.8024435781401458,0.9999988678565989,0.0,0.0,0.589283203125,0.0,0,Subject3Activity11Trial2
1.321025,1.109863505121238,7.919271771888918,0.999551926900814,1.7,0.9354166666666667,0.6743509114583334,0.0,0,Subject3Activity11Trial2
1.3093,1.109863505121238,7.919271771888918,0.9999632556142877,1.3823529411764706,0.93125,0.6842819010416668,0.0,0,Subject3Activity11Trial2
1.3084,1.0703466728121314,1.6123153114494002,0.9999971254704827,0.0,0.0,0.5823196614583332,0.0,0,Subject3Activity11Trial2
1.3107000000000002,1.0629788332793837,0.7863674910175078,0.999994794621536,0.0,0.0,0.6072643229166668,0.0,0,Subject3Activity11Trial2
1.3019500000000002,1.0639934210322919,2.044803789550981,0.9999883682321473,0.0,0.0,0.6210911458333332,0.0,0,Subject3Activity11Trial2
1.294825,1.0675781001875226,1.3921195488441676,0.9999826923237147,0.0,0.0,0.6076725260416667,0.0,0,Subject3Activity11Trial2
1.3002,1.0675781001875226,1.3722235120510984,0.9999989615540698,0.0,0.0,0.6015540364583333,0.0,0,Subject3Activity11Trial2
1.303575,1.061692045745846,0.4038606255062174,0.9999980783045485,0.0,0.0,0.5822246093750001,0.0,0,Subject3Activity11Trial2
1.302825,1.0627774931753118,0.290467515600481,0.9999940729043785,0.0,0.0,0.5713626302083334,0.0,0,Subject3Activity11Trial2
1.3032249999999999,1.063114763325202,0.290467515600481,0.9999961552667808,0.0,0.0,0.5706966145833332,0.0,0,Subject3Activity11Trial2
1.3047,1.063114763325202,0.2452211877940602,0.9999967932928621,0.0,0.0,0.5646614583333334,0.0,0,Subject3Activity11Trial2
1.305675,1.0625431755933497,0.23440030918203014,0.9999967630681915,0.0,0.0,0.5667233072916666,0.0,0,Subject3Activity11Trial2
1.305375,1.0630249291526517,0.34563427265336344,0.999995896668374,0.0,0.0,0.5697591145833333,0.0,0,Subject3Activity11Trial2
1.305975,1.0634124317497893,0.7186432172458161,0.9999910272925953,1.0638297872340425,0.9510416666666667,0.6644401041666667,0.0,0,Subject3Activity11Trial2
1.3089,1.064071426174014,0.8491768476693711,0.999996700601432,1.0,0.9479166666666666,0.7430891927083333,0.0,0,Subject3Activity11Trial2
1.306125,1.064071426174014,1.0632686789362573,0.9999932863539956,0.0,0.0,0.5946679687499999,0.0,0,Subject3Activity11Trial2
1.3058,1.0629482583832572,0.8924620530279945,0.999997932702771,0.0,0.0,0.5821243489583333,0.0,0,Subject3Activity11Trial2
1.3074,1.0627817273551516,0.8966291616624726,0.9999962381119617,0.0,0.0,0.6229856770833333,0.0,0,Subject3Activity11Trial2
1.300225,1.0620621450743832,1.0700096765427372,0.9999960800898129,0.0,0.0,0.6361035156249999,0.0,0,Subject3Activity11Trial2
1.310075,1.0625163528153343,0.7639016421071805,0.9999964788509887,0.0,0.0,0.592419921875,0.0,0,Subject3Activity11Trial3
1.3081,1.0620061205096702,0.7019866047444889,0.9999982982332228,0.0,0.0,0.5944361979166667,0.0,0,Subject3Activity11Trial3
1.3105499999999999,1.0632995814915003,0.3864903485708844,0.9999967438442718,0.0,0.0,0.5966881510416666,0.0,0,Subject3Activity11Trial3
1.3084500000000001,1.0632995814915003,0.704529531559384,0.9999985881967196,0.0,0.0,0.6028958333333333,0.0,0,Subject3Activity11Trial3
1.3094249999999998,1.061235600609026,0.829666747802154,0.999999267022584,0.0,0.0,0.582375,0.0,0,Subject3Activity11Trial3
1.307325,1.0618954750821759,1.1473824879802166,0.9999942211787664,0.0,0.0,0.6009811197916667,0.0,0,Subject3Activity11Trial3
1.3042000000000002,1.063163204780903,0.9324940634620908,0.9999967904501786,0.6071428571428571,0.4,0.6951907552083333,0.0,0,Subject3Activity11Trial3
1.3083250000000002,1.063163204780903,0.7690790763527175,0.9999966783534437,0.8936170212765957,0.41041666666666665,1.1915709635416665,0.010416666666666685,0,Subject3Activity11Trial3
1.305475,1.063927159160814,0.9729470000336455,0.9999960116283216,1.231578947368421,0.41354166666666664,1.8467714843749998,0.024999999999999967,0,Subject3Activity11Trial3
1.309125,1.073853341941999,2.3911996184103383,0.9999337606111558,1.2842105263157895,0.41354166666666664,2.007905598958333,0.08124999999999999,0,Subject3Activity11Trial3
1.3073249999999998,1.073853341941999,4.282390197346768,0.9999934981184068,0.7974683544303798,0.5041666666666667,2.0238717447916663,0.08124999999999999,0,Subject3Activity11Trial3
1.29095,1.081586334972849,4.97488465681297,0.9999242281773104,0.9512195121951219,0.5104166666666666,1.6852278645833334,0.04166666666666663,0,Subject3Activity11Trial3
1.2788,1.0881203977501754,12.795703617528645,0.9998160267205854,0.7051282051282052,0.91875,1.143095703125,0.0,0,Subject3Activity11Trial3
1.2781749999999998,1.0881203977501754,12.795703617528645,0.9999829516505362,0.2602739726027397,0.5166666666666667,1.0858489583333333,0.0,0,Subject3Activity11Trial3
1.290525,1.0854441487243827,5.327648775197206,0.9998206099326715,0.22627737226277372,0.515625,1.0695768229166667,0.0,0,Subject3Activity11Trial3
1.305275,1.0854441487243827,4.853581646928355,0.9999691426774336,0.5774647887323944,0.921875,0.943130859375,0.0,0,Subject3Activity11Trial3
1.3107,1.0700808380678537,2.832344969516665,0.9999863121761746,0.6666666666666666,0.925,0.8886705729166666,0.0,0,Subject3Activity11Trial3
1.3554,1.0786162431560171,17.153707203694943,0.9998988160412822,5.0588235294117645,0.9645833333333333,0.895541015625,0.0,0,Subject3Activity11Trial3
1.438075,1.104875558603773,17.153707203694943,0.9997102557879015,2.4225352112676055,0.9260416666666667,1.1033365885416668,0.0031250000000000444,0,Subject3Activity11Trial3
1.39695,1.1147560271198358,18.21629066148705,0.9999817772967495,2.3661971830985915,0.9260416666666667,1.005736328125,0.0,0,Subject3Activity11Trial3
1.315975,1.1147560271198358,7.42300492956725,0.9999956434050757,0.5964912280701754,0.909375,0.7316920572916666,0.0,0,Subject3Activity11Trial3
1.320725,1.081752744392174,3.5519446612233594,0.9999574903347768,0.0,0.0,0.6511868489583332,0.0,0,Subject3Activity11Trial3
1.323775,1.0853027227460548,1.6766034348091896,0.9998162483940685,1.875,0.9354166666666667,0.6550774739583334,0.0,0,Subject3Activity11Trial3
1.3200499999999997,1.0853027227460548,2.1015471741798084,0.9997017153613063,1.3142857142857143,0.9239583333333333,0.7199934895833333,0.0,0,Subject3Activity11Trial3
1.327675,1.0843472690978662,2.0906866096947745,0.9999350208179203,0.5158730158730159,0.3770833333333333,0.9935761718749999,0.0,0,Subject3Activity11Trial3
1.3204999999999998,1.0843472690978662,2.1460943278337776,0.9999387782803774,0.5079365079365079,0.3770833333333333,1.109654296875,0.05104166666666665,0,Subject3Activity11Trial3
1.2868249999999999,1.1352017441847067,18.6853169969405,0.9988226105332662,1.978494623655914,0.903125,1.8726907552083332,0.004166666666666652,0,Subject3Activity11Trial3
1.460525,1.1901751971873722,94.56723214013009,0.9937222701396673,4.065934065934066,0.9052083333333333,2.7066184895833336,0.06145833333333328,0,Subject3Activity11Trial3
1.68065,1.1901751971873722,78.345385594362,0.9992920326334361,4.5,0.9145833333333333,2.6730364583333333,0.06458333333333333,0,Subject3Activity11Trial3
1.7411749999999997,1.21125595973766,71.26719463128842,0.9969493085833218,5.629032258064516,0.9354166666666667,2.673358072916667,0.002083333333333326,0,Subject3Activity11Trial3
1.6911999999999998,1.21125595973766,37.79411900512103,0.9969379464325975,2.0921052631578947,0.43333333333333335,2.19172265625,0.003124999999999989,0,Subject3Activity11Trial3
1.595375,1.202283660373042,36.291234351764416,0.9992248949455834,0.544,0.378125,1.6367154947916667,0.0,0,Subject3Activity11Trial3
1.582725,1.1914403048411617,2.3237067010357144,0.9999832925685843,0.368,0.378125,1.3514348958333333,0.5604166666666668,0,Subject3Activity11Trial3
1.5829499999999999,1.1914403048411617,2.612569926677864,0.9999427692934882,0.9285714285714286,0.9270833333333334,1.2139674479166667,0.006249999999999978,0,Subject3Activity11Trial3
1.57985,1.0792353774779624,1.231347665802204,0.9999873651992376,0.9859154929577465,0.9260416666666667,1.0752382812500003,0.022916666666666696,0,Subject3Activity11Trial3
1.5775000000000001,1.0900316509166144,4.233385279925159,0.9998730864524757,1.0185185185185186,0.94375,1.1727656249999998,0.004166666666666652,0,Subject3Activity11Trial3
1.57365,1.0900316509166144,5.506555496742273,0.9999927443912743,1.0298507462686568,0.409375,1.06716796875,0.0,0,Subject3Activity11Trial3
1.5661,1.0727669830862618,5.506555496742273,0.9999941576016513,0.7096774193548387,0.41041666666666665,0.7779153645833333,0.0,0,Subject3Activity11Trial3
1.56985,1.0715806082605266,1.4816619255712347,0.9999988944604653,0.9767441860465116,0.4010416666666667,0.7651634114583334,0.0,0,Subject3Activity11Trial3
1.572625,1.0715806082605266,0.9315639743660746,0.9999975622081654,0.5875,0.425,0.8448535156249999,0.0,0,Subject3Activity11Trial3
1.566625,1.0711288437905124,0.9934570451603228,0.9999959623449042,0.6309523809523809,0.42291666666666666,0.964419921875,0.0,0,Subject3Activity11Trial3
1.5694,1.0716272672902645,0.9722928589211435,0.9999982374414769,0.4941860465116279,0.5229166666666667,1.6985833333333336,0.046875000000000056,0,Subject3Activity11Trial3
1.573725,1.0716272672902645,0.9797730071384123,0.9999976573497071,0.9202453987730062,0.5052083333333334,2.216379557291667,0.013541666666666674,0,Subject3Activity11Trial3
1.56195,1.0709537805152938,1.4449421739342974,0.9999961375029258,1.2947368421052632,0.41354166666666664,2.338694010416667,0.02291666666666664,0,Subject3Activity11Trial3
1.5612,1.0710508858126209,1.3320812222302436,0.9999992972237676,1.6458333333333333,0.4125,1.9788697916666667,0.0,0,Subject3Activity11Trial3
1.5736,1.0710508858126209,0.915616524220976,0.9999978934899374,1.1170212765957446,0.41041666666666665,1.1060019531249998,0.048958333333333326,0,Subject3Activity11Trial3
1.5763749999999999,1.0704919429869615,0.4350978989517813,0.9999970117160487,0.27419354838709675,0.425,0.8413014322916667,0.0,0,Subject3Activity11Trial3
1.5716,1.0705498587174724,0.8170120327207506,0.9999962989614521,0.7628865979381443,0.3489583333333333,0.98976953125,0.026041666666666685,0,Subject3Activity11Trial3
1.5696999999999999,1.0705498587174724,0.6645394996817267,0.9999973600456721,0.8290598290598291,0.36770833333333336,1.05204296875,0.07291666666666669,0,Subject3Activity11Trial3
1.573,1.0705302424499739,0.7231379433811789,0.9999985124872681,0.7294117647058823,0.39895833333333336,0.8925390625,0.0,0,Subject3Activity11Trial3
1.441875,0.9945149571524805,35.77821953317378,0.951900952722466,1.0337837837837838,0.6916666666666667,4.334139973958334,0.13020833333333337,1,Subject3Activity1Trial1
1.374325,2.2188062105555773,89.78338479875156,0.958092463618972,1.215547703180212,0.7052083333333333,5.411874348958333,0.15104166666666663,1,Subject3Activity1Trial1
1.2726250000000001,2.2188062105555773,17.0909106794669,0.9621825909405275,2.2333333333333334,0.875,2.855362630208333,0.02604166666666663,1,Subject3Activity1Trial1
1.1185749999999999,1.4550676960196733,13.627504957744804,0.9995043989272283,1.588235294117647,0.9114583333333334,1.3128391927083334,0.0,0,Subject3Activity1Trial1
1.0488250000000001,1.0664956633760871,1.7452555015642588,0.9999812668200583,0.5733333333333334,0.5260416666666666,0.7645911458333334,0.0,0,Subject3Activity1Trial1
1.044375,0.9865181194483962,0.32078776636475936,0.9999921563265923,0.7325581395348837,0.5354166666666667,1.000423828125,0.03437499999999993,0,Subject3Activity1Trial1
1.045325,0.9803601379085137,0.32078776636475936,0.9999985228561549,0.891566265060241,0.4197916666666667,1.2162565104166667,0.0,0,Subject3Activity1Trial1
1.0435750000000001,1.0448258228049303,1.4252216740192125,0.9988454249727224,1.6896551724137931,0.41770833333333335,1.7608463541666666,0.027083333333333348,0,Subject3Activity1Trial1
1.527275,1.7299005751776602,69.56042860034864,0.897274698148985,1.1689189189189189,0.6916666666666667,4.4195559895833325,0.13958333333333328,1,Subject3Activity1Trial2
1.4776000000000002,2.0262105023911015,76.50055412719588,0.89689274960829,1.3154121863799284,0.709375,5.810330078125,0.14270833333333344,1,Subject3Activity1Trial2
1.2301750000000002,2.0262105023911015,16.417587311251253,0.9946238627151812,2.846774193548387,0.8708333333333333,2.8125052083333335,0.09791666666666665,1,Subject3Activity1Trial2
1.069175,1.3827356941946642,9.702926402795413,0.9999250410983023,1.835820895522388,0.9302083333333333,1.0618404947916669,0.0,0,Subject3Activity1Trial2
1.0707,0.9917555142271708,1.2519535924448917,0.9999931203425118,0.0,0.0,0.61825390625,0.0,0,Subject3Activity1Trial2
1.06545,0.9806044054561452,0.4389347789315252,0.9999992714608451,1.0263157894736843,0.44166666666666665,0.5973033854166666,0.0,0,Subject3Activity1Trial2
1.0621749999999999,0.9781927212978023,0.2082739210530633,0.9999994866569,0.0,0.0,0.5572083333333333,0.0,0,Subject3Activity1Trial2
1.0634000000000001,0.9783051671130026,0.20117110158116702,0.9999976036404936,0.0,0.0,0.5853365885416667,0.0,0,Subject3Activity1Trial2
1.5128499999999998,1.0542172451634435,34.16878784450975,0.9943941480020729,0.5618729096989966,0.6885416666666667,3.918513020833333,0.12083333333333335,0,Subject3Activity1Trial3
1.4321499999999998,2.1346594576184748,78.95214561719044,0.857408404532431,1.2405498281786942,0.696875,5.703339192708333,0.08333333333333326,1,Subject3Activity1Trial3
1.2375749999999999,2.1346594576184748,58.466869620216244,0.9771060595279358,2.4133333333333336,0.84375,3.5324694010416673,0.08437499999999998,1,Subject3Activity1Trial3
1.1008,1.3753530455850238,12.171109609390726,0.9990906267681473,1.7162162162162162,0.9229166666666667,1.1132428385416666,0.0,0,Subject3Activity1Trial3
1.0780750000000001,1.0336232389028412,1.2347570873710083,0.9999724810957669,0.0,0.0,0.5535208333333334,0.0,0,Subject3Activity1Trial3
1.07865,0.9964923481893878,0.3735898208420565,0.9999930612664978,0.0,0.0,0.5452122395833333,0.0,0,Subject3Activity1Trial3
1.080525,0.9832095402303621,0.2526656769742033,0.9999938193928175,0.0,0.0,0.5301171874999999,0.0,0,Subject3Activity1Trial3
1.0814499999999998,0.9881057635698721,0.6297715443356537,0.9999595840967096,1.1451612903225807,0.9354166666666667,0.7490097656250001,0.0,0,Subject3Activity1Trial3
1.543975,2.5333223245374836,31.26769201301005,0.657143052598448,0.5723905723905723,0.690625,4.076353515625,0.055208333333333304,1,Subject3Activity2Trial1
1.5464000000000002,2.5333223245374836,83.27376451816698,0.9493054043521387,1.1326530612244898,0.69375,5.426176432291666,0.16145833333333326,1,Subject3Activity2Trial1
1.5921,2.6969579158748473,58.07539586371833,0.8770547196514634,1.6233183856502242,0.7677083333333333,4.396151692708333,0.04166666666666663,1,Subject3Activity2Trial1
1.5629,2.6969579158748473,47.35682703120983,0.998748726516359,3.2,0.8854166666666666,2.4542825520833333,0.0,1,Subject3Activity2Trial1
1.443775,1.1040389485883186,5.41028379270935,0.9996474135679768,1.9285714285714286,0.95625,0.7362923177083334,0.0,0,Subject3Activity2Trial1
1.43735,1.0248809686983167,2.015243903035497,0.9997588061538255,1.775,0.9583333333333334,0.6929713541666667,0.0,0,Subject3Activity2Trial1
1.4341750000000002,1.0422710779830744,1.1274948083547827,0.9993960505887645,0.0,0.0,0.6306223958333332,0.0,0,Subject3Activity2Trial1
1.428275,1.0576885174757262,1.8174285676691397,0.9971013230373789,0.0,0.0,0.6043522135416667,0.0,0,Subject3Activity2Trial1
1.386225,2.809216438795701,82.85084378248013,0.6592409738477424,0.6542372881355932,0.6927083333333334,4.874507161458333,0.19166666666666665,1,Subject3Activity2Trial2
1.4593,2.809216438795701,138.58313208129096,0.8042358787729627,1.3767123287671232,0.6958333333333333,6.7503346354166665,0.21145833333333341,1,Subject3Activity2Trial2
1.393,1.9384308086697344,44.139900196968796,0.9848889023015774,2.5592105263157894,0.8416666666666667,4.791640625,0.05625000000000002,1,Subject3Activity2Trial2
1.204075,1.4531025428372217,9.60676820911965,0.9962385027243693,2.2954545454545454,0.41875,1.7543717447916667,0.0031250000000000444,0,Subject3Activity2Trial2
1.18105,1.0744938343238644,1.2301995988252372,0.9991764161994287,0.896551724137931,0.415625,1.5415944010416667,0.01041666666666663,0,Subject3Activity2Trial2
1.1721249999999999,1.038503249874549,1.1391920101580126,0.9999710486251396,1.4210526315789473,0.41041666666666665,1.0891197916666666,0.015625,0,Subject3Activity2Trial2
1.1698,0.9902676405901588,0.5485559368275972,0.9999978026872572,0.8194444444444444,0.4083333333333333,0.7435716145833334,0.0,0,Subject3Activity2Trial2
1.521675,2.441150138766561,57.558107691978336,0.783962691950286,1.0101694915254238,0.6927083333333334,5.2231601562500005,0.12291666666666667,0,Subject3Activity2Trial3
1.678125,2.441150138766561,99.68589080244266,0.7645655866982276,1.415686274509804,0.734375,5.444330078125001,0.15104166666666663,1,Subject3Activity2Trial3
1.412275,2.115055318425502,30.308839341234915,0.9989367817111316,2.732283464566929,0.8677083333333333,2.843169270833333,0.044791666666666674,0,Subject3Activity2Trial3
1.2003,1.0876230964814972,5.652727879433485,0.9999476688551782,1.0506329113924051,0.9177083333333333,0.8971582031250002,0.0,0,Subject3Activity2Trial3
1.1887750000000001,1.0146388520059735,0.9271179480234935,0.9999977176770604,0.0,0.0,0.5762884114583333,0.0,0,Subject3Activity2Trial3
1.18565,0.9856221385500632,0.605636989499942,0.999993528334967,0.0,0.0,0.5598821614583332,0.0,0,Subject3Activity2Trial3
1.182825,0.9856221385500632,0.33613781881908267,0.9999977330671941,0.0,0.0,0.54073046875,0.0,0,Subject3Activity2Trial3
1.184375,0.9848020105584675,0.7380819352532058,0.9999964047562925,0.0,0.0,0.5951588541666666,0.0,0,Subject3Activity2Trial3
1.6773250000000002,5.024696707265027,93.69686498807025,0.27518607322557154,1.4965517241379311,0.6979166666666666,5.4979244791666675,0.14270833333333333,1,Subject3Activity3Trial1
1.8085250000000002,5.024696707265027,126.44886050541022,0.8331314733148348,1.5333333333333334,0.703125,6.425602213541666,0.12708333333333333,1,Subject3Activity3Trial1
1.4933,2.468795050221869,62.37657446993983,0.9854729806637273,2.2285714285714286,0.8177083333333334,2.459525390625,0.0,1,Subject3Activity3Trial1
1.225675,1.213465697908268,16.573135423398565,0.9990997764327182,0.7777777777777778,0.9041666666666667,0.9317532552083334,0.0,0,Subject3Activity3Trial1
1.231175,1.1517278324326454,6.104250789102741,0.9998659138627702,0.0,0.0,0.6898157552083333,0.0,0,Subject3Activity3Trial1
1.2510749999999997,1.091812254922979,2.0061987226874267,0.9999706721492977,0.0,0.0,0.6168893229166666,0.0,0,Subject3Activity3Trial1
1.2551,1.0654994134207676,1.4710441934047394,0.9999783479824828,0.0,0.0,0.5937141927083334,0.0,0,Subject3Activity3Trial1
1.25935,1.0631951843382286,1.4972179861417434,0.9999949776616719,0.0,0.0,0.5765638020833332,0.0,0,Subject3Activity3Trial1
1.5947500000000001,4.536915912820073,52.73749627290397,0.5056625462617395,0.93,0.6875,4.832951822916667,0.04062499999999991,1,Subject3Activity3Trial2
1.6960000000000002,4.536915912820073,104.14113119003994,0.8104485632699117,1.4032786885245903,0.6822916666666666,6.341857421875,0.15416666666666667,1,Subject3Activity3Trial2
1.478125,2.0824701678535518,110.77715247558363,0.9891510098128649,2.2598870056497176,0.815625,4.431630208333333,0.09791666666666665,1,Subject3Activity3Trial2
1.311525,1.293030935438128,13.939868869671347,0.9995975087761866,2.371794871794872,0.91875,1.8672194010416667,0.04791666666666672,0,Subject3Activity3Trial2
1.33945,1.1067614919213624,7.58365332297424,0.9985511715812482,1.2911392405063291,0.9177083333333333,1.2405807291666666,0.07708333333333339,0,Subject3Activity3Trial2
1.3422249999999998,1.1067614919213624,5.093966898586199,0.9999572915263016,1.0689655172413792,0.9395833333333333,0.7644016927083334,0.0,0,Subject3Activity3Trial2
1.345175,1.074862316764338,1.8717985038960894,0.9999627712770535,1.0975609756097562,0.9572916666666667,0.6550768229166667,0.0,0,Subject3Activity3Trial2
1.345075,1.073175661296882,2.0008529135693713,0.9999268174190757,1.4166666666666667,0.95,0.8483906250000001,0.0,0,Subject3Activity3Trial2
1.6939749999999996,4.236099739146848,113.30053515562106,0.38007833297715704,1.5586206896551724,0.6979166666666666,5.935497395833333,0.15000000000000002,1,Subject3Activity3Trial3
1.7009,4.236099739146848,121.1710891345839,0.9046648741869717,1.4259927797833936,0.7114583333333333,6.348872395833332,0.18333333333333335,1,Subject3Activity3Trial3
1.3487000000000002,1.9103989112224704,40.04248945706394,0.9931384989196164,1.7037037037037037,0.83125,2.87548828125,0.1499999999999999,0,Subject3Activity3Trial3
1.1466749999999999,1.3268285495873233,12.913890664983814,0.9997537395232787,1.8780487804878048,0.9572916666666667,0.9774479166666667,0.0,0,Subject3Activity3Trial3
1.11325,1.0831740395707423,1.853301092084248,0.9999482576834886,0.0,0.0,0.5862968749999999,0.0,0,Subject3Activity3Trial3
1.1193000000000002,1.0628325361974953,0.885035556279155,0.9999967590955688,0.0,0.0,0.6324192708333334,0.0,0,Subject3Activity3Trial3
1.12785,1.0574431426795485,0.8199908786064682,0.9999970062430878,1.1111111111111112,0.4354166666666667,0.6111210937500001,0.0,0,Subject3Activity3Trial3
1.13055,1.0595914306939256,0.8720990691061252,0.9999883425142456,0.0,0.0,0.5773391927083333,0.0,0,Subject3Activity3Trial3
1.4446749999999997,3.171177856885356,90.9349869072519,0.5578547387152581,1.6,0.6979166666666666,5.973548177083333,0.14375000000000004,1,Subject3Activity4Trial1
1.5509,3.171177856885356,91.34727125785815,0.9547714093004597,1.60431654676259,0.7104166666666667,6.422232421875,0.11562499999999998,1,Subject3Activity4Trial1
1.665175,2.0272764981620046,52.65300071819992,0.9969892682775985,2.2928571428571427,0.8541666666666666,2.2334290364583333,0.078125,0,Subject3Activity4Trial1
1.665025,1.144383240003103,9.878348597659482,0.9998671987498089,0.9166666666666666,0.9375,0.7895091145833332,0.0,0,Subject3Activity4Trial1
1.6719249999999999,1.070519967118783,1.2906978490769063,0.9999781221639348,0.0,0.0,0.6340319010416666,0.0,0,Subject3Activity4Trial1
1.6763999999999997,1.0635163374391576,1.4847161079615887,0.9999971050378782,0.0,0.0,0.6082714843749999,0.0,0,Subject3Activity4Trial1
1.6742250000000003,1.0725092074196845,3.857320224071131,0.9998917145608128,1.203125,0.9333333333333333,1.0045358072916666,0.0,0,Subject3Activity4Trial1
1.674125,1.0725092074196845,3.857320224071131,0.9999497396834862,0.6052631578947368,0.39791666666666664,1.0446139322916668,0.0,0,Subject3Activity4Trial1
1.3936,1.5635619591177063,17.995098965675297,0.9145875502323397,0.8945578231292517,0.69375,5.225579427083334,0.029166666666666674,0,Subject3Activity4Trial2
1.569725,3.2851455066708994,77.300686853385,0.8420073740935817,1.5582191780821917,0.6958333333333333,7.048348307291667,0.15104166666666663,1,Subject3Activity4Trial2
1.7933500000000002,3.2851455066708994,95.1492332864693,0.9972415121469743,2.6424242424242426,0.828125,4.294274088541666,0.12291666666666667,1,Subject3Activity4Trial2
1.6691250000000004,1.1801296538940118,42.78324641144863,0.9997189339093527,2.3292682926829267,0.9145833333333333,1.8620481770833337,0.0,0,Subject3Activity4Trial2
1.568025,1.0872635375105708,15.58040570618877,0.9999866520962143,0.6829268292682927,0.9145833333333333,0.94393359375,0.0,0,Subject3Activity4Trial2
1.5731,1.0728998089290538,2.153104489124658,0.9999974824929407,0.0,0.0,0.5918776041666666,0.0,0,Subject3Activity4Trial2
1.570225,1.0601297090450772,1.1411718344359656,0.999999119593129,0.0,0.0,0.5567213541666666,0.0,0,Subject3Activity4Trial2
1.5648750000000002,1.0620117701795964,1.2385289330087232,0.9999942263822017,0.0,0.0,0.5752376302083333,0.0,0,Subject3Activity4Trial2
1.41935,3.6350320493772816,52.186934759652864,0.5656418883393957,1.3655172413793104,0.6979166666666666,5.673853515625001,0.06666666666666665,1,Subject3Activity4Trial3
1.5457,3.6350320493772816,88.83847264892624,0.9671345890818799,1.5964912280701755,0.703125,6.952947916666668,0.17604166666666676,1,Subject3Activity4Trial3
1.7407249999999999,1.8103496899770497,70.80467324858789,0.9996279369015368,1.7894736842105263,0.8416666666666667,2.737569661458333,0.08333333333333337,0,Subject3Activity4Trial3
1.8300249999999998,1.24963754745126,31.647351532352097,0.9999922890039726,2.142857142857143,0.9458333333333333,0.8972154947916667,0.0,0,Subject3Activity4Trial3
1.8485749999999999,1.0869636608461204,2.8662785804869984,0.9999986865343508,0.0,0.0,0.6078717447916666,0.0,0,Subject3Activity4Trial3
1.8486,1.0742108731529392,0.9239214741080843,0.999999134438939,0.0,0.0,0.5617630208333333,0.0,0,Subject3Activity4Trial3
1.8478249999999998,1.0727334244815905,0.9942007512022144,0.9999978748671532,0.0,0.0,0.5417265625,0.0,0,Subject3Activity4Trial3
1.8465,1.0726966020268731,0.5417777202491934,0.9999983220314154,0.0,0.0,0.55515234375,0.0,0,Subject3Activity4Trial3
1.5066000000000002,2.2919199375196335,108.4708319659432,0.7000156607704892,1.5104166666666667,0.7,4.59925390625,0.13750000000000007,1,Subject3Activity5Trial1
1.5736,2.2919199375196335,119.23573858055529,0.9192808640590583,1.8007662835249043,0.728125,4.672194010416667,0.07187500000000002,1,Subject3Activity5Trial1
1.4072,1.7797598152559801,29.06934847198402,0.9990059398993276,3.6818181818181817,0.93125,1.5387076822916668,0.0,0,Subject3Activity5Trial1
1.27875,1.1283377154026184,5.563278814090491,0.9999745894900927,0.0,0.0,0.600509765625,0.0,0,Subject3Activity5Trial1
1.28245,1.0695672021897455,1.532892134036711,0.9999978665527863,0.0,0.0,0.5862473958333333,0.0,0,Subject3Activity5Trial1
1.283125,1.0622551482577056,0.7576008763080679,0.9999975772524874,0.0,0.0,0.576390625,0.0,0,Subject3Activity5Trial1
1.2846250000000001,1.0743607401613295,2.6410618164744806,0.9999133797124006,2.1724137931034484,0.9697916666666667,0.8001666666666667,0.0,0,Subject3Activity5Trial1
1.2846,1.0743607401613295,2.6410618164744806,0.9999936314352684,1.1111111111111112,0.94375,0.8858496093749999,0.0,0,Subject3Activity5Trial1
1.6195500000000003,3.2647851384126336,86.56012647524614,0.6067403661188947,1.4577464788732395,0.7041666666666667,4.8638359375,0.10416666666666663,1,Subject3Activity5Trial2
1.6137749999999997,3.2647851384126336,110.26344684500894,0.942462062228407,1.7379032258064515,0.7416666666666667,4.289852213541666,0.1010416666666667,1,Subject3Activity5Trial2
1.339875,1.5022759400323231,25.9222354292115,0.9963323105908196,4.32183908045977,0.909375,1.704755859375,0.0,0,Subject3Activity5Trial2
1.2402250000000001,1.5735850787294596,15.797963758473776,0.9433753864951053,1.6666666666666667,0.95,1.1175182291666668,0.0,0,Subject3Activity5Trial2
1.2092,1.5735850787294596,15.797963758473776,0.9990515092806114,0.7647058823529411,0.4083333333333333,1.2462591145833335,0.0,0,Subject3Activity5Trial2
1.213525,1.1097774551683774,11.83434148350019,0.9999475441149529,1.1168831168831168,0.41354166666666664,1.237576171875,0.5572916666666667,0,Subject3Activity5Trial2
1.23515,1.0912712769976125,4.106835339515021,0.9999959580195733,1.1791044776119404,0.40729166666666666,0.9882447916666667,0.0,0,Subject3Activity5Trial2
1.6470749999999998,2.59760851553886,112.44312316585253,0.7283717832463683,1.4432624113475176,0.70625,4.799233072916667,0.125,1,Subject3Activity5Trial3
1.648225,2.59760851553886,124.58426428355611,0.9003540556331195,1.6341463414634145,0.74375,4.782529947916666,0.16770833333333335,1,Subject3Activity5Trial3
1.4469,2.100805559779391,38.68506967396549,0.9989183682864806,3.51,0.8958333333333334,1.7344895833333331,0.0,0,Subject3Activity5Trial3
1.3692499999999999,1.1809805248182546,4.7714121644785354,0.9999901433320396,0.0,0.0,0.6935494791666666,0.0,0,Subject3Activity5Trial3
1.347775,1.062180775574478,1.212207022681607,0.9999957625787106,0.0,0.0,0.5693320312499999,0.0,0,Subject3Activity5Trial3
1.3483,1.059333280889447,0.4701176132974112,0.9999929128560071,0.0,0.0,0.5577311197916667,0.0,0,Subject3Activity5Trial3
1.3472,1.0573466791927801,0.40373525616164585,0.9999990774305754,0.0,0.0,0.5553704427083332,0.0,0,Subject3Activity5Trial3
1.3457999999999999,1.0574804962740447,0.2970010750164427,0.9999967311832678,0.0,0.0,0.5738867187500001,0.0,0,Subject3Activity5Trial3
1.4969999999999999,1.2545365678209623,10.832781445570644,0.9997715051599633,1.8727272727272728,0.9427083333333334,1.0729329427083332,0.0,0,Subject4Activity11Trial1
1.4823499999999998,1.0859732961726083,3.751522960815503,0.999992844052052,0.0,0.0,0.7731966145833333,0.0,0,Subject4Activity11Trial1
1.485675,1.056106528717629,1.6146044989038444,0.9999931681417807,0.0,0.0,0.7143893229166667,0.0,0,Subject4Activity11Trial1
1.475025,1.053338027415701,1.9754718294818439,0.9999980577613858,0.0,0.0,0.6879101562500001,0.0,0,Subject4Activity11Trial1
1.46885,1.0648422418367895,2.3318845020468153,0.9999709804902559,0.0,0.0,0.7211927083333334,0.0,0,Subject4Activity11Trial1
1.440125,1.0688788518817274,9.418511745922142,0.999938291472489,0.0,0.0,0.8308079427083334,0.0,0,Subject4Activity11Trial1
1.420375,1.0688788518817274,7.543098192388555,0.9999885641196072,0.0,0.0,0.7454114583333334,0.0,0,Subject4Activity11Trial1
1.4147750000000001,1.0572833111328297,3.0043242688957807,0.999974298748875,0.0,0.0,0.700263671875,0.0,0,Subject4Activity11Trial1
1.40305,1.0572833111328297,2.8984701437074154,0.999989997630276,0.0,0.0,0.6958424479166667,0.0,0,Subject4Activity11Trial1
1.4203,1.0522119558339946,2.101752444360626,0.9999993274870282,0.0,0.0,0.6959680989583333,0.0,0,Subject4Activity11Trial1
1.43135,1.0509790673462531,1.2631435500613968,0.9999996296153604,0.0,0.0,0.6812317708333333,0.0,0,Subject4Activity11Trial1
1.42905,1.051846471686814,0.9812454654236227,0.9999958258855338,0.0,0.0,0.6803515625,0.0,0,Subject4Activity11Trial1
1.435725,1.051846471686814,1.6790672928842412,0.9999979020564886,0.0,0.0,0.6780852864583332,0.0,0,Subject4Activity11Trial1
1.4398249999999997,1.051312988600445,1.4446173589913442,0.9999979468698835,0.0,0.0,0.6813027343749999,0.0,0,Subject4Activity11Trial1
1.4336749999999998,1.0511636409237144,0.9391564003767989,0.99999776389211,0.0,0.0,0.71032421875,0.0,0,Subject4Activity11Trial1
1.4410500000000002,1.0507887513672765,1.6178929628930412,0.9999953380300578,1.793103448275862,0.3927083333333333,0.7466347656250001,0.0,0,Subject4Activity11Trial1
1.443025,1.0508296722114387,1.4004308541270376,0.9999965667714276,1.7666666666666666,0.39375,0.7640494791666667,0.0,0,Subject4Activity11Trial1
1.43495,1.051020456508816,0.7901489493931031,0.9999953354447033,1.5,0.3875,0.7663326822916666,0.0,0,Subject4Activity11Trial1
1.4341,1.051020456508816,0.6740857932276114,0.9999986703043453,1.5714285714285714,0.38645833333333335,0.7916953125,0.0,0,Subject4Activity11Trial1
1.43145,1.0522955858502876,0.8642134130651051,0.9999952611381915,1.736842105263158,0.38333333333333336,0.76589453125,0.0,0,Subject4Activity11Trial1
1.4343,1.0522955858502876,1.1424562804190543,0.9999922413995378,1.9428571428571428,0.384375,0.8084889322916666,0.0,0,Subject4Activity11Trial1
1.4388999999999998,1.0519819390084602,0.7676998228920411,0.9999983586339769,1.59375,0.3875,0.7692187500000001,0.0,0,Subject4Activity11Trial1
1.43675,1.0511217817170377,0.8593683999674901,0.999992158690731,0.0,0.0,0.6953919270833333,0.0,0,Subject4Activity11Trial1
1.440725,1.0535202893157778,1.202914285716215,0.9999986847246809,0.0,0.0,0.6930944010416666,0.0,0,Subject4Activity11Trial1
1.440175,1.0535202893157778,1.229153378296438,0.9999987734346788,2.1666666666666665,0.3875,0.72715625,0.0,0,Subject4Activity11Trial1
1.4329249999999998,1.0507130911909301,0.876717436122366,0.9999949587327064,1.8709677419354838,0.3885416666666667,0.7297591145833333,0.0,0,Subject4Activity11Trial1
1.43845,1.0507130911909301,1.316082584819501,0.9999989902241548,0.0,0.0,0.6795846354166666,0.0,0,Subject4Activity11Trial1
1.4394,1.0498928516758268,1.2907781131594476,0.9999986071489753,0.0,0.0,0.6914993489583333,0.0,0,Subject4Activity11Trial1
1.430725,1.0524894298756637,0.8662821030240977,0.9999919118014851,0.0,0.0,0.6846744791666668,0.0,0,Subject4Activity11Trial1
1.4368,1.0524894298756637,1.2558209280659476,0.9999927112061487,0.0,0.0,0.6897311197916667,0.0,0,Subject4Activity11Trial1
1.440675,1.0512326098442724,1.1175989608177588,0.9999984255199347,0.0,0.0,0.6623743489583334,0.0,0,Subject4Activity11Trial1
1.43285,1.0515731073016272,1.1612314013412934,0.9999910546674938,0.0,0.0,0.661974609375,0.0,0,Subject4Activity11Trial1
1.4368750000000001,1.0515731073016272,1.3267662057140122,0.9999962617746709,0.0,0.0,0.666494140625,0.0,0,Subject4Activity11Trial1
1.439625,1.0501756995855502,1.157048341317438,0.999997504099493,0.0,0.0,0.673806640625,0.0,0,Subject4Activity11Trial1
1.4317249999999997,1.0506164856882838,1.0511982103457704,0.9999971925910397,0.0,0.0,0.6509270833333334,0.0,0,Subject4Activity11Trial1
1.4390749999999999,1.0514846646527947,1.8011313640437834,0.9999968040500847,0.0,0.0,0.6789264322916668,0.0,0,Subject4Activity11Trial1
1.4451,1.0514846646527947,1.442173983053518,0.9999953133046163,0.0,0.0,0.659666015625,0.0,0,Subject4Activity11Trial1
1.434225,1.050649323037901,1.5025873698907937,0.9999957034861839,0.0,0.0,0.6686360677083333,0.0,0,Subject4Activity11Trial1
1.4339,1.0500557128076584,1.0807209672317413,0.9999970141724023,0.0,0.0,0.6723580729166666,0.0,0,Subject4Activity11Trial1
1.4351749999999999,1.0505926898660585,1.0430445157454358,0.9999981583434587,0.0,0.0,0.6773938802083335,0.0,0,Subject4Activity11Trial1
1.4311749999999999,1.0512777939250881,0.7438057260474338,0.9999986529123283,0.0,0.0,0.6697643229166667,0.0,0,Subject4Activity11Trial1
1.438475,1.0512777939250881,1.4709360114093855,0.9999961840762951,0.0,0.0,0.6915325520833333,0.0,0,Subject4Activity11Trial1
1.4392,1.0496894778933434,1.351065305882038,0.999998476649365,0.0,0.0,0.7177220052083333,0.0,0,Subject4Activity11Trial1
1.434,1.0496894778933434,0.9590973426761451,0.9999993157696448,0.0,0.0,0.6604401041666665,0.0,0,Subject4Activity11Trial1
1.438025,1.0489218274018326,1.1606138784195927,0.9999985726032694,0.0,0.0,0.704623046875,0.0,0,Subject4Activity11Trial1
1.4362749999999997,1.0498328438375322,1.0886310911967243,0.9999975343725234,0.6458333333333334,0.4354166666666667,0.7083567708333333,0.0,0,Subject4Activity11Trial1
1.436525,1.0506026841770393,1.2679478381245808,0.9999962562372383,1.1041666666666667,0.4354166666666667,0.7738203125,0.0,0,Subject4Activity11Trial1
1.44345,1.0506026841770393,1.1323045790559476,0.9999985700165435,1.5,0.43125,0.8516972656250001,0.0,0,Subject4Activity11Trial1
1.4385999999999999,1.0496894778933434,1.1736457684032473,0.9999997486385689,1.1428571428571428,0.4947916666666667,1.1121022135416667,0.0,0,Subject4Activity11Trial1
1.436675,1.0495780104403862,1.1059351445415473,0.9999992044847776,0.7466666666666667,0.5239583333333333,1.0942135416666667,0.0,0,Subject4Activity11Trial1
1.443375,1.0494517616355694,1.071330034046504,0.999998523855203,1.56,0.38229166666666664,0.7151315104166667,0.0,0,Subject4Activity11Trial1
1.4484,1.0516729529658924,0.6346301654007576,0.9999965254576136,0.0,0.0,0.8507447916666667,0.0,0,Subject4Activity11Trial2
1.4501,1.051970531906669,1.1721292648317174,0.9999969170175227,0.0,0.0,0.7939479166666666,0.0,0,Subject4Activity11Trial2
1.443975,1.051970531906669,1.67536144784669,0.9999986147231773,0.0,0.0,0.7065520833333334,0.0,0,Subject4Activity11Trial2
1.43825,1.0489218274018326,0.7391417424859519,0.9999994988085689,0.0,0.0,0.7611334635416667,0.0,0,Subject4Activity11Trial2
1.4405249999999998,1.0494517616355694,0.6252122386619945,0.999998663500041,0.0,0.0,0.6844537760416667,0.0,0,Subject4Activity11Trial2
1.4370749999999999,1.0494612903771152,0.8420401991767221,0.999997672203213,0.0,0.0,0.6604700520833333,0.0,0,Subject4Activity11Trial2
1.43525,1.0496370801377015,0.7940845030691577,0.9999986999494391,0.0,0.0,0.6891666666666667,0.0,0,Subject4Activity11Trial2
1.4411,1.0496370801377015,1.053655096568594,0.9999965198474398,0.0,0.0,0.6862018229166666,0.0,0,Subject4Activity11Trial2
1.4393749999999998,1.0496894778933434,1.0052494871587427,0.9999993344367333,0.0,0.0,0.669115234375,0.0,0,Subject4Activity11Trial2
1.435875,1.051005708833211,0.6443446635887291,0.9999966924352516,0.0,0.0,0.7236764322916666,0.0,0,Subject4Activity11Trial2
1.442125,1.051005708833211,1.0021094552764254,0.9999939638636975,0.0,0.0,0.6981432291666667,0.0,0,Subject4Activity11Trial2
1.44175,1.0504418118106305,0.9660228564658873,0.9999987218412477,0.0,0.0,0.6486549479166667,0.0,0,Subject4Activity11Trial2
1.4358999999999997,1.0501114226595194,0.6269300813155816,0.9999961063359099,0.0,0.0,0.67869140625,0.0,0,Subject4Activity11Trial2
1.436825,1.0501114226595194,0.5599317712253615,0.999998843330146,0.0,0.0,0.702140625,0.0,0,Subject4Activity11Trial2
1.43595,1.0494612903771152,0.5610100754644947,0.9999976583940728,0.0,0.0,0.7310240885416668,0.0,0,Subject4Activity11Trial2
1.43445,1.0495870616580598,0.5358259500976956,0.9999977836454568,0.0,0.0,0.7187688802083334,0.0,0,Subject4Activity11Trial2
1.438275,1.0495884907905575,0.6033633802792977,0.9999983496692335,0.0,0.0,0.6760201822916667,0.0,0,Subject4Activity11Trial2
1.4373,1.0495884907905575,0.6666360362261692,0.9999994188018432,2.107142857142857,0.38333333333333336,0.7091041666666668,0.0,0,Subject4Activity11Trial2
1.4347749999999997,1.0495780104403862,0.5293112711534498,0.9999981200847319,1.5833333333333333,0.37916666666666665,0.6948444010416667,0.0,0,Subject4Activity11Trial2
1.4381499999999998,1.0495780104403862,0.692747679700652,0.9999995479652384,0.0,0.0,0.7038619791666666,0.0,0,Subject4Activity11Trial2
1.437325,1.0484455159902206,0.7694191692744816,0.9999994074998821,0.0,0.0,0.6466184895833333,0.0,0,Subject4Activity11Trial2
1.434575,1.0495232250884208,0.5424500329075705,0.9999989912244069,0.0,0.0,0.6698522135416666,0.0,0,Subject4Activity11Trial2
1.4387999999999999,1.0495232250884208,0.7736622236806134,0.9999976564244911,0.0,0.0,0.6576191406249999,0.0,0,Subject4Activity11Trial2
1.4378499999999999,1.049345033818715,0.8047759226465416,0.9999981367901106,0.0,0.0,0.6575104166666667,0.0,0,Subject4Activity11Trial2
1.434,1.0490953245534935,0.45828730826071506,0.9999970601458724,1.875,0.38333333333333336,0.7157486979166666,0.0,0,Subject4Activity11Trial2
1.4370999999999998,1.0489737842291387,0.6665332890729765,0.9999976981816447,1.875,0.3854166666666667,0.7177727864583334,0.0,0,Subject4Activity11Trial2
1.4361249999999999,1.0501138033565693,0.7294418505816758,0.9999989257677093,0.0,0.0,0.671853515625,0.0,0,Subject4Activity11Trial2
1.434175,1.0501138033565693,0.5500923249393104,0.9999992084305447,0.0,0.0,0.6347513020833333,0.0,0,Subject4Activity11Trial2
1.4376,1.049520843051723,0.7309010759267096,0.9999991454717959,0.0,0.0,0.65197265625,0.0,0,Subject4Activity11Trial2
1.43685,1.0502428290638313,0.7674454371906307,0.9999974176288002,0.0,0.0,0.6466998697916667,0.0,0,Subject4Activity11Trial2
1.43335,1.0502428290638313,0.37208548147619425,0.99999692443273,0.0,0.0,0.6761074218750001,0.0,0,Subject4Activity11Trial2
1.436025,1.0501223738212608,0.6243482120891102,0.9999976010718749,1.6428571428571428,0.3854166666666667,0.7141510416666667,0.0,0,Subject4Activity11Trial2
1.437625,1.0512421224437307,0.702959584771822,0.9999979876867005,1.5,0.3875,0.6812330729166667,0.0,0,Subject4Activity11Trial2
1.4338000000000002,1.0512421224437307,0.6962361639578241,0.999998156445595,1.896551724137931,0.38229166666666664,0.6669335937499999,0.0,0,Subject4Activity11Trial2
1.4350999999999998,1.0494012578608813,0.686752407507413,0.9999983726987896,0.0,0.0,0.6438111979166666,0.0,0,Subject4Activity11Trial2
1.4372500000000001,1.049394587369308,0.5614599440182886,0.9999986193396595,0.0,0.0,0.6433196614583333,0.0,0,Subject4Activity11Trial2
1.4334,1.0491091458947444,0.6484143256416495,0.9999988573811647,0.0,0.0,0.6641432291666668,0.0,0,Subject4Activity11Trial2
1.4325999999999997,1.0496556578230787,0.5716356921840173,0.9999993407989132,0.0,0.0,0.6578398437499999,0.0,0,Subject4Activity11Trial2
1.4358499999999998,1.0499933333121692,0.6922482469560158,0.9999983388645235,1.5,0.38125,0.6722337239583333,0.0,0,Subject4Activity11Trial2
1.434125,1.0499933333121692,0.6764653442776662,0.9999988584057661,0.0,0.0,0.6615989583333334,0.0,0,Subject4Activity11Trial2
1.4332,1.050188554498667,0.6516578799750974,0.9999982481083205,0.0,0.0,0.6452415364583334,0.0,0,Subject4Activity11Trial2
1.4357499999999999,1.050188554498667,0.6356988987860532,0.9999990123456477,0.0,0.0,0.6376217447916666,0.0,0,Subject4Activity11Trial2
1.432775,1.0491925466757759,0.7009159038482942,0.9999983435304493,0.0,0.0,0.6338027343750001,0.0,0,Subject4Activity11Trial2
1.4323249999999998,1.0491925466757759,0.586465873107219,0.999998592958599,0.0,0.0,0.6475371093750001,0.0,0,Subject4Activity11Trial2
1.4347499999999997,1.0488574736350025,0.49836052617161997,0.9999990396466997,0.0,0.0,0.6495703125000001,0.0,0,Subject4Activity11Trial2
1.4310499999999997,1.0482766810341628,0.6768626367303376,0.9999992782125889,0.0,0.0,0.6327552083333334,0.0,0,Subject4Activity11Trial2
1.43035,1.0480443692897738,0.5821783425109288,0.9999994564559088,0.0,0.0,0.6583268229166667,0.0,0,Subject4Activity11Trial2
1.4327999999999999,1.048331054581519,0.5403873345466081,0.9999986698679368,0.0,0.0,0.654025390625,0.0,0,Subject4Activity11Trial2
1.430575,1.0503804072810954,0.56122669447414,0.9999970781423121,0.0,0.0,0.639296875,0.0,0,Subject4Activity11Trial2
1.43145,1.0503804072810954,0.6389212886447311,0.9999985230576205,0.0,0.0,0.6346145833333333,0.0,0,Subject4Activity11Trial2
1.4343,1.0489790274357251,0.5911836886286146,0.9999986827048939,1.44,0.384375,0.6865214843749999,0.0,0,Subject4Activity11Trial2
1.4313249999999997,1.0489790274357251,0.6301117483242216,0.9999987133443101,1.6296296296296295,0.38645833333333335,0.6687643229166667,0.0,0,Subject4Activity11Trial2
1.4349,1.049408404769087,0.8211740909908478,0.999998240594653,0.0,0.0,0.7011243489583333,0.0,0,Subject4Activity11Trial3
1.4285999999999999,1.0500299995714406,0.7039193003573985,0.999994993883617,0.0,0.0,0.7036569010416667,0.0,0,Subject4Activity11Trial3
1.4295749999999998,1.0500299995714406,0.6597239722364954,0.9999976251102962,0.0,0.0,0.68159765625,0.0,0,Subject4Activity11Trial3
1.432925,1.0498118879113534,0.4905290979060659,0.9999977538167526,0.0,0.0,0.6464270833333333,0.0,0,Subject4Activity11Trial3
1.42865,1.0509091302296312,0.7527084322988422,0.9999956717982648,0.0,0.0,0.6958795572916667,0.0,0,Subject4Activity11Trial3
1.428725,1.0509091302296312,0.8488250141848575,0.999997692701211,0.0,0.0,0.6938684895833334,0.0,0,Subject4Activity11Trial3
1.43185,1.0504213440329553,0.6700421146333788,0.9999993921850356,0.0,0.0,0.6673164062500001,0.0,0,Subject4Activity11Trial3
1.4282,1.0483286698359442,0.69622934471397,0.9999993303487827,0.0,0.0,0.6522076822916667,0.0,0,Subject4Activity11Trial3
1.4275749999999998,1.0505964972338333,0.6609365583027831,0.9999992458875819,0.0,0.0,0.6567968750000001,0.0,0,Subject4Activity11Trial3
1.4324999999999999,1.0505964972338333,0.7316723271110561,0.9999989561347847,0.0,0.0,0.6345358072916667,0.0,0,Subject4Activity11Trial3
1.430875,1.048456484552411,0.7892058714949748,0.9999991711174914,0.0,0.0,0.658349609375,0.0,0,Subject4Activity11Trial3
1.42715,1.0483095916760465,0.644953173468469,0.999999157080738,0.0,0.0,0.6359309895833334,0.0,0,Subject4Activity11Trial3
1.431025,1.0489237341198834,0.8302232295666165,0.9999996323513117,0.0,0.0,0.6365592447916667,0.0,0,Subject4Activity11Trial3
1.4306,1.0489237341198834,0.7745940145503916,0.999998966924229,0.0,0.0,0.6397643229166667,0.0,0,Subject4Activity11Trial3
1.4261,1.04999523808444,0.4661203228904576,0.999996230086842,1.6666666666666667,0.38958333333333334,0.6921080729166668,0.0,0,Subject4Activity11Trial3
1.42935,1.04999523808444,0.7831624617813056,0.9999990649699303,1.3548387096774193,0.3885416666666667,0.6600865885416667,0.0,0,Subject4Activity11Trial3
1.430575,1.048001908395209,0.6772147070601058,0.9999995574738041,1.4,0.38958333333333334,0.6797018229166667,0.0,0,Subject4Activity11Trial3
1.42525,1.0502999571550975,0.6575602027316627,0.999994952439106,0.0,0.0,0.710591796875,0.0,0,Subject4Activity11Trial3
1.425525,1.0502999571550975,0.6762044803122578,0.9999990988999659,0.0,0.0,0.6993209635416667,0.0,0,Subject4Activity11Trial3
1.4293,1.0489489978068522,0.7283565326600723,0.9999991219959481,1.0857142857142856,0.43020833333333336,0.696185546875,0.0,0,Subject4Activity11Trial3
1.4263,1.0489489978068522,0.816353616804701,0.9999992342369852,0.0,0.0,0.6695820312499999,0.0,0,Subject4Activity11Trial3
1.4236999999999997,1.049185398297174,0.49061824300114054,0.9999984042224542,0.0,0.0,0.6485533854166666,0.0,0,Subject4Activity11Trial3
1.428775,1.049185398297174,0.7185351218284062,0.9999995281791275,0.0,0.0,0.7046276041666667,0.0,0,Subject4Activity11Trial3
1.4292749999999999,1.049495593130338,0.7277251147259705,0.9999992835028093,1.56,0.384375,0.7201529947916667,0.0,0,Subject4Activity11Trial3
1.423625,1.0501252306272808,0.5586883906996185,0.9999972064579229,1.2142857142857142,0.3854166666666667,0.7040169270833333,0.0,0,Subject4Activity11Trial3
1.424475,1.0501252306272808,0.7030648575781804,0.9999977530147489,1.5185185185185186,0.384375,0.7545826822916667,0.0,0,Subject4Activity11Trial3
1.4275499999999999,1.050095709923624,0.552773907093929,0.9999992653449653,1.6153846153846154,0.38333333333333336,0.7149042968750001,0.0,0,Subject4Activity11Trial3
1.4237749999999998,1.0489489978068522,0.7887423849836743,0.999999765802684,0.0,0.0,0.6454140625,0.0,0,Subject4Activity11Trial3
1.4224999999999999,1.048735428981018,0.8460935113342778,0.9999994851269545,0.0,0.0,0.6350397135416667,0.0,0,Subject4Activity11Trial3
1.4275749999999998,1.048735428981018,0.8621485946861824,0.999998991556311,0.0,0.0,0.64013671875,0.0,0,Subject4Activity11Trial3
1.4254,1.0485389835385235,0.839680033221029,0.9999988791846407,1.7777777777777777,0.384375,0.718984375,0.0,0,Subject4Activity11Trial3
1.4213749999999998,1.0485118025086793,0.5043807350822966,0.9999991506125969,1.6896551724137931,0.38645833333333335,0.7009231770833334,0.0,0,Subject4Activity11Trial3
1.4238499999999998,1.0488107550935966,0.710316251094202,0.9999985837927966,1.5769230769230769,0.38333333333333336,0.699755859375,0.0,0,Subject4Activity11Trial3
1.42045,1.0488107550935966,1.0446666828160716,0.999999727061985,0.0,0.0,0.6647252604166667,0.0,0,Subject4Activity11Trial3
1.4153,1.0491944529018442,0.6384040471693488,0.9999984276575586,0.0,0.0,0.67280078125,0.0,0,Subject4Activity11Trial3
1.419425,1.0497413967258793,0.9247658248647106,0.9999981137990722,0.0,0.0,0.6785774739583333,0.0,0,Subject4Activity11Trial3
1.420525,1.0497413967258793,0.744418709679632,0.999999067813803,1.7083333333333333,0.38333333333333336,0.650646484375,0.0,0,Subject4Activity11Trial3
1.41355,1.0485585343699224,0.7925214996070551,0.9999996079979989,0.0,0.0,0.641080078125,0.0,0,Subject4Activity11Trial3
1.412525,1.047910301504857,0.6847162316391717,0.9999997625407551,0.0,0.0,0.6354694010416667,0.0,0,Subject4Activity11Trial3
1.41715,1.048277634980352,0.6773483829749498,0.9999985166731904,0.0,0.0,0.6372740885416667,0.0,0,Subject4Activity11Trial3
1.414875,1.048277634980352,0.8813791651107188,0.9999997370304058,0.0,0.0,0.661103515625,0.0,0,Subject4Activity11Trial3
1.4085999999999999,1.0486114628402647,0.5886902065755049,0.9999985370359532,0.0,0.0,0.6611861979166667,0.0,0,Subject4Activity11Trial3
1.41075,1.0486114628402647,0.7430598462626339,0.9999989625663552,0.0,0.0,0.6642864583333333,0.0,0,Subject4Activity11Trial3
1.4137499999999998,1.0484517156264277,0.5624090478808892,0.9999987671450004,0.0,0.0,0.6631497395833333,0.0,0,Subject4Activity11Trial3
1.408925,1.0484517156264277,0.7580053660948973,0.9999994863538302,0.0,0.0,0.6279928385416667,0.0,0,Subject4Activity11Trial3
1.4082249999999998,1.0484526694133598,0.8079903557370702,0.9999991197904675,0.0,0.0,0.6577382812500001,0.0,0,Subject4Activity11Trial3
1.4135749999999998,1.0484526694133598,0.8695044965497889,0.9999996074955075,0.0,0.0,0.6594550781249999,0.0,0,Subject4Activity11Trial3
1.411775,1.0490224020486885,0.8547325866611999,0.9999992183834455,0.0,0.0,0.6341380208333333,0.0,0,Subject4Activity11Trial3
1.408975,1.0490224020486885,0.5888578596724052,0.9999987700701177,0.0,0.0,0.6434459635416666,0.0,0,Subject4Activity11Trial3
1.4127,1.0494122164335615,0.7188537938373329,0.9999970908564128,0.0,0.0,0.6222467447916668,0.0,0,Subject4Activity11Trial3
1.410825,1.0494122164335615,0.8341137050825669,0.9999994485257605,0.0,0.0,0.6168424479166668,0.0,0,Subject4Activity11Trial3
1.4058500000000003,1.0488055110457801,0.4933306309150769,0.9999988442140477,0.0,0.0,0.6321302083333333,0.0,0,Subject4Activity11Trial3
1.426225,0.9741935126041437,34.59146417125058,0.9765575380751479,1.0763888888888888,0.7,5.543733723958334,0.11041666666666672,1,Subject4Activity1Trial1
1.727525,4.49634129042714,132.65997152921818,0.5022431783502375,0.8954703832752613,0.7010416666666667,7.011028645833335,0.23958333333333337,1,Subject4Activity1Trial1
1.6806,4.49634129042714,134.59548724527082,0.9947043315308609,2.7088607594936707,0.8354166666666667,3.7596640625000006,0.07604166666666667,0,Subject4Activity1Trial1
1.2912000000000001,1.3905516890788345,17.48454306842754,0.9997799914349881,0.0,0.0,0.9855377604166666,0.0,0,Subject4Activity1Trial1
1.2748,1.0396138706269746,1.3580136705031407,0.9999907432522579,0.0,0.0,0.8777838541666666,0.0,0,Subject4Activity1Trial1
1.2724499999999999,0.9981773389533545,0.3436426840038962,0.999998894856798,0.0,0.0,0.9351588541666669,0.0,0,Subject4Activity1Trial1
1.2712499999999998,0.9947291088532596,0.20058422451910474,0.9999992350494945,0.0,0.0,0.8988990885416668,0.0,0,Subject4Activity1Trial1
1.2709,0.9947291088532596,0.2855353849219284,0.9999988226607642,0.0,0.0,0.8945533854166665,0.0,0,Subject4Activity1Trial1
1.375,0.9607944629315888,114.19238441189135,0.9665486756960773,0.8704318936877077,0.6864583333333333,7.496292317708333,0.1864583333333334,0,Subject4Activity1Trial2
1.6151499999999999,3.801673052749276,164.33313477712198,0.8784497492107965,1.4329896907216495,0.696875,9.111466145833333,0.24687499999999996,0,Subject4Activity1Trial2
1.594975,3.801673052749276,65.61506722760544,0.9982506104245853,2.7746478873239435,0.9260416666666667,2.6015299479166663,0.0,0,Subject4Activity1Trial2
1.2263,1.093596817844675,10.309074453953372,0.9998949903046261,0.0,0.0,0.8555592447916667,0.0,0,Subject4Activity1Trial2
1.22045,1.0118804277186113,1.2435973492558503,0.9999979845293256,1.68,0.384375,0.8501679687499999,0.0,0,Subject4Activity1Trial2
1.2228749999999997,0.9953079925329646,0.9999291217358177,0.9999987150588128,0.0,0.0,0.7541516927083334,0.0,0,Subject4Activity1Trial2
1.221125,0.992979858808828,1.1303815037038305,0.9999986833427382,0.0,0.0,0.7529550781250001,0.0,0,Subject4Activity1Trial2
1.212875,0.9899606052767959,0.8404954304329522,0.9999981612254167,0.0,0.0,0.7493645833333333,0.0,0,Subject4Activity1Trial2
1.3802249999999998,2.8652685737989727,103.52294212345187,0.7148246485113767,1.2317073170731707,0.6583333333333333,7.297529296875,0.3604166666666666,1,Subject4Activity1Trial3
1.629975,4.22749204611907,144.99837228864513,0.9036649301037261,1.2225609756097562,0.6583333333333333,7.4315755208333325,0.09375,1,Subject4Activity1Trial3
1.5713249999999999,4.22749204611907,56.45394770188348,0.9987553445421006,1.5578947368421052,0.4114583333333333,2.6341914062500003,0.0,0,Subject4Activity1Trial3
1.224775,1.0776177429868163,9.066019913951493,0.9999691146597641,2.0631578947368423,0.4114583333333333,4.021009765625,0.002083333333333326,0,Subject4Activity1Trial3
1.22085,1.0143165186469163,1.5055310038426057,0.9999972107539908,0.9490445859872612,0.503125,4.0914661458333335,0.15416666666666662,0,Subject4Activity1Trial3
1.216575,0.9946838693776028,1.2140608131868191,0.9999993630009941,1.284153005464481,0.5197916666666667,3.901962239583333,0.14270833333333327,0,Subject4Activity1Trial3
1.21725,0.9905044169512824,1.0546876681729884,0.9999983960045882,2.3956834532374103,0.4739583333333333,3.1099231770833335,0.09062500000000001,0,Subject4Activity1Trial3
1.22155,0.9905044169512824,0.8126480717087929,0.9999984381163333,2.704081632653061,0.42291666666666666,2.733239583333334,0.0,0,Subject4Activity1Trial3
1.3559750000000002,3.2239233861864647,52.90754678678897,0.5718364405361037,1.1367781155015197,0.6572916666666667,6.4488307291666676,0.08229166666666665,1,Subject4Activity2Trial1
1.46545,3.2239233861864647,85.72217662119198,0.9639013095560975,1.3048780487804879,0.6583333333333333,7.448723307291667,0.018749999999999933,1,Subject4Activity2Trial1
1.503525,2.551980211522025,82.09136075363601,0.9999110968294268,2.5319148936170213,0.4125,3.404172526041667,0.006250000000000033,0,Subject4Activity2Trial1
1.376375,1.0698887792663307,3.073796580541355,0.9999965929722545,1.9891304347826086,0.41041666666666665,1.9977916666666666,0.044791666666666674,0,Subject4Activity2Trial1
1.37455,1.0495641952734478,0.3731809326958455,0.9999989686860546,1.6235294117647059,0.4010416666666667,1.4515208333333334,0.0,0,Subject4Activity2Trial1
1.3769999999999998,1.0453908360034536,0.2815809850530542,0.999999512119321,0.6538461538461539,0.40208333333333335,1.004546875,0.0,0,Subject4Activity2Trial1
1.374375,1.0452530794023043,0.23500958472118327,0.9999992255572054,1.1,0.4125,0.9589700520833334,0.0,0,Subject4Activity2Trial1
1.3734749999999998,1.0452530794023043,0.3016376597248893,0.9999987889365115,1.2592592592592593,0.42916666666666664,0.9193977864583334,0.0,0,Subject4Activity2Trial1
1.3926500000000002,1.8105786367899077,29.257939078755584,0.8260339318440125,1.2961672473867596,0.7010416666666667,5.212011067708334,0.12083333333333335,1,Subject4Activity2Trial2
1.573725,2.8890387674795917,148.4952463221362,0.8895615499377609,1.512280701754386,0.703125,6.322945312500001,0.09687500000000004,1,Subject4Activity2Trial2
1.7625500000000003,2.8890387674795917,148.4952463221362,0.9995132793744207,4.319148936170213,0.9020833333333333,2.6933235677083336,0.0,0,Subject4Activity2Trial2
1.675075,1.12042179557522,2.3696993484743487,0.9999877394170626,0.0,0.0,0.83190234375,0.0,0,Subject4Activity2Trial2
1.6823000000000001,1.0665748918852347,0.37813635848395677,0.9999982784495679,0.0,0.0,0.7391920572916668,0.0,0,Subject4Activity2Trial2
1.6854,1.0547686950227524,0.35256213439634365,0.9999989397045317,0.0,0.0,1.9005846354166664,0.0,0,Subject4Activity2Trial2
1.683275,1.0546719869229484,0.39156575160203744,0.9999993018936384,0.0,0.0,4.129886718750001,0.0,0,Subject4Activity2Trial2
1.6811250000000002,1.0538031125404783,0.21587770193779932,0.9999993483451918,0.0,0.0,1.9980364583333334,0.0,0,Subject4Activity2Trial2
1.47195,2.1816023927379615,54.44591067670828,0.7022425410611807,1.519163763066202,0.7010416666666667,6.79893359375,0.109375,1,Subject4Activity2Trial3
1.5094750000000001,2.468035048373503,90.60026788717182,0.9449696148466701,1.4678571428571427,0.7083333333333334,7.946632161458332,0.04270833333333335,1,Subject4Activity2Trial3
1.542025,2.468035048373503,90.60026788717182,0.9994350969546338,3.8867924528301887,0.9447916666666667,2.095958333333334,0.0,0,Subject4Activity2Trial3
1.4913750000000001,1.0709140955277412,2.5870822970490366,0.9999897296538117,0.0,0.0,0.6700481770833334,0.0,0,Subject4Activity2Trial3
1.4883499999999998,1.0331669758562747,0.5750595604290965,0.9999982542871022,0.0,0.0,0.59119140625,0.0,0,Subject4Activity2Trial3
1.4956749999999999,1.0284833494033823,0.3848854704563962,0.9999975131433155,0.0,0.0,0.6173444010416667,0.0,0,Subject4Activity2Trial3
1.4954249999999998,1.0274166632871007,0.6567969232248032,0.9999985133233795,0.0,0.0,0.60083984375,0.0,0,Subject4Activity2Trial3
1.490325,1.0263006382147484,0.7797756917880463,0.9999988219015342,0.0,0.0,0.6013815104166668,0.0,0,Subject4Activity2Trial3
1.3378,0.9596400366804212,77.49531716089655,0.964663241268936,0.58125,0.6666666666666666,4.634759114583334,0.14687499999999998,0,Subject4Activity3Trial1
1.6155749999999998,4.117298143200222,108.64715958677553,0.9682722864377162,1.5224913494809689,0.6989583333333333,8.857998697916667,0.26249999999999996,1,Subject4Activity3Trial1
1.7847749999999998,4.117298143200222,114.52214607070061,0.9977645054118278,2.8076923076923075,0.8375,4.639244140625,0.012500000000000011,0,Subject4Activity3Trial1
1.5784500000000001,1.1514069654123167,15.63182451200888,0.9999371158788827,0.5039370078740157,0.4739583333333333,2.322583984375,0.060416666666666674,0,Subject4Activity3Trial1
1.5819500000000002,1.0509333946544852,3.080346823380413,0.999992922519465,1.3781512605042017,0.484375,2.118426432291667,0.07812500000000006,0,Subject4Activity3Trial1
1.568125,1.0490276450122753,2.0362117756785736,0.9999981742731907,0.40939597315436244,0.5114583333333333,1.7312845052083332,0.007291666666666641,0,Subject4Activity3Trial1
1.5632249999999999,1.0391544639753996,0.4852147367856361,0.9999959837295177,0.2857142857142857,0.5395833333333333,0.8430143229166667,0.0,0,Subject4Activity3Trial1
1.562875,1.038426213074381,0.5945117452051853,0.9999983329968587,0.0,0.0,0.6927786458333334,0.0,0,Subject4Activity3Trial1
1.6048749999999998,4.502187690445613,57.402770543184054,0.3126017882307381,0.8641114982578397,0.7010416666666667,5.735899088541666,0.275,1,Subject4Activity3Trial2
1.81195,4.502187690445613,157.90646373812496,0.7877548417343043,1.5214285714285714,0.7083333333333334,5.098964192708333,0.1791666666666667,1,Subject4Activity3Trial2
1.6835,2.479775393054782,157.90646373812496,0.9956281029890796,2.0365853658536586,0.9145833333333333,1.9798092447916666,0.07500000000000007,0,Subject4Activity3Trial2
1.5421749999999999,1.143462286216734,12.28202508706276,0.9998708233038258,1.6938775510204083,0.9489583333333333,1.1124498697916667,0.0,0,Subject4Activity3Trial2
1.520925,1.1152936832960185,10.368106513377509,0.9999683269671841,1.6808510638297873,0.9510416666666667,0.881318359375,0.0,0,Subject4Activity3Trial2
1.497775,1.0479856869251603,6.678458512618175,0.9999239590120016,1.8780487804878048,0.9572916666666667,0.869244140625,0.0,0,Subject4Activity3Trial2
1.5242499999999999,1.042629848028532,11.792115504776945,0.9998888200835874,1.6666666666666667,0.940625,0.999404296875,0.0,0,Subject4Activity3Trial2
1.5454750000000002,1.041048509916805,6.166855814530145,0.999989258054258,0.0,0.0,0.7303574218750001,0.0,0,Subject4Activity3Trial2
1.56485,3.632568375130742,124.72000052229647,0.4428003971744873,1.1493055555555556,0.7,6.075842447916667,0.13541666666666674,0,Subject4Activity3Trial3
1.6033749999999998,3.632568375130742,124.72000052229647,0.8543089119270434,0.9081419624217119,0.5010416666666667,9.636388020833333,0.17708333333333337,1,Subject4Activity3Trial3
1.494425,1.7397416474867755,43.838156053250216,0.9986364329957843,0.7891440501043842,0.5010416666666667,8.613122395833333,0.19791666666666669,0,Subject4Activity3Trial3
1.420425,1.1981861291135032,6.576370100860537,0.9999947292366025,0.4603174603174603,0.415625,5.178197916666667,0.0,0,Subject4Activity3Trial3
1.4155000000000002,1.0431442853220259,1.2611040433537326,0.9999995473003387,0.42857142857142855,0.40625,3.9609947916666663,0.0,0,Subject4Activity3Trial3
1.41055,1.0369715521652463,2.048353691233654,0.9999948684961064,0.9777777777777777,0.534375,3.71357421875,0.0,0,Subject4Activity3Trial3
1.4035499999999999,1.0369715521652463,1.778011357901299,0.9999963682822215,0.37866666666666665,0.3927083333333333,5.161864583333333,0.25625,0,Subject4Activity3Trial3
1.4012,1.0364714178403571,1.2605835175645268,0.9999964815029725,0.3736842105263158,0.39791666666666664,7.693276041666667,0.0,0,Subject4Activity3Trial3
1.4856250000000002,4.0296967627850115,75.38698808076445,0.4991551501726732,0.8929765886287625,0.6885416666666667,6.235722005208333,0.19791666666666663,0,Subject4Activity4Trial1
1.514375,4.0296967627850115,75.38698808076445,0.9731763716855572,1.4204946996466432,0.7052083333333333,6.602286458333333,0.125,1,Subject4Activity4Trial1
1.456675,1.3515513308787055,44.13324358994305,0.9979782268062416,2.5510204081632653,0.846875,2.4592851562500004,0.08333333333333337,0,Subject4Activity4Trial1
1.4259499999999998,1.0945583584258995,6.657656737345349,0.9999617565920714,1.2258064516129032,0.434375,0.7968430989583333,0.0,0,Subject4Activity4Trial1
1.41865,1.016228812817271,2.397976577785215,0.9999955684195863,1.56,0.421875,0.8200377604166667,0.0,0,Subject4Activity4Trial1
1.416325,1.0039367509957986,1.4186764595849297,0.9999968896290257,0.7107438016528925,0.48020833333333335,1.5150703125,0.002083333333333326,0,Subject4Activity4Trial1
1.41715,1.0036578102122256,0.7747450768694648,0.9999968259297835,0.8809523809523809,0.49583333333333335,2.0098125,0.001041666666666663,0,Subject4Activity4Trial1
1.415775,1.0028389701243166,1.9202160495835585,0.9999970007385827,1.6588235294117648,0.421875,2.1261803385416664,0.001041666666666663,0,Subject4Activity4Trial1
1.5454249999999998,3.9801675844114905,74.47966125572042,0.4121748436431493,1.4013840830449826,0.6989583333333333,6.608001302083333,0.17812499999999998,0,Subject4Activity4Trial2
1.6566000000000003,3.9801675844114905,67.09548055339118,0.9941152014343596,1.6405693950177935,0.7072916666666667,6.383272135416666,0.16562500000000002,1,Subject4Activity4Trial2
1.5595000000000003,1.3131401296129823,35.00015763519279,0.9987722191093654,2.227272727272727,0.8395833333333333,2.3381829427083334,0.021874999999999978,0,Subject4Activity4Trial2
1.564875,1.055465773959535,6.193092953772975,0.9999583266023441,0.0,0.0,0.731697265625,0.0,0,Subject4Activity4Trial2
1.5688749999999998,1.0142903923433368,1.5279136108017894,0.9999964156799533,0.0,0.0,0.587857421875,0.0,0,Subject4Activity4Trial2
1.56875,0.9941725202398224,1.4097096876606088,0.9999986080416705,0.0,0.0,0.5927819010416666,0.0,0,Subject4Activity4Trial2
1.568475,0.9920146168277966,1.3867989633940567,0.999996790294966,0.0,0.0,0.5773489583333334,0.0,0,Subject4Activity4Trial2
1.567825,0.9920146168277966,1.895704253396417,0.9999991756197341,0.0,0.0,0.5952929687500002,0.0,0,Subject4Activity4Trial2
1.548175,4.165032292791978,75.80393686715134,0.3769324891158421,0.9482758620689655,0.6979166666666666,5.50467578125,0.11875000000000002,0,Subject4Activity4Trial3
1.618975,4.165032292791978,75.87360819160851,0.9489300153590006,1.5758620689655172,0.6979166666666666,6.902221354166666,0.14374999999999993,1,Subject4Activity4Trial3
1.4676500000000001,1.5507420804247236,62.68330579845454,0.9990704226989171,2.4791666666666665,0.85,2.7985136718750003,0.13749999999999996,0,Subject4Activity4Trial3
1.4015499999999999,1.0658672525225643,4.880946824918368,0.9999944202239209,0.4689265536723164,0.5302083333333333,1.2615279947916664,0.0,0,Subject4Activity4Trial3
1.39,1.0070302875286323,3.1231604860966797,0.9999997509666391,0.550561797752809,0.5333333333333333,2.092171875,0.004166666666666652,0,Subject4Activity4Trial3
1.391425,0.9968299754722467,1.4088725658849626,0.9999989934479714,0.6280487804878049,0.5145833333333333,2.2323040364583333,0.030208333333333337,0,Subject4Activity4Trial3
1.3920249999999998,0.9974131541141815,1.3798146481983906,0.9999990451972262,1.1264367816091954,0.4197916666666667,1.9149427083333332,0.009374999999999967,0,Subject4Activity4Trial3
1.389425,0.9977645012727201,1.2132021430288944,0.9999994002899838,0.9130434782608695,0.4125,2.080791666666667,0.019791666666666652,0,Subject4Activity4Trial3
1.499175,2.7626642937570245,123.11781940984339,0.6741030201576202,1.095890410958904,0.6958333333333333,5.051408854166667,0.13020833333333337,1,Subject4Activity5Trial1
1.5785749999999998,2.7626642937570245,128.3858754357258,0.841286137485359,1.7290836653386454,0.7385416666666667,6.158692708333333,0.08124999999999993,1,Subject4Activity5Trial1
1.54345,1.9496435571662838,91.90900372711923,0.9926904129325423,1.696078431372549,0.89375,2.5755188802083326,0.0864583333333333,0,Subject4Activity5Trial1
1.51045,1.2031649928417965,11.276583950251162,0.9999749098380262,1.1578947368421053,0.95,0.97546484375,0.0,0,Subject4Activity5Trial1
1.51315,1.0649455385135898,1.0993662649853917,0.9999964853945299,0.0,0.0,0.8214029947916668,0.0,0,Subject4Activity5Trial1
1.507325,1.0387742776946298,0.5121937576061271,0.9999980961124836,0.0,0.0,0.78844921875,0.0,0,Subject4Activity5Trial1
1.5048749999999997,1.0375514445076928,0.46183603714486665,0.9999983334885568,0.0,0.0,0.7797057291666667,0.0,0,Subject4Activity5Trial1
1.5007750000000002,1.0402331469435109,0.5877949316301887,0.9999943791085063,0.0,0.0,0.7759108072916666,0.0,0,Subject4Activity5Trial1
1.4396250000000002,1.0976725376905445,41.46873517576738,0.9826723735256062,0.8413793103448276,0.6979166666666666,5.3207109375,0.16041666666666665,1,Subject4Activity5Trial2
1.6330500000000001,3.2287889370474496,109.18685542911072,0.8433041845771987,1.3892857142857142,0.7083333333333334,6.301119791666666,0.1489583333333333,1,Subject4Activity5Trial2
1.7681499999999999,3.2287889370474496,67.71812025334333,0.9997519226125142,3.617391304347826,0.8802083333333334,3.4670605468749995,0.06666666666666665,0,Subject4Activity5Trial2
1.6683500000000002,1.191520457231012,20.8146938887341,0.9999979307403896,1.1142857142857143,0.43854166666666666,1.04894921875,0.0,0,Subject4Activity5Trial2
1.6496249999999997,1.030792413631377,4.617639743689665,0.9999928998219462,0.0,0.0,0.7870273437499999,0.0,0,Subject4Activity5Trial2
1.6445,1.0286082830698964,1.3415471763974764,0.9999952330083504,0.0,0.0,0.7575872395833333,0.0,0,Subject4Activity5Trial2
1.6524250000000003,1.027258000698948,1.8818058102600688,0.9999996675574835,0.0,0.0,0.7229700520833333,0.0,0,Subject4Activity5Trial2
1.65685,1.0265768358968559,1.5174100994391324,0.999997415092144,0.0,0.0,0.6967356770833334,0.0,0,Subject4Activity5Trial2
1.5118000000000003,3.6244196776863467,90.02799130869623,0.6302413064351995,1.0103092783505154,0.696875,5.054580078124999,0.19999999999999996,1,Subject4Activity5Trial3
1.5785250000000002,3.6244196776863467,98.5857892868754,0.9970676953878468,1.421455938697318,0.728125,6.153799479166667,0.13124999999999998,1,Subject4Activity5Trial3
1.6418499999999998,1.2786664928745102,69.58562908542909,0.998612174118516,3.7,0.8958333333333334,3.0121412760416666,0.0,0,Subject4Activity5Trial3
1.69225,1.1857512386668632,49.99877048264195,0.9999686755117231,0.0,0.0,0.9389186197916668,0.0,0,Subject4Activity5Trial3
1.7028500000000002,1.0263888152157543,3.7045797279913515,0.9999897413726864,0.0,0.0,0.7598684895833334,0.0,0,Subject4Activity5Trial3
1.7023,1.0211253595910739,1.390523431442567,0.9999910144418707,0.0,0.0,0.73684375,0.0,0,Subject4Activity5Trial3
1.7018499999999999,1.0211253595910739,1.2988705726350105,0.9999956576741841,0.0,0.0,0.6908854166666667,0.0,0,Subject4Activity5Trial3
1.706325,1.0186707024352866,2.320231279264455,0.9999953271277147,0.0,0.0,0.6994251302083334,0.0,0,Subject4Activity5Trial3
1.5818,1.0650488251718793,0.48408397505581036,0.9999828589986102,0.0,0.0,0.7744921874999999,0.0,0,Subject5Activity11Trial1
1.5813750000000002,1.067811781167449,0.3088471005696114,0.9999923129549279,0.0,0.0,0.713689453125,0.0,0,Subject5Activity11Trial1
1.5798,1.067811781167449,0.34833468466404227,0.9999832361730018,0.0,0.0,0.74246484375,0.0,0,Subject5Activity11Trial1
1.579125,1.0670730996515656,0.34833468466404227,0.9999975486069103,0.0,0.0,0.7283626302083334,0.0,0,Subject5Activity11Trial1
1.57945,1.0645816079568537,0.6817619126514387,0.9999878795069134,0.0,0.0,0.7139895833333334,0.0,0,Subject5Activity11Trial1
1.57925,1.0645816079568537,0.6473983040752991,0.9999946511137409,0.0,0.0,0.75601953125,0.0,0,Subject5Activity11Trial1
1.578975,1.0637932129883139,0.27167343631920104,0.99999491438235,0.0,0.0,0.7772975260416667,0.0,0,Subject5Activity11Trial1
1.5802749999999999,1.0637932129883139,0.27654810825284315,0.9999971082992816,0.0,0.0,0.7528860677083333,0.0,0,Subject5Activity11Trial1
1.581075,1.0632755992685998,0.3387303311708436,0.9999960301185156,0.0,0.0,0.7023483072916668,0.0,0,Subject5Activity11Trial1
1.580775,1.0665880179338225,0.4438952589771752,0.999991293547304,0.0,0.0,0.7129368489583333,0.0,0,Subject5Activity11Trial1
1.5805,1.0665880179338225,0.7245764718545473,0.9999944475329287,0.0,0.0,0.6911334635416667,0.0,0,Subject5Activity11Trial1
1.57975,1.0734048630409683,0.9486804331201171,0.999964034729888,0.0,0.0,0.72053125,0.0,0,Subject5Activity11Trial1
1.57895,1.0734048630409683,1.0092056358431662,0.9999754817965495,0.0,0.0,0.7529348958333333,0.0,0,Subject5Activity11Trial1
1.5798999999999999,1.0675022248220374,0.40226071135451846,0.9999801764956154,0.0,0.0,0.748390625,0.0,0,Subject5Activity11Trial1
1.5798,1.0696064696887355,0.48001803039481317,0.9999691822109726,0.0,0.0,0.7213326822916667,0.0,0,Subject5Activity11Trial1
1.578725,1.0696064696887355,0.48001803039481317,0.9999921773920646,0.0,0.0,0.7357623697916666,0.0,0,Subject5Activity11Trial1
1.5787,1.0629468472129733,0.30774082960461513,0.9999984457631179,0.0,0.0,0.72539453125,0.0,0,Subject5Activity11Trial1
1.578725,1.0643876173650275,0.22546164599788554,0.9999927731275325,0.0,0.0,0.6767057291666667,0.0,0,Subject5Activity11Trial1
1.579125,1.0643876173650275,0.17472742113872286,0.999996223318563,0.0,0.0,0.7017506510416667,0.0,0,Subject5Activity11Trial1
1.578925,1.0633912732385948,0.2166950746409917,0.9999958056171342,0.0,0.0,0.67676953125,0.0,0,Subject5Activity11Trial1
1.578775,1.0633912732385948,0.22576424120603278,0.9999919005267293,0.0,0.0,0.6946901041666667,0.0,0,Subject5Activity11Trial1
1.5786000000000002,1.0633912732385948,0.24463413456136607,0.9999938987781174,0.0,0.0,0.7125878906249999,0.0,0,Subject5Activity11Trial1
1.578675,1.0641174747178999,0.31355912481922843,0.9999908320547067,0.0,0.0,0.6978125000000001,0.0,0,Subject5Activity11Trial1
1.5796249999999998,1.0641174747178999,0.28775618808478853,0.9999962903792757,0.0,0.0,0.6773040364583334,0.0,0,Subject5Activity11Trial1
1.5797250000000003,1.0658907073429245,0.2277990583498095,0.9999814217966035,0.0,0.0,0.6963743489583334,0.0,0,Subject5Activity11Trial1
1.579425,1.0658907073429245,0.2050602408301181,0.9999959841073748,0.0,0.0,0.6838268229166667,0.0,0,Subject5Activity11Trial1
1.5800750000000001,1.0654318373316989,0.21576606734363324,0.9999920827265932,0.0,0.0,0.6903808593749999,0.0,0,Subject5Activity11Trial1
1.5800249999999998,1.0654318373316989,0.2734083394616036,0.9999921164722883,0.0,0.0,0.6851614583333333,0.0,0,Subject5Activity11Trial1
1.579375,1.064708410786728,0.22603967879927112,0.9999916825747063,0.0,0.0,0.6961165364583333,0.0,0,Subject5Activity11Trial1
1.57925,1.0649971830948664,0.22553949092757364,0.9999947747440365,0.0,0.0,0.6787083333333334,0.0,0,Subject5Activity11Trial1
1.578575,1.0649971830948664,0.32017077801800653,0.9999984062614586,0.0,0.0,0.70519921875,0.0,0,Subject5Activity11Trial1
1.57805,1.0641066675855386,0.31268843978526206,0.999992393396014,0.0,0.0,0.67733203125,0.0,0,Subject5Activity11Trial1
1.578725,1.063671471837052,0.21066232315790145,0.9999951717012011,0.0,0.0,0.7171770833333333,0.0,0,Subject5Activity11Trial1
1.579325,1.0641066675855386,0.27576691642038753,0.9999929203561324,0.0,0.0,0.7035188802083334,0.0,0,Subject5Activity11Trial1
1.5793,1.0641066675855386,0.2837031403598793,0.999996323944103,0.0,0.0,0.69220703125,0.0,0,Subject5Activity11Trial1
1.5789000000000002,1.0637170676453396,0.27687786050921304,0.9999952728788734,0.0,0.0,0.6721171874999999,0.0,0,Subject5Activity11Trial1
1.578975,1.0635501868741315,0.24280311904483298,0.9999969460347113,0.0,0.0,0.6603828125000001,0.0,0,Subject5Activity11Trial1
1.5791,1.0635501868741315,0.24991007312723923,0.9999985897382297,0.0,0.0,0.6948860677083333,0.0,0,Subject5Activity11Trial1
1.578925,1.0628988663085497,0.340999491467052,0.9999963593368664,0.0,0.0,0.679255859375,0.0,0,Subject5Activity11Trial1
1.5784250000000002,1.0627365619004552,0.3317018754306069,0.9999954339750119,0.0,0.0,0.6703860677083333,0.0,0,Subject5Activity11Trial1
1.578375,1.0627365619004552,0.23404813576758698,0.999998980755156,0.0,0.0,0.6702805989583334,0.0,0,Subject5Activity11Trial1
1.5784500000000001,1.06178434721934,0.2659935818971988,0.9999987400467679,0.0,0.0,0.6813346354166667,0.0,0,Subject5Activity11Trial1
1.5786250000000002,1.0641066675855386,0.2659935818971988,0.9999976193609015,0.0,0.0,0.6868990885416666,0.0,0,Subject5Activity11Trial1
1.5789250000000001,1.064708410786728,0.2246938591872336,0.9999935065196877,0.0,0.0,0.6864837239583333,0.0,0,Subject5Activity11Trial1
1.5789750000000002,1.064708410786728,0.2246938591872336,0.9999947890653774,0.0,0.0,0.6828854166666668,0.0,0,Subject5Activity11Trial1
1.578775,1.0635501868741315,0.19969078634850845,0.999997573111915,0.0,0.0,0.683888671875,0.0,0,Subject5Activity11Trial1
1.5793500000000003,1.0635501868741315,0.1889458446646124,0.9999976200251756,0.0,0.0,0.6831588541666667,0.0,0,Subject5Activity11Trial1
1.5794000000000001,1.0645435641625944,0.21372346565294364,0.999994314380032,0.0,0.0,0.685875,0.0,0,Subject5Activity11Trial1
1.579175,1.0645435641625944,0.31410434541658816,0.9999966251143105,0.0,0.0,0.6749075520833333,0.0,0,Subject5Activity11Trial1
1.579825,1.0635572387041516,0.31410434541658816,0.9999963686319134,0.0,0.0,0.6712376302083334,0.0,0,Subject5Activity11Trial1
1.5792000000000002,1.06283300663839,0.2488470035076702,0.9999957350921119,0.0,0.0,0.679302734375,0.0,0,Subject5Activity11Trial1
1.579425,1.063384220307975,0.2488470035076702,0.9999972727234288,0.0,0.0,0.6725195312500001,0.0,0,Subject5Activity11Trial1
1.5798,1.0636625404704259,0.22496874568734881,0.9999951453428042,0.0,0.0,0.667625,0.0,0,Subject5Activity11Trial1
1.5792250000000003,1.0629416729059031,0.22285965593852453,0.9999974205832597,0.0,0.0,0.7371848958333334,0.0,0,Subject5Activity11Trial2
1.5790250000000001,1.0631128820590972,0.19523876464507595,0.9999968801400325,0.0,0.0,0.758185546875,0.0,0,Subject5Activity11Trial2
1.5793000000000001,1.064708410786728,0.2236333913746904,0.9999930090479476,0.0,0.0,0.7862675781250001,0.0,0,Subject5Activity11Trial2
1.5790750000000002,1.064708410786728,0.20033425683264383,0.9999925939702579,0.8571428571428571,0.5010416666666667,1.0182747395833334,0.006250000000000033,0,Subject5Activity11Trial2
1.579,1.0638364535961342,0.20783217653278996,0.9999955385325845,0.9879518072289156,0.47604166666666664,1.0401744791666667,0.0,0,Subject5Activity11Trial2
1.5789750000000002,1.0638364535961342,0.2247227428662093,0.9999989229303589,0.0,0.0,0.7345156249999999,0.0,0,Subject5Activity11Trial2
1.5789750000000002,1.0641066675855386,0.17293800701898832,0.9999947667778564,0.0,0.0,0.6822610677083333,0.0,0,Subject5Activity11Trial2
1.5796500000000002,1.0641066675855386,0.21750738748907494,0.9999974382404592,0.0,0.0,0.6835807291666667,0.0,0,Subject5Activity11Trial2
1.5796000000000001,1.0622264353705382,0.23339957690653534,0.9999996258053118,0.0,0.0,0.6750709635416666,0.0,0,Subject5Activity11Trial2
1.57945,1.06283300663839,0.17841365633979578,0.999997499458054,0.0,0.0,0.6670865885416666,0.0,0,Subject5Activity11Trial2
1.579625,1.0651521018145718,0.17349887360454375,0.9999923918301722,0.0,0.0,0.6577877604166666,0.0,0,Subject5Activity11Trial2
1.5796,1.0651521018145718,0.17349887360454375,0.9999960975976209,0.0,0.0,0.6569479166666667,0.0,0,Subject5Activity11Trial2
1.57945,1.0634984720252305,0.20680828306941024,0.9999968073110251,0.0,0.0,0.6617265625,0.0,0,Subject5Activity11Trial2
1.579175,1.0634984720252305,0.23630714707700662,0.9999978913775475,0.0,0.0,0.6546438802083333,0.0,0,Subject5Activity11Trial2
1.578925,1.0632746587782482,0.2622123329198871,0.9999977024864869,0.0,0.0,0.6719069010416666,0.0,0,Subject5Activity11Trial2
1.5788250000000001,1.0621737146060433,0.28540375535060747,0.9999987782341159,0.0,0.0,0.6761764322916666,0.0,0,Subject5Activity11Trial2
1.579375,1.0635478362537343,0.2028501590810201,0.999997000576105,0.0,0.0,0.6861835937499999,0.0,0,Subject5Activity11Trial2
1.579325,1.0636625404704259,0.1967122182013057,0.9999966857010488,0.0,0.0,0.6810045572916666,0.0,0,Subject5Activity11Trial2
1.5790250000000001,1.0636625404704259,0.2416656276423339,0.9999956162923426,0.0,0.0,0.6834264322916667,0.0,0,Subject5Activity11Trial2
1.5793,1.063062086615829,0.37304172507355915,0.9999978459022644,0.0,0.0,0.7009915364583333,0.0,0,Subject5Activity11Trial2
1.57965,1.0640512205716415,0.3559688854608716,0.999997910969384,0.72,0.42291666666666666,0.8442805989583334,0.0,0,Subject5Activity11Trial2
1.579275,1.0640512205716415,0.2220038955794017,0.999997067703461,0.6354166666666666,0.4875,1.1144804687499998,0.0,0,Subject5Activity11Trial2
1.57865,1.0640512205716415,0.22567815469407293,0.9999978406533888,0.5555555555555556,0.403125,1.658753255208333,0.0,0,Subject5Activity11Trial2
1.579275,1.0626692806325024,0.18152860241797342,0.9999974856858267,1.0795454545454546,0.41875,1.839237630208333,0.009374999999999967,0,Subject5Activity11Trial2
1.5796500000000002,1.063779582432376,0.17837612302865935,0.9999975416604209,0.8876404494382022,0.41770833333333335,1.9915631510416667,0.010416666666666685,0,Subject5Activity11Trial2
1.57965,1.063779582432376,0.24607217846140017,0.9999986087123373,0.6575342465753424,0.49375,1.9374368489583333,0.07916666666666666,0,Subject5Activity11Trial2
1.5795000000000001,1.0633353187024308,0.24876778588067694,0.9999969842638865,1.1893491124260356,0.5114583333333333,2.1805227864583334,0.06874999999999998,0,Subject5Activity11Trial2
1.5787499999999999,1.0633353187024308,0.17167399803352623,0.9999974584164898,1.0512820512820513,0.5125,1.75179296875,0.048958333333333326,0,Subject5Activity11Trial2
1.5791250000000001,1.064265474400067,0.20430273279222888,0.9999940594196515,0.24183006535947713,0.5114583333333333,0.8612591145833333,0.0,0,Subject5Activity11Trial2
1.579175,1.064265474400067,0.26727793362451635,0.9999966590697272,0.0,0.0,0.671103515625,0.0,0,Subject5Activity11Trial2
1.5792,1.064265474400067,0.2956892842853094,0.9999983752401227,0.0,0.0,0.6992942708333333,0.0,0,Subject5Activity11Trial2
1.58,1.0636625404704259,0.27649604962192953,0.999997183652866,0.0,0.0,0.7087076822916666,0.0,0,Subject5Activity11Trial2
1.58005,1.0643796315225127,0.21814030802421414,0.9999938421363249,0.0,0.0,0.7100657552083333,0.0,0,Subject5Activity11Trial2
1.579425,1.0643796315225127,0.23450416079709768,0.9999944114097993,0.0,0.0,0.7011184895833333,0.0,0,Subject5Activity11Trial2
1.5795249999999998,1.0642715818812416,0.2146244891203999,0.9999974318518381,0.0,0.0,0.6816419270833334,0.0,0,Subject5Activity11Trial2
1.5796500000000002,1.0634984720252305,0.22806974498916688,0.9999976438151837,0.0,0.0,0.6798789062500001,0.0,0,Subject5Activity11Trial2
1.5797750000000002,1.0634984720252305,0.2084315931197871,0.9999991321813545,0.0,0.0,0.6733430989583333,0.0,0,Subject5Activity11Trial2
1.579925,1.064708410786728,0.19956602936490597,0.9999953219016289,0.0,0.0,0.6822356770833333,0.0,0,Subject5Activity11Trial2
1.5792499999999998,1.064708410786728,0.20324224990915596,0.9999962554963585,0.0,0.0,0.6545533854166666,0.0,0,Subject5Activity11Trial2
1.5795000000000001,1.064100559157827,0.20324224990915596,0.9999980892431454,0.0,0.0,0.6648287760416667,0.0,0,Subject5Activity11Trial2
1.57945,1.064100559157827,0.19408905071116678,0.9999974094319783,0.0,0.0,0.6704479166666667,0.0,0,Subject5Activity11Trial2
1.5797,1.0649821594749838,0.21756471384264842,0.9999943915933014,0.0,0.0,0.6779654947916666,0.0,0,Subject5Activity11Trial2
1.57965,1.0649821594749838,0.25318155461406633,0.999997454351816,0.0,0.0,0.6692493489583333,0.0,0,Subject5Activity11Trial2
1.5798,1.064265474400067,0.2196475625228338,0.9999937036185379,0.0,0.0,0.6667994791666667,0.0,0,Subject5Activity11Trial2
1.5803250000000002,1.064265474400067,0.21791253809099587,0.9999955965790054,0.0,0.0,0.6564186197916666,0.0,0,Subject5Activity11Trial2
1.5792750000000002,1.0641560036009756,0.1758201310371703,0.9999969798184242,0.0,0.0,0.6657024739583333,0.0,0,Subject5Activity11Trial2
1.5795000000000001,1.0641560036009756,0.19622492980022344,0.9999970542603936,0.0,0.0,0.6850110677083334,0.0,0,Subject5Activity11Trial2
1.5796000000000001,1.063779582432376,0.22446359629504187,0.9999970884727314,0.0,0.0,0.6828444010416667,0.0,0,Subject5Activity11Trial2
1.5795500000000002,1.063779582432376,0.23308984798346444,0.9999979396481342,0.0,0.0,0.6601380208333334,0.0,0,Subject5Activity11Trial2
1.5792750000000002,1.0632191683749874,0.2140653032196873,0.9999972760232538,0.0,0.0,0.6711783854166666,0.0,0,Subject5Activity11Trial2
1.5794000000000001,1.0645435641625944,0.1967122182013057,0.9999948896365454,0.0,0.0,0.6711302083333333,0.0,0,Subject5Activity11Trial2
1.579875,1.0645435641625944,0.20879221606937648,0.9999994582223686,0.0,0.0,0.6712148437499998,0.0,0,Subject5Activity11Trial2
1.579525,1.064705123496642,0.20879221606937648,0.9999960868378839,0.0,0.0,0.6721184895833334,0.0,0,Subject5Activity11Trial2
1.5799500000000002,1.063384220307975,0.20553181495641581,0.9999974836375534,0.5158730158730159,0.375,1.0702226562500001,0.0,0,Subject5Activity11Trial3
1.58005,1.0634984720252305,0.20825336452986676,0.9999973603476111,0.5158730158730159,0.375,1.0712174479166667,0.0,0,Subject5Activity11Trial3
1.5801749999999999,1.0644313035607322,0.2580834677237043,0.9999968969135826,0.7368421052631579,0.40520833333333334,1.0142024739583335,0.0,0,Subject5Activity11Trial3
1.5801,1.0645435641625944,0.2580834677237043,0.9999962387806683,0.9696969696969697,0.39895833333333336,1.229181640625,0.008333333333333304,0,Subject5Activity11Trial3
1.5794249999999999,1.0645435641625944,0.19168550565203546,0.9999971401596802,1.2549019607843137,0.40208333333333335,1.5674140625,0.0031250000000000444,0,Subject5Activity11Trial3
1.58,1.0639891916744266,0.15584920472438668,0.9999961955841575,2.1555555555555554,0.38645833333333335,2.8164850260416667,0.00520833333333337,0,Subject5Activity11Trial3
1.5802500000000002,1.0639365582589968,0.12547036321686633,0.9999964444884493,2.820689655172414,0.39479166666666665,3.7752623697916667,0.023958333333333304,0,Subject5Activity11Trial3
1.579825,1.063827523614613,0.204851181488646,0.9999989269005245,1.6375,0.48125,3.2305201822916665,0.030208333333333337,0,Subject5Activity11Trial3
1.579875,1.0648741709704483,0.204851181488646,0.9999967011820585,1.5605095541401275,0.4822916666666667,2.6276705729166663,0.033333333333333326,0,Subject5Activity11Trial3
1.57995,1.0648741709704483,0.32957747635113677,0.9999977307140122,0.9627659574468085,0.5166666666666667,2.2535911458333335,0.03333333333333338,0,Subject5Activity11Trial3
1.579575,1.064708410786728,0.32957747635113677,0.9999993178549625,0.6753246753246753,0.4875,1.354458984375,0.007291666666666696,0,Subject5Activity11Trial3
1.5798999999999999,1.063827523614613,0.22790075049989866,0.9999985208234604,0.6029411764705882,0.5791666666666667,0.9372005208333334,0.0,0,Subject5Activity11Trial3
1.579475,1.0635478362537343,0.22790075049989866,0.9999985587570288,0.6296296296296297,0.41875,0.9665234375,0.0,0,Subject5Activity11Trial3
1.57945,1.0641560036009756,0.14935822003180377,0.9999970807237027,0.0,0.0,0.9328684895833333,0.0,0,Subject5Activity11Trial3
1.5804,1.064265474400067,0.19560883491299563,0.9999976065261806,0.8837209302325582,0.38229166666666664,0.9922903645833333,0.0,0,Subject5Activity11Trial3
1.580175,1.064265474400067,0.19560883491299563,0.9999987462903993,0.4222222222222222,0.471875,1.3034928385416666,0.06770833333333331,0,Subject5Activity11Trial3
1.579575,1.0643796315225127,0.17864747943309922,0.9999960878003824,1.3727272727272728,0.45625,1.6344375,0.0,0,Subject5Activity11Trial3
1.578925,1.0643796315225127,0.17957915228740617,0.9999965915537274,2.058252427184466,0.45729166666666665,1.8858515624999999,0.001041666666666663,0,Subject5Activity11Trial3
1.578925,1.0635478362537343,0.17957915228740617,0.9999989000550247,2.4,0.4322916666666667,1.8685403645833332,0.002083333333333326,0,Subject5Activity11Trial3
1.578625,1.0635478362537343,0.17212931629836703,0.9999983536992487,0.4594594594594595,0.43125,1.1313697916666667,0.0,0,Subject5Activity11Trial3
1.578875,1.063055031501192,0.1634636432365255,0.999999072558728,1.7222222222222223,0.3770833333333333,0.8127415364583334,0.0,0,Subject5Activity11Trial3
1.5796,1.0644984734606244,0.21198612111788506,0.9999946067848131,0.6206896551724138,0.36666666666666664,0.947607421875,0.0,0,Subject5Activity11Trial3
1.5799750000000001,1.0644984734606244,0.25404869631023885,0.9999959360906272,0.8034188034188035,0.365625,1.246107421875,0.0,0,Subject5Activity11Trial3
1.580625,1.0638232935972025,0.23330614021329765,0.9999972777260856,0.8034188034188035,0.365625,1.172541015625,0.0,0,Subject5Activity11Trial3
1.580425,1.064100559157827,0.15898219324126828,0.9999972919025185,0.6808510638297872,0.378125,0.9142688802083333,0.0,0,Subject5Activity11Trial3
1.580125,1.064100559157827,0.26856775871167926,0.999999263580818,1.1875,0.4708333333333333,0.8291822916666666,0.0,0,Subject5Activity11Trial3
1.57985,1.0643241987289398,0.26856775871167926,0.9999977560131792,0.0,0.0,0.7705442708333334,0.0,0,Subject5Activity11Trial3
1.5801000000000003,1.0643241987289398,0.20539558430983007,0.9999965373295129,1.435897435897436,0.371875,0.8068665364583334,0.0,0,Subject5Activity11Trial3
1.579925,1.0636583097969008,0.1960543545028166,0.9999990527743312,0.544,0.37395833333333334,1.0506204427083332,0.0,0,Subject5Activity11Trial3
1.58,1.0638232935972025,0.1960543545028166,0.999997887135851,0.49206349206349204,0.375,1.1282760416666666,0.0,0,Subject5Activity11Trial3
1.5805250000000002,1.0638232935972025,0.24959720125638896,0.9999971455568183,1.1029411764705883,0.4125,1.1253209635416666,0.15520833333333334,0,Subject5Activity11Trial3
1.5804749999999999,1.0650375580231901,0.24959720125638896,0.9999970645842617,1.2608695652173914,0.38958333333333334,1.5961002604166665,0.020833333333333315,0,Subject5Activity11Trial3
1.580225,1.0650375580231901,0.22133747857602515,0.9999983006310893,1.1875,0.44583333333333336,1.9506946614583334,0.034375000000000044,0,Subject5Activity11Trial3
1.5799500000000002,1.063827523614613,0.21522386102235203,0.9999984550597735,2.440944881889764,0.378125,3.134583984375,0.023958333333333304,0,Subject5Activity11Trial3
1.580375,1.063827523614613,0.21522386102235203,0.9999984388043082,1.7890625,0.3770833333333333,3.49707421875,0.019791666666666707,0,Subject5Activity11Trial3
1.5804,1.0639891916744266,0.1990717463447993,0.9999990978572905,1.5238095238095237,0.37916666666666665,2.309111979166667,0.018750000000000044,0,Subject5Activity11Trial3
1.5803500000000001,1.0639891916744266,0.19640905094797034,0.9999988528376597,1.043010752688172,0.4114583333333333,1.2518671874999998,0.012500000000000011,0,Subject5Activity11Trial3
1.580325,1.0639365582589968,0.23837897843084122,0.9999986185399607,0.0,0.0,0.9798815104166667,0.0,0,Subject5Activity11Trial3
1.5806,1.0639365582589968,0.24082744906792541,0.999998326136646,0.5569620253164557,0.390625,0.9685579427083333,0.0,0,Subject5Activity11Trial3
1.580475,1.063827523614613,0.20543905153126474,0.9999965328612725,0.5903614457831325,0.39479166666666665,1.1285266927083335,0.0,0,Subject5Activity11Trial3
1.5800999999999998,1.0637147173937191,0.2140653032196873,0.9999951429879073,0.288,0.37395833333333334,1.2194485677083333,0.0,0,Subject5Activity11Trial3
1.5799999999999998,1.0637147173937191,0.1884430142231679,0.9999955752121088,0.5238095238095238,0.375,1.131705078125,0.025000000000000022,0,Subject5Activity11Trial3
1.580025,1.064265474400067,0.15662534010402496,0.9999972617156363,0.24,0.37604166666666666,0.8682649739583332,0.0,0,Subject5Activity11Trial3
1.58075,1.064265474400067,0.20173520139513457,0.9999973104041906,0.0,0.0,0.6876067708333333,0.0,0,Subject5Activity11Trial3
1.580575,1.0651469382202625,0.20553181495641581,0.9999978912303753,0.0,0.0,0.6753177083333333,0.0,0,Subject5Activity11Trial3
1.5802749999999999,1.0651469382202625,0.18659230321777898,0.9999968380152533,0.0,0.0,0.6667610677083334,0.0,0,Subject5Activity11Trial3
1.580375,1.0638232935972025,0.1427685606989435,0.9999986075784302,0.0,0.0,0.6622167968749999,0.0,0,Subject5Activity11Trial3
1.5804000000000002,1.0634984720252305,0.17592527420863036,0.9999989079603553,0.0,0.0,0.663111328125,0.0,0,Subject5Activity11Trial3
1.5803250000000002,1.063384220307975,0.2383310006511934,0.9999975768176673,0.0,0.0,0.6746028645833334,0.0,0,Subject5Activity11Trial3
1.5802500000000002,1.063384220307975,0.1960382511766845,0.9999985838510037,0.0,0.0,0.6791809895833334,0.0,0,Subject5Activity11Trial3
1.5799499999999997,1.0645435641625944,0.22675923042346469,0.9999973384244559,0.0,0.0,0.717138671875,0.0,0,Subject5Activity11Trial3
1.5798999999999999,1.0657551313505367,0.1862638101979499,0.9999978453367863,0.0,0.0,0.7417994791666668,0.0,0,Subject5Activity11Trial3
1.5218500000000001,1.068597211300872,26.400381924977687,0.9397469735960594,0.5650224215246636,0.5635416666666667,3.6016497395833333,0.21979166666666666,0,Subject5Activity1Trial1
1.657675,2.8385936658845696,123.34983969262336,0.723581662614361,4.066037735849057,0.8895833333333333,5.946717447916666,0.3114583333333334,1,Subject5Activity1Trial1
1.5430499999999998,2.8385936658845696,123.34983969262336,0.9952919890110297,1.4870689655172413,0.7583333333333333,3.796498697916667,0.07395833333333335,0,Subject5Activity1Trial1
1.180775,1.2395019160937186,8.08017123664132,0.9999944947525704,0.0,0.0,0.8161868489583334,0.0,0,Subject5Activity1Trial1
1.163475,0.9915835819536344,0.7410441671845547,0.9999972454982433,0.0,0.0,0.6237884114583334,0.0,0,Subject5Activity1Trial1
1.1620249999999999,0.9851806940861153,0.31740321634094926,0.9999936219771535,0.0,0.0,0.65293359375,0.0,0,Subject5Activity1Trial1
1.1613250000000002,0.9851400915605861,0.24008506937801144,0.9999963010912403,0.0,0.0,0.6018893229166666,0.0,0,Subject5Activity1Trial1
1.1613,0.9849208089993834,0.17124437065763232,0.9999964864308521,0.0,0.0,0.5931171875000001,0.0,0,Subject5Activity1Trial1
1.51505,1.0666573957930447,2.6081034360657043,0.9999009515451038,1.0,0.5541666666666667,4.025085286458333,0.14375,0,Subject5Activity1Trial2
1.652225,3.7617731191553805,91.74712783551534,0.42143717682340337,1.6788617886178863,0.74375,8.597384765625,0.21666666666666673,0,Subject5Activity1Trial2
1.525125,3.7617731191553805,94.81243832249739,0.883947280686839,3.8073394495412844,0.8864583333333333,7.720271484375,0.3302083333333333,1,Subject5Activity1Trial2
1.246825,1.6952232891274235,49.20071751048198,0.9999837532723437,4.6395348837209305,0.9104166666666667,2.9803997395833335,0.0,0,Subject5Activity1Trial2
1.2478,1.10415986161425,3.096105498916529,0.9999934004037225,0.0,0.0,0.7851139322916667,0.0,0,Subject5Activity1Trial2
1.2460250000000002,0.9776113747292428,0.46758863714387644,0.9999478992536135,0.0,0.0,0.7287408854166666,0.0,0,Subject5Activity1Trial2
1.244125,0.9776113747292428,0.6287461000599421,0.9999870534026634,0.0,0.0,0.7228795572916666,0.0,0,Subject5Activity1Trial2
1.24345,0.9771064425127899,0.5876981382906195,0.9999990095995902,0.0,0.0,0.630630859375,0.0,0,Subject5Activity1Trial2
1.4808000000000001,1.0657640451807333,3.991677019922065,0.999810120880873,0.6186440677966102,0.5604166666666667,2.7653339843749998,0.0,0,Subject5Activity1Trial3
1.55515,3.159499327425154,80.22998213184354,0.4624567327115183,2.0207253886010363,0.7989583333333333,7.219007161458333,0.28437500000000004,0,Subject5Activity1Trial3
1.459375,3.159499327425154,90.29914358717724,0.8502527401939648,1.209726443768997,0.6572916666666667,8.899317708333331,0.16979166666666667,1,Subject5Activity1Trial3
1.217075,1.9056148614030066,52.1817612639105,0.9997074123716734,4.225806451612903,0.903125,4.599205729166667,0.04583333333333334,0,Subject5Activity1Trial3
1.162125,1.1815481369796152,5.799599798038514,0.9998332133380528,0.8557692307692307,0.4,2.307157552083334,0.03125,0,Subject5Activity1Trial3
1.1683499999999998,0.9897161209154876,0.9939813248548717,0.9999783463322965,1.1121495327102804,0.396875,2.3777688802083334,0.0,0,Subject5Activity1Trial3
1.1709749999999999,0.9777064999272532,0.31876355807071377,0.9999901638645848,1.346938775510204,0.3854166666666667,1.738734375,0.030208333333333337,0,Subject5Activity1Trial3
1.17165,0.9698917465366946,0.32159361541116027,0.9999963425012441,0.979381443298969,0.384375,0.9562675781250001,0.0,0,Subject5Activity1Trial3
1.4621,3.2444557324765584,23.53928962606821,0.6905347996517647,0.5514018691588785,0.665625,4.478548828125,0.12812500000000004,0,Subject5Activity2Trial1
1.55925,3.2444557324765584,43.95474337601566,0.8336156834573701,0.8625,0.6666666666666666,6.1415996093750005,0.20416666666666672,1,Subject5Activity2Trial1
1.582425,1.9548608646141548,46.40850761759427,0.9815387325525334,1.0,0.746875,4.515434244791667,0.04270833333333335,1,Subject5Activity2Trial1
1.5351500000000002,1.2451899453497044,33.682917161806145,0.9937703347339286,0.7347826086956522,0.7375,2.820069661458333,0.0,1,Subject5Activity2Trial1
1.528775,1.1815083579899044,8.992185654015813,0.9976047073886347,0.7159090909090909,0.59375,1.0904225260416667,0.0,0,Subject5Activity2Trial1
1.54725,1.1398429716412695,5.693754841393712,0.9996314644576128,1.105263157894737,0.5583333333333333,0.9656796875000001,0.0,0,Subject5Activity2Trial1
1.55435,1.0868656770732987,4.279272869452782,0.9998583216363158,0.0,0.0,0.9175585937499999,0.0,0,Subject5Activity2Trial1
1.5609,1.0863411066511293,2.5748793196128617,0.9997889118872759,0.0,0.0,0.8971562500000001,0.0,0,Subject5Activity2Trial1
1.5303499999999999,4.244595740468107,41.864807585869364,0.42591978303724237,0.6277602523659306,0.6697916666666667,5.8945722656249995,0.11354166666666676,1,Subject5Activity2Trial2
1.5638,4.244595740468107,41.864807585869364,0.9648127393538921,0.6561264822134387,0.7364583333333333,4.63645703125,0.18541666666666667,1,Subject5Activity2Trial2
1.5155249999999998,1.4330157012398712,6.587429562907403,0.995866315846005,0.4305555555555556,0.71875,1.940975260416667,0.0,0,Subject5Activity2Trial2
1.5142,1.2087026102395908,2.0734002255017714,0.9998332597954827,0.5517241379310345,0.8333333333333334,1.5236738281249997,0.01666666666666672,0,Subject5Activity2Trial2
1.5265,1.0763405594884918,1.596293598800898,0.9999736983060965,0.39603960396039606,0.846875,1.01457421875,0.0,0,Subject5Activity2Trial2
1.52565,1.067670829422627,1.7293546072373118,0.9998031198511309,0.0,0.0,0.888298828125,0.0,0,Subject5Activity2Trial2
1.5299749999999999,1.0709663860271246,1.723422887839348,0.9997690302784277,0.0,0.0,0.920859375,0.0,0,Subject5Activity2Trial2
1.5303999999999998,1.0709663860271246,2.742152245726757,0.9999246503227223,0.0,0.0,0.9007779947916668,0.0,0,Subject5Activity2Trial2
1.3895,3.960625960627941,34.74953869486721,0.5408465747392116,0.6238244514106583,0.6677083333333333,4.773974609375,0.18125000000000002,0,Subject5Activity2Trial3
1.4322500000000002,3.960625960627941,34.74953869486721,0.9184275601389283,0.6436363636363637,0.7135416666666666,4.686563151041667,0.21666666666666667,1,Subject5Activity2Trial3
1.620825,1.8311116841962425,14.18852550139745,0.988469028124467,0.41739130434782606,0.7375,2.0412226562500004,0.06145833333333339,0,Subject5Activity2Trial3
1.6483249999999998,1.3046815703458066,3.4682926328415817,0.9991177977577035,0.711864406779661,0.83125,1.4778697916666668,0.0,0,Subject5Activity2Trial3
1.643425,1.1207274423337727,3.2858578027773007,0.9999216166559809,0.6120689655172413,0.8270833333333333,1.216685546875,0.0,0,Subject5Activity2Trial3
1.6427500000000002,1.077146229627157,3.219623715366609,0.9999448880653385,0.5897435897435898,0.828125,1.0274238281249999,0.0,0,Subject5Activity2Trial3
1.641,1.0669086183924095,1.7271711568798196,0.9999848951939898,0.0,0.0,0.7707180989583333,0.0,0,Subject5Activity2Trial3
1.6477249999999999,1.060737479303904,1.9614092581218188,0.9999893410716825,0.0,0.0,0.8164960937499999,0.0,0,Subject5Activity2Trial3
1.9324749999999997,5.7723931778769195,79.42412472664178,0.25078254824213075,2.76271186440678,0.8770833333333333,5.592046875,0.2427083333333333,0,Subject5Activity3Trial1
1.938075,5.7723931778769195,147.8003214168862,0.6737087493137155,2.8642857142857143,0.8541666666666666,6.776176432291666,0.2979166666666667,1,Subject5Activity3Trial1
1.4922749999999998,2.9557366256146707,147.8003214168862,0.994187230219798,4.151515151515151,0.896875,3.861919270833334,0.009374999999999911,0,Subject5Activity3Trial1
1.3126000000000002,1.5275375609129878,11.892689347500054,0.9992931099262283,0.9210526315789473,0.9604166666666667,0.8786614583333334,0.0,0,Subject5Activity3Trial1
1.2872999999999999,1.0990200180160505,3.1832362184793936,0.999990450239435,0.0,0.0,0.6335735677083333,0.0,0,Subject5Activity3Trial1
1.27865,1.061663317629464,1.1131404593711238,0.9999947671625637,0.0,0.0,0.581185546875,0.0,0,Subject5Activity3Trial1
1.275475,1.0568263811998637,0.5610753298976974,0.9999928777848324,0.1693548387096774,0.375,0.683400390625,0.0,0,Subject5Activity3Trial1
1.274775,1.0590887592643026,0.818376997333365,0.9999788636777647,0.52,0.37395833333333334,0.9610377604166667,0.0,0,Subject5Activity3Trial1
1.654925,4.391423687142929,104.75356555683997,0.39907720562213606,1.0119521912350598,0.571875,6.283235026041667,0.375,1,Subject5Activity3Trial2
1.6655000000000002,4.391423687142929,104.75356555683997,0.8992495439228132,0.8380566801619433,0.6072916666666667,6.269666666666667,0.3687499999999999,1,Subject5Activity3Trial2
1.63795,2.0908290221823496,88.12122192261009,0.9995921240939324,1.9770114942528736,0.909375,2.4906764322916666,0.0031249999999999334,0,Subject5Activity3Trial2
1.6396000000000002,1.2882647243482217,7.882650259561096,0.999995428045164,0.0,0.0,0.6975143229166667,0.0,0,Subject5Activity3Trial2
1.6231750000000003,1.0646487683738708,1.3615108346192244,0.9999952466579551,0.0,0.0,0.59308203125,0.0,0,Subject5Activity3Trial2
1.6242750000000001,1.0629115673469736,0.5508062389493205,0.9999968066705074,0.0,0.0,0.5854661458333333,0.0,0,Subject5Activity3Trial2
1.6306,1.0707165824810971,1.6930586769145606,0.9999698013847528,0.0,0.0,0.6149811197916667,0.0,0,Subject5Activity3Trial2
1.6457749999999998,1.0707165824810971,1.5152399530672511,0.9999947692450234,0.0,0.0,0.6372955729166666,0.0,0,Subject5Activity3Trial2
1.505125,1.87408884527922,18.164695291529952,0.8000836490553013,0.7414330218068536,0.665625,4.648462239583333,0.31562499999999993,0,Subject5Activity3Trial3
1.504175,2.8033403289647154,142.61339152708732,0.8821975634245243,1.1818181818181819,0.6677083333333333,5.172695963541666,0.28541666666666665,0,Subject5Activity3Trial3
1.4690999999999999,2.8033403289647154,142.61339152708732,0.997125636787769,2.1904761904761907,0.846875,2.359814453125,0.0,0,Subject5Activity3Trial3
1.3577,1.1122194028158292,11.9161184594074,0.9999181002416309,0.0,0.0,0.6756276041666667,0.0,0,Subject5Activity3Trial3
1.3649749999999998,1.039536916131409,1.6278888342221194,0.9999952279447795,0.0,0.0,0.6014895833333334,0.0,0,Subject5Activity3Trial3
1.36875,1.015955215548402,1.8584012343708878,0.9999957327580038,0.0,0.0,0.6046419270833334,0.0,0,Subject5Activity3Trial3
1.3704250000000002,1.0135921270412473,1.4718602880480773,0.9999852058119557,0.0,0.0,0.6108352864583334,0.0,0,Subject5Activity3Trial3
1.367775,1.035309615525713,7.3031925045055885,0.9997536543626765,1.0,0.9625,0.7377076822916666,0.0,0,Subject5Activity3Trial3
1.453525,1.0562812125565806,36.427850141866394,0.9613026281654848,0.838006230529595,0.665625,5.586237630208333,0.2895833333333333,0,Subject5Activity4Trial1
1.70885,3.531182521479171,92.69930246648082,0.7668088301559608,1.4517133956386292,0.665625,8.003396484375,0.3135416666666666,1,Subject5Activity4Trial1
1.808475,3.531182521479171,92.69930246648082,0.9807447994642501,2.2514619883040936,0.821875,4.784915364583332,0.043749999999999956,1,Subject5Activity4Trial1
1.4975749999999999,1.4414000138753988,47.69381927170811,0.9969855197723362,2.0759493670886076,0.9177083333333333,2.1846731770833334,0.0,0,Subject5Activity4Trial1
1.43455,1.162069275043446,11.440622264242677,0.9999633039455357,3.9655172413793105,0.9177083333333333,0.9746341145833334,0.0,0,Subject5Activity4Trial1
1.433775,1.0950534233543128,9.397359793667235,0.999425713350968,0.0,0.0,0.9132929687499999,0.0,0,Subject5Activity4Trial1
1.4366,1.0950534233543128,8.689344871836369,0.9999459823388104,3.130434782608696,0.9072916666666667,0.9972636718750001,0.0,0,Subject5Activity4Trial1
1.433125,1.059306848840316,2.8783291661780765,0.9999880422875523,0.0,0.0,0.7081139322916667,0.0,0,Subject5Activity4Trial1
1.5247,1.13673391785413,34.8694441081636,0.9576601558808393,0.7674418604651163,0.6416666666666667,5.751989583333334,0.24062499999999998,0,Subject5Activity4Trial2
1.4894749999999999,3.4069159073860336,60.67583389267167,0.878312541986854,0.6838487972508591,0.546875,8.353668619791666,0.33333333333333326,1,Subject5Activity4Trial2
1.6696750000000002,3.4069159073860336,68.94126827392293,0.9966006771415508,2.0628019323671496,0.784375,5.973111328125,0.060416666666666674,1,Subject5Activity4Trial2
1.7508750000000002,1.4186222189152404,35.729414139455926,0.9999531011542708,2.5595238095238093,0.9125,2.282914713541667,0.0,0,Subject5Activity4Trial2
1.757425,1.0464119647634005,0.8056523222491023,0.9999681053751728,1.0533333333333332,0.40520833333333334,0.9788841145833332,0.0,0,Subject5Activity4Trial2
1.7604999999999997,1.0464119647634005,0.8747342059206034,0.9999917029102094,1.1346153846153846,0.42916666666666664,0.7586295572916667,0.0,0,Subject5Activity4Trial2
1.761075,1.0431514750984154,0.7086259765831215,0.999990843436384,1.1379310344827587,0.453125,0.6466334635416666,0.0,0,Subject5Activity4Trial2
1.7621250000000004,1.0431514750984154,0.7793918717989783,0.9999973182595396,0.0,0.0,0.5958776041666666,0.0,0,Subject5Activity4Trial2
1.5981,2.322235560833569,67.03217483573849,0.7059959598065559,1.498452012383901,0.6635416666666667,6.564966796875,0.21666666666666667,1,Subject5Activity4Trial3
1.6875499999999999,2.322235560833569,67.4324601285536,0.7912303627716935,1.5454545454545454,0.7020833333333333,5.939465494791667,0.20833333333333337,1,Subject5Activity4Trial3
1.703125,2.007668548341583,35.97258531334647,0.9967651687320558,3.696078431372549,0.89375,2.3467050781250003,0.0,0,Subject5Activity4Trial3
1.6652499999999997,1.238375145099416,9.085112655246505,0.9999808995058271,1.4166666666666667,0.95,0.9176627604166667,0.0,0,Subject5Activity4Trial3
1.6673749999999998,1.076296427570026,3.119442351775831,0.9997747580949529,0.0,0.0,0.7999713541666666,0.0,0,Subject5Activity4Trial3
1.659975,1.076296427570026,3.234716386474588,0.9999588071860585,0.0,0.0,0.7366627604166667,0.0,0,Subject5Activity4Trial3
1.6627000000000003,1.0628965142477418,2.9952717703861538,0.9999833649920323,0.0,0.0,0.6474869791666666,0.0,0,Subject5Activity4Trial3
1.6671749999999999,1.060695055140732,2.2767776283882313,0.9999699764192069,0.0,0.0,0.6245553385416667,0.0,0,Subject5Activity4Trial3
1.631975,3.547324202832326,95.3538430938379,0.5507839609762835,1.0219435736677116,0.6677083333333333,5.036662760416666,0.22812500000000002,0,Subject5Activity5Trial1
1.6202999999999999,3.547324202832326,97.86691276162153,0.9864171254848337,1.3460317460317461,0.671875,6.471807942708334,0.2270833333333333,1,Subject5Activity5Trial1
1.6503,1.5690331417787198,49.649905136666966,0.999739207165307,2.2549019607843137,0.840625,4.941426432291667,0.008333333333333304,0,Subject5Activity5Trial1
1.6733500000000003,1.0982727347976913,17.822621040484655,0.999919942525182,1.4052287581699345,0.840625,2.8949231770833332,0.03645833333333337,0,Subject5Activity5Trial1
1.600075,1.0808047927354876,6.279557314118662,0.9999750725995212,0.8229166666666666,0.7875,1.0400631510416667,0.0,0,Subject5Activity5Trial1
1.59625,1.071396285227833,1.8067452988189459,0.9999960653638207,1.2121212121212122,0.7447916666666666,0.7076816406249999,0.0,0,Subject5Activity5Trial1
1.5980500000000002,1.06882224901992,2.111136248893345,0.999998854524011,0.0,0.0,0.655716796875,0.0,0,Subject5Activity5Trial1
1.5945,1.0700448588727483,1.5498999841972179,0.9999969687502731,0.0,0.0,0.6844674479166667,0.0,0,Subject5Activity5Trial1
1.6090499999999999,4.341331708128279,87.74104981583157,0.46094823072491,0.69140625,0.6,5.802942708333333,0.2677083333333333,0,Subject5Activity5Trial2
1.660875,4.341331708128279,87.74104981583157,0.9929611310377883,0.954248366013072,0.68125,5.678699869791666,0.13124999999999998,0,Subject5Activity5Trial2
1.7369999999999997,1.3867433071769266,25.864517939461372,0.9995693915612803,1.6602564102564104,0.8375,2.8131614583333335,0.0031250000000000444,0,Subject5Activity5Trial2
1.81495,1.10719600794078,5.372543599116071,0.999975208996375,1.1625,0.9,1.0279322916666667,0.0,0,Subject5Activity5Trial2
1.8137250000000003,1.0757011666815277,1.8593898815460648,0.9999929436112139,0.0,0.0,0.718048828125,0.0,0,Subject5Activity5Trial2
1.81355,1.0655449310094811,1.9772963319092511,0.999997325229144,0.0,0.0,0.7249752604166666,0.0,0,Subject5Activity5Trial2
1.8154249999999998,1.0648572674307106,1.8291746608871833,0.999995856534151,0.0,0.0,0.708150390625,0.0,0,Subject5Activity5Trial2
1.8161749999999999,1.0654215128295468,2.337517850050048,0.9999912566324521,0.0,0.0,0.714603515625,0.0,0,Subject5Activity5Trial2
1.56325,1.1313712918401277,13.561224730352592,0.9820340862881991,0.7023809523809523,0.5958333333333333,3.8463489583333335,0.013541666666666674,0,Subject5Activity5Trial3
1.6213000000000002,2.7353628644112282,130.0926460365952,0.6343606218385901,1.09375,0.6666666666666666,6.100960937499999,0.20104166666666667,1,Subject5Activity5Trial3
1.6919499999999998,2.7353628644112282,130.0926460365952,0.998746174025409,3.0416666666666665,0.85,6.1161028645833335,0.21354166666666663,1,Subject5Activity5Trial3
1.5977999999999999,1.1547796326572441,35.03256692701771,0.9997213323735683,2.217948717948718,0.8375,4.379341796875001,0.028125000000000067,0,Subject5Activity5Trial3
1.4517,1.0975363319726597,36.76743211915303,0.9999940139342965,1.1282051282051282,0.8375,2.2065436197916664,0.0,0,Subject5Activity5Trial3
1.3039749999999999,1.0588545698064489,3.3108880451762506,0.9999962169350549,1.1428571428571428,0.7666666666666667,0.7828483072916668,0.0,0,Subject5Activity5Trial3
1.2497,1.056699578877554,0.9488447666262676,0.999998718363213,0.0,0.0,0.6826927083333334,0.0,0,Subject5Activity5Trial3
1.2620999999999998,1.0605498573853092,2.4912418802866068,0.9999807464810676,0.9574468085106383,0.7635416666666667,0.6755442708333333,0.0,0,Subject5Activity5Trial3
1.46265,1.0831163372417572,3.7314101956057435,0.9999806208416443,0.8913043478260869,0.9520833333333333,0.7839954427083333,0.0,0,Subject6Activity11Trial1
1.458775,1.0688727707262449,1.0364822786757344,0.9999850947729986,0.19078947368421054,0.525,0.8514707031250002,0.0,0,Subject6Activity11Trial1
1.4566000000000001,1.0686332392359879,1.4295216374093371,0.9999792274431424,0.50625,0.53125,1.7036549479166667,0.023958333333333304,0,Subject6Activity11Trial1
1.455225,1.0686332392359879,1.5723211031700721,0.9999958124755651,0.9659863945578231,0.4947916666666667,2.0046087239583334,0.0,0,Subject6Activity11Trial1
1.4469999999999998,1.0655543158375362,1.8249933341158169,0.999988133794625,1.1830985915492958,0.40520833333333334,1.205302734375,0.0,0,Subject6Activity11Trial1
1.4377749999999998,1.0696251679911053,1.7486863588690724,0.9999802832091125,1.025974025974026,0.40729166666666666,0.9166653645833334,0.0,0,Subject6Activity11Trial1
1.441925,1.0696251679911053,1.998293083037126,0.9999924146385006,0.7088607594936709,0.40729166666666666,0.8347962239583333,0.0,0,Subject6Activity11Trial1
1.4477,1.0670904366547382,1.0240460524297177,0.9999868518779315,0.5384615384615384,0.4083333333333333,0.7511412760416667,0.0,0,Subject6Activity11Trial1
1.4486999999999999,1.066383608276121,0.8917628845142538,0.9999937323443991,0.6410256410256411,0.4083333333333333,0.8112115885416668,0.0,0,Subject6Activity11Trial1
1.45045,1.0654980056292926,0.789995087380909,0.9999847776727252,1.7882352941176471,0.421875,1.3944251302083333,0.0,0,Subject6Activity11Trial1
1.4515749999999998,1.0792965301528585,2.0862785766792022,0.9999071521729295,1.3658536585365855,0.425,1.9037076822916668,0.0,0,Subject6Activity11Trial1
1.452975,1.0792965301528585,2.4676895181931044,0.999973902943958,1.819277108433735,0.41770833333333335,1.5017486979166665,0.00833333333333336,0,Subject6Activity11Trial1
1.4530750000000001,1.070992997175985,2.280062384757514,0.9999795582410401,1.0985915492957747,0.4114583333333333,1.1066080729166665,0.013541666666666674,0,Subject6Activity11Trial1
1.4527749999999997,1.0719850745229618,1.5651809582112897,0.9999825227651614,0.896551724137931,0.42291666666666666,0.8106419270833334,0.0,0,Subject6Activity11Trial1
1.4531500000000002,1.0719850745229618,1.5654777287243533,0.9999922383600454,0.9,0.45416666666666666,0.7053033854166666,0.0,0,Subject6Activity11Trial1
1.4526,1.0688563982125943,1.1644692730667145,0.999981605912871,0.0,0.0,0.6636914062500001,0.0,0,Subject6Activity11Trial1
1.45275,1.0688563982125943,0.9622352436201638,0.9999871375366037,0.0,0.0,0.6493385416666666,0.0,0,Subject6Activity11Trial1
1.4517,1.0690453685414854,0.9458997969443175,0.9999843639270496,0.0,0.0,0.7022252604166667,0.0,0,Subject6Activity11Trial1
1.44925,1.0690453685414854,0.9429031425851981,0.9999893420605981,0.0,0.0,0.7379609375,0.0,0,Subject6Activity11Trial1
1.4490750000000001,1.0662509085576433,0.9415634109805424,0.99998851905055,0.4153846153846154,0.5166666666666667,1.4895227864583334,0.0,0,Subject6Activity11Trial1
1.450625,1.0699598123294165,1.2930402915275927,0.9999798681649716,0.391812865497076,0.534375,2.854983723958333,0.01041666666666663,0,Subject6Activity11Trial1
1.452375,1.0699598123294165,1.3501820118090286,0.9999931780033527,0.8561151079136691,0.5010416666666667,2.8751002604166667,0.028124999999999956,0,Subject6Activity11Trial1
1.45055,1.0674099493634113,1.449814585095936,0.9999821240109231,1.3214285714285714,0.42291666666666666,2.743806640625,0.0,0,Subject6Activity11Trial1
1.4498,1.0674099493634113,1.1183802356059616,0.9999944522835664,0.7976190476190477,0.42291666666666666,2.118916666666667,0.078125,0,Subject6Activity11Trial1
1.4518,1.0643688270519764,0.9575686786543613,0.999996121457965,0.8266666666666667,0.409375,1.3911354166666667,0.09791666666666671,0,Subject6Activity11Trial1
1.451025,1.0656242302050003,1.0619743710729743,0.9999945156134753,0.4880952380952381,0.47708333333333336,0.7570201822916667,0.0,0,Subject6Activity11Trial1
1.450575,1.0656242302050003,1.0182568503558471,0.9999944398229379,0.0,0.0,0.6624726562500001,0.0,0,Subject6Activity11Trial1
1.4520250000000001,1.0642678234354357,1.0662510558604232,0.9999975344743831,0.3557692307692308,0.5833333333333334,0.8985188802083334,0.0,0,Subject6Activity11Trial1
1.4519,1.0655102064269493,0.80337022365552,0.999992817844663,0.6451612903225806,0.56875,1.56468359375,0.018750000000000044,0,Subject6Activity11Trial1
1.451575,1.0655102064269493,0.8037362390411609,0.9999941320797474,0.40298507462686567,0.5666666666666667,2.1536796875,0.006249999999999978,0,Subject6Activity11Trial1
1.4522000000000002,1.064903751519357,0.7764351432943783,0.9999888934130664,0.7142857142857143,0.39895833333333336,1.9124778645833334,0.03125,0,Subject6Activity11Trial1
1.4522249999999999,1.064903751519357,0.8159602934308161,0.9999957937093291,0.4772727272727273,0.4125,1.4350755208333332,0.001041666666666663,0,Subject6Activity11Trial1
1.45295,1.0639675746938906,0.8159602934308161,0.999997909904456,1.0,0.4114583333333333,0.9290494791666667,0.0,0,Subject6Activity11Trial1
1.452025,1.0639675746938906,0.8611497275383186,0.9999966007034637,0.676923076923077,0.41770833333333335,0.7424381510416665,0.0,0,Subject6Activity11Trial1
1.4522249999999999,1.0637391597567516,0.8441197457629706,0.9999962827025689,0.7368421052631579,0.4375,0.6449967447916667,0.0,0,Subject6Activity11Trial1
1.4529,1.0664544059639869,0.68480995695516,0.999984544874298,0.0,0.0,0.5892851562500001,0.0,0,Subject6Activity11Trial1
1.45275,1.0664544059639869,0.7681246072657686,0.9999970211114035,0.0,0.0,0.5737109375000001,0.0,0,Subject6Activity11Trial1
1.452525,1.0637203579888843,0.9110360706671123,0.9999898263878262,0.0,0.0,0.5734166666666667,0.0,0,Subject6Activity11Trial1
1.45245,1.0637203579888843,0.9110360706671123,0.9999946154601289,0.0,0.0,0.581162109375,0.0,0,Subject6Activity11Trial1
1.453075,1.0653121608242346,0.8386226982642526,0.9999967827943567,0.0,0.0,0.5761998697916667,0.0,0,Subject6Activity11Trial1
1.45245,1.0653121608242346,0.8386226982642526,0.9999907725034456,0.0,0.0,0.582943359375,0.0,0,Subject6Activity11Trial1
1.45275,1.0653084060496285,0.7355052999656131,0.9999922505309659,0.0,0.0,0.62033984375,0.0,0,Subject6Activity11Trial1
1.45295,1.065451547467082,1.0488802430655966,0.999981984103069,0.3617021276595745,0.503125,0.897150390625,0.0,0,Subject6Activity11Trial2
1.4541,1.0709084928227994,0.8889856532914955,0.9999848897294251,0.0,0.0,0.6930833333333333,0.0,0,Subject6Activity11Trial2
1.4534749999999999,1.0709084928227994,0.8889856532914955,0.9999961685525165,0.0,0.0,0.7330208333333333,0.0,0,Subject6Activity11Trial2
1.4529249999999998,1.0633179204734582,0.659340660257822,0.9999955188418514,0.0,0.0,0.7265611979166667,0.0,0,Subject6Activity11Trial2
1.4538499999999999,1.0635135166042788,0.659340660257822,0.9999975803025974,0.0,0.0,0.6962552083333333,0.0,0,Subject6Activity11Trial2
1.4535500000000001,1.0645623513914062,0.6147822255502327,0.9999940869985899,0.0,0.0,0.6816920572916667,0.0,0,Subject6Activity11Trial2
1.4531749999999999,1.0658090823407351,0.6190106999805529,0.999993941801393,0.43119266055045874,0.4947916666666667,1.0047975260416666,0.0,0,Subject6Activity11Trial2
1.453275,1.0751288294897499,1.3647083820998773,0.9999679404428566,0.3986013986013986,0.5197916666666667,1.8188977864583333,0.0,0,Subject6Activity11Trial2
1.452675,1.0751288294897499,1.6839224009757494,0.9999831142791709,0.918918918918919,0.43333333333333335,1.902765625,0.016666666666666663,0,Subject6Activity11Trial2
1.4530999999999998,1.070554062156601,1.4363181638058968,0.9999972391284965,0.5172413793103449,0.415625,1.6234401041666664,0.046875,0,Subject6Activity11Trial2
1.454,1.064143317415469,0.8787897646763199,0.9999944329636699,0.782608695652174,0.5197916666666667,1.2175345052083333,0.109375,0,Subject6Activity11Trial2
1.452675,1.0637184777938193,0.8787897646763199,0.9999960049469594,0.0,0.0,0.6785234375,0.0,0,Subject6Activity11Trial2
1.4526,1.0652300221079012,0.8088910363669157,0.9999902762427284,0.0,0.0,0.6204361979166666,0.0,0,Subject6Activity11Trial2
1.453475,1.0652300221079012,0.7275593866362406,0.9999967740084093,0.0,0.0,0.5899967447916666,0.0,0,Subject6Activity11Trial2
1.4534500000000001,1.0635238596289223,0.7275593866362406,0.9999974787659239,0.0,0.0,0.6127975260416667,0.0,0,Subject6Activity11Trial2
1.453425,1.0629021591849364,0.606178409404766,0.9999958680752449,0.0,0.0,0.6125709635416666,0.0,0,Subject6Activity11Trial2
1.4538,1.0639421976780505,0.6895473061161859,0.9999955126552018,0.0,0.0,0.5924752604166666,0.0,0,Subject6Activity11Trial2
1.4541499999999998,1.0639421976780505,0.6601092193889926,0.9999951266518041,0.0,0.0,0.6000787760416666,0.0,0,Subject6Activity11Trial2
1.4545,1.0639384380686694,0.5936198515074942,0.9999949793536304,0.0,0.0,0.60465625,0.0,0,Subject6Activity11Trial2
1.4543,1.0636362160062056,0.7319746213198464,0.9999947555219317,0.0,0.0,0.6024466145833334,0.0,0,Subject6Activity11Trial2
1.4542000000000002,1.0637316390894838,0.7799660691889265,0.9999974132211079,0.0,0.0,0.6007207031250001,0.0,0,Subject6Activity11Trial2
1.45385,1.0653942932079183,0.802060036531639,0.9999921838303764,0.0,0.0,0.595107421875,0.0,0,Subject6Activity11Trial2
1.4540250000000001,1.0653942932079183,0.7895440333894435,0.9999945998904352,0.0,0.0,0.5779388020833334,0.0,0,Subject6Activity11Trial2
1.4542249999999999,1.0648840312447172,0.706550554539092,0.9999965521911642,0.0,0.0,0.5803450520833333,0.0,0,Subject6Activity11Trial2
1.4537999999999998,1.0648962390768408,0.7687951236047113,0.9999948900304237,2.1153846153846154,0.38958333333333334,0.654255859375,0.0,0,Subject6Activity11Trial2
1.4537,1.0648962390768408,0.7687951236047113,0.9999937484095359,2.32,0.390625,0.6628398437499999,0.0,0,Subject6Activity11Trial2
1.4531749999999999,1.0635125763243234,0.6217222269298794,0.9999968881879866,1.68,0.390625,0.640376953125,0.0,0,Subject6Activity11Trial2
1.453475,1.0656139075669009,0.5744975786194715,0.9999968266430862,1.5769230769230769,0.38958333333333334,0.652015625,0.0,0,Subject6Activity11Trial2
1.4537749999999998,1.0656139075669009,0.5944940150195137,0.9999942397306306,0.0,0.0,0.6058893229166668,0.0,0,Subject6Activity11Trial2
1.45405,1.0638298736170178,0.4719211724085426,0.9999964478248308,2.12,0.390625,0.6373535156249999,0.0,0,Subject6Activity11Trial2
1.454175,1.0637382196762508,0.7684008541262592,0.9999966378939233,2.0833333333333335,0.39166666666666666,0.632578125,0.0,0,Subject6Activity11Trial2
1.4530249999999998,1.06754156827732,0.8180115200556557,0.9999873697962901,0.0,0.0,0.609615234375,0.0,0,Subject6Activity11Trial2
1.45155,1.06754156827732,0.9730731894504849,0.9999897854098904,0.0,0.0,0.6134713541666666,0.0,0,Subject6Activity11Trial2
1.452075,1.0674722478828196,0.8230188868039292,0.9999884289866182,0.0,0.0,0.5993613281249999,0.0,0,Subject6Activity11Trial2
1.4532,1.0644867307768566,0.6337145318636459,0.9999954802261221,0.0,0.0,0.6085638020833333,0.0,0,Subject6Activity11Trial2
1.453075,1.065068072941819,0.7401481973758663,0.999992776776802,0.0,0.0,0.6190553385416666,0.0,0,Subject6Activity11Trial2
1.4521,1.0682462262980383,0.7379953982146894,0.9999864298159277,1.75,0.39166666666666666,0.6322936197916667,0.0,0,Subject6Activity11Trial2
1.4512,1.0682462262980383,0.8118766328718365,0.9999950604472042,1.875,0.39166666666666666,0.6417662760416667,0.0,0,Subject6Activity11Trial2
1.449925,1.0679143224060628,0.7965667589594005,0.9999894118156806,1.4583333333333333,0.39166666666666666,0.6226360677083334,0.0,0,Subject6Activity11Trial2
1.4500499999999998,1.0677101666650926,0.7514938081367717,0.9999938084895145,0.0,0.0,0.6012194010416667,0.0,0,Subject6Activity11Trial2
1.4514749999999998,1.0677101666650926,0.6154515066253055,0.9999941697668303,0.0,0.0,0.5737024739583333,0.0,0,Subject6Activity11Trial2
1.451825,1.064865249691246,0.8311900348136767,0.999993300320028,0.0,0.0,0.58384375,0.0,0,Subject6Activity11Trial2
1.452175,1.0649586846446204,0.8311900348136767,0.9999867433367422,0.0,0.0,0.59866796875,0.0,0,Subject6Activity11Trial2
1.45215,1.0685920643538394,1.1766903142042011,0.9999896986826682,0.0,0.0,0.5976197916666667,0.0,0,Subject6Activity11Trial3
1.4527999999999999,1.0685920643538394,0.7923066239051089,0.9999892618168094,0.0,0.0,0.6087591145833333,0.0,0,Subject6Activity11Trial3
1.4523,1.0649718306133735,0.6444680788903696,0.9999972066769349,0.0,0.0,0.5940540364583333,0.0,0,Subject6Activity11Trial3
1.451925,1.0643688270519764,0.7145021453265912,0.9999934813776412,0.0,0.0,0.5866373697916666,0.0,0,Subject6Activity11Trial3
1.4501,1.0649718306133735,1.3084797577094704,0.9999901836401924,0.0,0.0,0.5977942708333334,0.0,0,Subject6Activity11Trial3
1.44955,1.0652671026554794,1.271837575496093,0.9999977647704812,0.0,0.0,0.614453125,0.0,0,Subject6Activity11Trial3
1.4509500000000002,1.0652671026554794,1.09754858528121,0.9999934733281979,0.0,0.0,0.6054231770833334,0.0,0,Subject6Activity11Trial3
1.4527249999999998,1.063604249709449,0.7178215271991135,0.9999967074507847,0.0,0.0,0.587205078125,0.0,0,Subject6Activity11Trial3
1.452825,1.0635125763243234,0.5944940150195137,0.9999964317286217,0.0,0.0,0.586703125,0.0,0,Subject6Activity11Trial3
1.453075,1.0635125763243234,0.6443657007770902,0.9999958177105013,0.496,0.37604166666666666,0.88832421875,0.0,0,Subject6Activity11Trial3
1.45245,1.0640291349394526,0.6020125787456578,0.9999906489656066,0.528,0.37604166666666666,0.9833639322916665,0.0,0,Subject6Activity11Trial3
1.4509750000000001,1.0652868158388142,0.8584911433588935,0.9999870361060212,1.0,0.38645833333333335,0.91554296875,0.0,0,Subject6Activity11Trial3
1.453375,1.0652868158388142,1.3299174361842567,0.9999907070808256,1.6857142857142857,0.4166666666666667,1.4051197916666667,0.0,0,Subject6Activity11Trial3
1.455525,1.0663873592649156,1.432952754453808,0.9999911285853996,1.0547945205479452,0.41354166666666664,1.5119453125,0.11249999999999999,0,Subject6Activity11Trial3
1.454175,1.0735012808562456,1.6550372921744767,0.9999218371016064,0.6527777777777778,0.51875,1.288990234375,0.0,0,Subject6Activity11Trial3
1.4548,1.082254129121252,1.7463514098774269,0.9999586496812141,0.536,0.37604166666666666,1.0396575520833333,0.018750000000000044,0,Subject6Activity11Trial3
1.45735,1.082254129121252,1.7463514098774269,0.9999891621800272,0.3235294117647059,0.31875,0.7636230468749999,0.0,0,Subject6Activity11Trial3
1.4582000000000002,1.0666456768768156,1.0602749136450917,0.9999961130632664,2.6,0.390625,0.6745319010416667,0.0,0,Subject6Activity11Trial3
1.457375,1.067725151900057,1.1811429197562155,0.9999863199220657,2.5,0.39166666666666666,0.6529511718750001,0.0,0,Subject6Activity11Trial3
1.45695,1.067725151900057,1.0494146613632935,0.9999957636409537,0.0,0.0,0.6087819010416667,0.0,0,Subject6Activity11Trial3
1.457,1.0649046905709447,0.9548174364489306,0.9999906448880206,0.0,0.0,0.6230201822916667,0.0,0,Subject6Activity11Trial3
1.455625,1.0649046905709447,0.9548174364489306,0.9999961111236286,1.9090909090909092,0.39375,0.6390787760416667,0.0,0,Subject6Activity11Trial3
1.4558,1.065925419529903,0.6931046910214427,0.9999951701250203,2.4545454545454546,0.3958333333333333,0.6348795572916666,0.0,0,Subject6Activity11Trial3
1.455425,1.065925419529903,0.9637210658899917,0.9999901261043421,0.0,0.0,0.6231080729166667,0.0,0,Subject6Activity11Trial3
1.45545,1.0639666348152088,0.7897335511694017,0.9999960628259996,1.7272727272727273,0.3958333333333333,0.6312382812499999,0.0,0,Subject6Activity11Trial3
1.4551500000000002,1.0638571332655526,0.674227036429258,0.9999962527235171,0.0,0.0,0.6244654947916667,0.0,0,Subject6Activity11Trial3
1.454475,1.0636211731627008,0.6261630142554928,0.9999985433898956,0.0,0.0,0.642158203125,0.0,0,Subject6Activity11Trial3
1.455425,1.0640723659601352,0.6995265557913442,0.999992936514589,0.0,0.0,0.6008365885416667,0.0,0,Subject6Activity11Trial3
1.454975,1.0640723659601352,0.7531894347104036,0.9999974632765826,0.0,0.0,0.58077734375,0.0,0,Subject6Activity11Trial3
1.454975,1.066461907430359,0.7073387447264423,0.9999915195100926,0.0,0.0,0.5728424479166667,0.0,0,Subject6Activity11Trial3
1.4559,1.066461907430359,0.5222694835345685,0.9999925551283626,0.0,0.0,0.57891015625,0.0,0,Subject6Activity11Trial3
1.455425,1.0641809056734668,0.6797958280813248,0.9999954989632592,0.0,0.0,0.5916666666666667,0.0,0,Subject6Activity11Trial3
1.4556250000000002,1.0640723659601352,0.7708882381702438,0.999993400160896,0.0,0.0,0.591951171875,0.0,0,Subject6Activity11Trial3
1.455975,1.065414942639721,0.7708882381702438,0.9999891105633745,0.0,0.0,0.5912753906250001,0.0,0,Subject6Activity11Trial3
1.4562000000000002,1.065414942639721,0.8215636391340446,0.9999956710549582,0.0,0.0,0.578818359375,0.0,0,Subject6Activity11Trial3
1.45625,1.0637316390894838,0.6656356588202819,0.9999949501496563,0.0,0.0,0.5935026041666667,0.0,0,Subject6Activity11Trial3
1.4552749999999999,1.0637316390894838,0.6932006525338714,0.9999962677656117,0.0,0.0,0.601767578125,0.0,0,Subject6Activity11Trial3
1.455625,1.06324127083179,0.735841521445991,0.9999980127183468,0.0,0.0,0.5855546875,0.0,0,Subject6Activity11Trial3
1.4561499999999998,1.0638571332655526,0.6497853249935943,0.9999957097715828,0.0,0.0,0.5827102864583333,0.0,0,Subject6Activity11Trial3
1.455875,1.0645623513914062,0.6071444560814747,0.9999917346517501,0.0,0.0,0.5934082031249999,0.0,0,Subject6Activity11Trial3
1.4556,1.0654980056292924,0.5399572630612752,0.9999903151084812,0.0,0.0,0.5825572916666667,0.0,0,Subject6Activity11Trial3
1.45495,1.0654980056292924,0.8371938945671289,0.9999897574652238,0.0,0.0,0.5912779947916667,0.0,0,Subject6Activity11Trial3
1.454075,1.0641809056734668,0.8371938945671289,0.9999980223620384,0.0,0.0,0.6070338541666667,0.0,0,Subject6Activity11Trial3
1.2445,3.186943676941907,98.57621750376518,0.5303230450483729,1.4896551724137932,0.6979166666666666,5.350621744791667,0.22916666666666663,1,Subject6Activity1Trial1
1.271175,3.186943676941907,96.13449390080388,0.9369258391035781,1.475177304964539,0.70625,5.053802083333332,0.16041666666666665,1,Subject6Activity1Trial1
1.231325,1.700950616567101,46.72098601585802,0.9999224859502708,2.8870967741935485,0.8708333333333333,2.101704427083333,0.07604166666666667,0,Subject6Activity1Trial1
1.2622499999999999,1.0136315898786896,0.8255688043188911,0.9999976820748204,0.0,0.0,0.6610651041666666,0.0,0,Subject6Activity1Trial1
1.25885,0.9780782177310768,0.2655769394928882,0.9999943650538903,0.0,0.0,0.605009765625,0.0,0,Subject6Activity1Trial1
1.2588750000000002,0.9780782177310768,0.1556617821500197,0.9999985235561567,0.0,0.0,0.5873567708333334,0.0,0,Subject6Activity1Trial1
1.1550749999999999,3.085902137139154,100.88984549447541,0.6045030123587035,1.5625,0.7,5.228502604166667,0.29374999999999996,1,Subject6Activity1Trial2
1.221925,3.085902137139154,100.88984549447541,0.9450510522935001,1.5126353790613718,0.7114583333333333,5.838266276041666,0.078125,1,Subject6Activity1Trial2
1.2696999999999998,2.586923269059212,80.35949221453494,0.9998163962389377,2.0392156862745097,0.946875,1.3560963541666666,0.0,0,Subject6Activity1Trial2
1.2569000000000001,1.0179759329178661,3.086773907061769,0.9999573271183911,2.689655172413793,0.3885416666666667,0.925033203125,0.0,0,Subject6Activity1Trial2
1.25335,0.9830106815289446,0.5620465307217728,0.9999949799710938,3.04,0.390625,0.7287981770833334,0.0,0,Subject6Activity1Trial2
1.254375,0.9772011051979015,0.35830486070318557,0.9999939749135807,0.0,0.0,0.6313795572916667,0.0,0,Subject6Activity1Trial2
1.1916499999999999,3.4367295500228123,92.01855200972598,0.5257233693390118,1.6701030927835052,0.696875,5.391227213541666,0.36458333333333337,1,Subject6Activity1Trial3
1.2096,3.4367295500228123,84.76537898224363,0.9919618425547113,1.6934306569343065,0.7145833333333333,5.7149446614583335,0.06770833333333326,0,Subject6Activity1Trial3
1.18035,1.2882775322111302,37.2705914925221,0.9999486505021457,1.6666666666666667,0.921875,1.2327083333333333,0.0,0,Subject6Activity1Trial3
1.203325,0.9945375809892756,0.7260323701806328,0.9999810242426499,1.4074074074074074,0.3927083333333333,0.6759401041666666,0.0,0,Subject6Activity1Trial3
1.20335,0.9870937138894158,0.3431060469771694,0.9999959698179098,1.962962962962963,0.3927083333333333,0.6344029947916667,0.0,0,Subject6Activity1Trial3
1.2027999999999999,0.98116257572331,0.24250060258921735,0.9999979529000176,1.8181818181818181,0.39375,0.6202942708333332,0.0,0,Subject6Activity1Trial3
1.2446750000000002,2.5288212669146866,105.007151162825,0.6904743137285883,1.5326460481099657,0.696875,6.3810169270833335,0.33333333333333337,1,Subject6Activity2Trial1
1.31705,2.5288212669146866,105.007151162825,0.9994552093683784,1.3069620253164558,0.6708333333333333,5.1051328125,0.06666666666666676,1,Subject6Activity2Trial1
1.2750500000000002,1.2970427903504187,10.184356311330077,0.9999674459308884,1.9607843137254901,0.8989583333333333,1.1751289062499999,0.0,0,Subject6Activity2Trial1
1.275075,0.9922086474124281,0.8577370581072614,0.9999904963174908,0.0,0.0,0.7613125000000001,0.0,0,Subject6Activity2Trial1
1.27615,0.9872593377628798,1.2498997483659195,0.9999848522488548,0.0,0.0,0.7145227864583333,0.0,0,Subject6Activity2Trial1
1.2812999999999999,0.9872593377628798,1.182054410808945,0.9999851428125691,0.0,0.0,0.6674830729166666,0.0,0,Subject6Activity2Trial1
1.17685,2.118884140296491,112.34640840042783,0.6878554621591245,1.556701030927835,0.696875,6.174318359375,0.27604166666666663,1,Subject6Activity2Trial2
1.2367750000000002,2.118884140296491,116.13067883010126,0.9978367419428095,1.5017667844522968,0.7052083333333333,5.360500651041666,0.09791666666666665,1,Subject6Activity2Trial2
1.2977,1.4657670346954867,16.75277905439779,0.9998170101737415,1.0484848484848486,0.4864583333333333,2.18862109375,0.0,0,Subject6Activity2Trial2
1.320525,1.0003409418793174,0.8102737154668773,0.9999939301409968,0.8159509202453987,0.49270833333333336,2.4420787760416665,0.029166666666666674,0,Subject6Activity2Trial2
1.3259750000000001,0.9907512301279267,0.7586925831735982,0.9999789495546686,2.7263157894736842,0.4114583333333333,3.0161503906249996,0.016666666666666663,0,Subject6Activity2Trial2
1.32945,0.9856779392884878,1.0021432197302715,0.9999845692915126,1.0169491525423728,0.5177083333333333,3.5124277343749997,0.07187499999999997,0,Subject6Activity2Trial2
1.2134250000000002,2.7430758283357752,129.67737836704043,0.6652342435969226,1.686206896551724,0.6979166666666666,6.166034505208334,0.24791666666666667,0,Subject6Activity2Trial3
1.3091249999999999,2.7430758283357752,129.67737836704043,0.9996183661532775,1.7276422764227641,0.74375,4.834743489583333,0.05312499999999998,0,Subject6Activity2Trial3
1.29945,1.2204790043257607,11.084298942828639,0.9999930594574049,1.1395348837209303,0.8802083333333334,1.0016901041666668,0.0,0,Subject6Activity2Trial3
1.3093,0.9814504572315406,0.9611458869459568,0.9999954484560974,0.0,0.0,0.6348196614583334,0.0,0,Subject6Activity2Trial3
1.3101499999999997,0.978301078400714,1.1231898036741654,0.9999921794845258,0.0,0.0,0.6313593750000001,0.0,0,Subject6Activity2Trial3
1.3083000000000002,0.978301078400714,1.1130350914017697,0.9999984111190755,0.0,0.0,0.61898046875,0.0,0,Subject6Activity2Trial3
1.3996749999999998,2.803405964180001,76.3192061266725,0.868475246462263,1.6313993174061434,0.6947916666666667,5.816413411458333,0.37187499999999996,1,Subject6Activity3Trial1
1.522025,2.803405964180001,65.42976811598477,0.992112847131595,2.0930232558139537,0.8208333333333333,4.221591145833333,0.08958333333333335,1,Subject6Activity3Trial1
1.249675,1.3697598329634288,12.818500350883536,0.9999700652364495,0.9122807017543859,0.940625,0.9245638020833334,0.0,0,Subject6Activity3Trial1
1.247125,1.0766029908931147,0.9402429008504631,0.9999947038912391,3.2083333333333335,0.39375,0.706904296875,0.0,0,Subject6Activity3Trial1
1.246625,1.0604720646957184,0.3497074224931467,0.9999932519781763,2.0,0.39479166666666665,0.6643704427083333,0.0,0,Subject6Activity3Trial1
1.245775,1.0604720646957184,0.39714674228120117,0.9999949999089107,0.0,0.0,0.591345703125,0.0,0,Subject6Activity3Trial1
1.4029,4.242530730589939,140.6027580724115,0.4179104105854142,1.3571428571428572,0.69375,4.9870091145833335,0.13020833333333337,0,Subject6Activity3Trial2
1.4706,4.242530730589939,140.65100326854815,0.9974098303210144,1.4921875,0.7333333333333333,3.9734316406250003,0.09687500000000004,0,Subject6Activity3Trial2
1.231325,1.2649747033043783,9.93144624265818,0.9998364542987032,1.4130434782608696,0.9041666666666667,1.1208131510416668,0.0,0,Subject6Activity3Trial2
1.230475,1.0981060968777105,2.8620576302864986,0.999992294443719,0.36363636363636365,0.871875,0.8102923177083333,0.0,0,Subject6Activity3Trial2
1.2333,1.0579097314988648,1.125286631957346,0.9999945850965414,0.0,0.0,0.7103951822916666,0.0,0,Subject6Activity3Trial2
1.232025,1.0579097314988648,0.7572985473539626,0.9999962197588442,0.0,0.0,0.639939453125,0.0,0,Subject6Activity3Trial2
1.335025,3.314728495668989,98.8128543648081,0.8424904392460126,1.5641891891891893,0.6916666666666667,5.458483072916666,0.334375,0,Subject6Activity3Trial3
1.447625,3.314728495668989,98.8128543648081,0.9912431226820361,2.032110091743119,0.7729166666666667,4.363852213541667,0.06354166666666672,0,Subject6Activity3Trial3
1.2872499999999998,1.2428813298139127,13.755685167057951,0.9999273644153195,1.0707070707070707,0.896875,1.151551432291667,0.0,0,Subject6Activity3Trial3
1.260575,1.0890628999281904,1.046409784350061,0.9999838383431118,0.0,0.0,0.6701783854166667,0.0,0,Subject6Activity3Trial3
1.26035,1.0603211777570039,0.738449690293038,0.999994399278942,0.0,0.0,0.579873046875,0.0,0,Subject6Activity3Trial3
1.2597999999999998,1.060673842422825,0.6447417381785758,0.9999923815630142,0.0,0.0,0.5774661458333333,0.0,0,Subject6Activity3Trial3
1.2024750000000002,3.836994396659969,109.42689847036428,0.5446645720165755,1.6597938144329898,0.696875,5.37437890625,0.3145833333333333,0,Subject6Activity4Trial1
1.150225,3.836994396659969,109.42689847036428,0.9986294111592299,1.7936507936507937,0.7375,4.687076171875,0.03020833333333328,0,Subject6Activity4Trial1
1.07745,1.1235145748943358,13.295325008026524,0.9999923059243839,1.0,0.93125,1.045263671875,0.0,0,Subject6Activity4Trial1
1.0529,0.9635730382280318,1.404258824855404,0.999999155376599,0.0,0.0,0.6160794270833333,0.0,0,Subject6Activity4Trial1
1.0487750000000002,0.9618944848578767,1.195963984542061,0.9999980281278266,0.0,0.0,0.5971002604166668,0.0,0,Subject6Activity4Trial1
1.046275,0.95927889583791,0.651310508068903,0.9999961509343104,0.0,0.0,0.61123046875,0.0,0,Subject6Activity4Trial1
1.34015,4.980623856506331,38.77040180997805,0.45416280432702444,1.7380952380952381,0.69375,5.470027994791667,0.24687499999999996,0,Subject6Activity4Trial2
1.35985,4.980623856506331,38.77040180997805,0.9974604642157621,2.0,0.7552083333333334,4.517499348958333,0.08333333333333326,0,Subject6Activity4Trial2
1.20665,1.265986571808722,8.56479449330942,0.9997831680934389,1.3870967741935485,0.9354166666666667,1.0569427083333334,0.0,0,Subject6Activity4Trial2
1.18745,0.9923285746162911,2.945085076119824,0.9999945492355974,0.0,0.0,0.7478151041666667,0.0,0,Subject6Activity4Trial2
1.1809249999999998,0.9700752548127387,1.2443343836531255,0.999987542509845,0.0,0.0,0.6278600260416667,0.0,0,Subject6Activity4Trial2
1.168875,0.9698396774725191,1.7707163011300224,0.9999881821534324,0.0,0.0,0.6366725260416667,0.0,0,Subject6Activity4Trial2
1.4233999999999998,4.609296909508,90.94183071328582,0.36885743656520614,1.6542372881355931,0.6927083333333334,5.59004296875,0.31770833333333337,0,Subject6Activity4Trial3
1.5453249999999998,4.609296909508,90.94183071328582,0.9971856784273219,1.9,0.75,4.923942057291667,0.04062500000000002,0,Subject6Activity4Trial3
1.388375,1.3581723012931755,20.942951659590342,0.9999833520485572,1.5104166666666667,0.9,1.4987727864583333,0.0,0,Subject6Activity4Trial3
1.3661749999999997,0.989986868599781,2.9043623700975516,0.9999948747096339,0.0,0.0,0.7618671874999999,0.0,0,Subject6Activity4Trial3
1.369725,0.9854846523411717,2.250144548415534,0.9999685122113932,1.032258064516129,0.940625,0.7556438802083333,0.0,0,Subject6Activity4Trial3
1.376725,0.9854846523411717,1.0683265853641188,0.9999980108436851,0.0,0.0,0.6850657552083333,0.0,0,Subject6Activity4Trial3
1.362925,2.9614038900494477,103.43423849630932,0.7461471779262837,1.0055096418732783,0.621875,5.334322916666667,0.38125,1,Subject6Activity5Trial1
1.4583499999999998,2.9614038900494477,105.09841733441938,0.9976708894012497,1.7571428571428571,0.78125,4.247285807291666,0.05208333333333326,0,Subject6Activity5Trial1
1.2821500000000001,1.3192425857286445,17.404200440210204,0.9999550053276687,2.0425531914893615,0.3958333333333333,2.264910807291666,0.034375000000000044,0,Subject6Activity5Trial1
1.2711,1.0792830953924926,1.3460172189521984,0.9999879005480364,1.0923076923076922,0.44895833333333335,2.0821966145833333,0.15104166666666669,0,Subject6Activity5Trial1
1.26635,1.061584193552259,0.7075648165935746,0.9999960791389455,0.6,0.47708333333333336,1.693328125,0.014583333333333337,0,Subject6Activity5Trial1
1.2639,1.0599650937648843,1.0779005178676027,0.9999923153113855,0.3629032258064516,0.375,0.9134179687500001,0.0,0,Subject6Activity5Trial1
1.3631250000000001,2.8397630182816314,82.19810566840835,0.8154199722469003,1.7591240875912408,0.7145833333333333,5.231380208333333,0.30625,1,Subject6Activity5Trial2
1.3382,2.0223931368554435,55.83878896636869,0.9989143420748514,1.9946524064171123,0.8052083333333333,2.6004759114583336,0.09791666666666665,0,Subject6Activity5Trial2
1.303825,1.190432274428075,2.746790512902093,0.9999885476886666,0.0,0.0,0.7431673177083333,0.0,0,Subject6Activity5Trial2
1.3028,1.0764631902670894,2.1154281774397425,0.9999867658918649,0.0,0.0,0.6885091145833332,0.0,0,Subject6Activity5Trial2
1.3055999999999999,1.0705339789095907,3.3532314673418213,0.9999935273545475,0.0,0.0,0.6996256510416667,0.0,0,Subject6Activity5Trial2
1.30495,1.0705339789095907,2.8407097595714514,0.9999952357103825,0.0,0.0,0.6620143229166667,0.0,0,Subject6Activity5Trial2
1.377225,3.406568654819685,88.27019441733847,0.6385637266756535,1.3003412969283277,0.6947916666666667,6.377602864583333,0.26250000000000007,1,Subject6Activity5Trial3
1.480525,3.406568654819685,88.27019441733847,0.9786269709850581,1.1876923076923076,0.6614583333333334,9.26348046875,0.0,1,Subject6Activity5Trial3
1.3737249999999999,1.3724412555734398,33.66548675889578,0.9998268004779831,2.71,0.4041666666666667,5.75483984375,0.006249999999999978,0,Subject6Activity5Trial3
1.3493249999999999,1.1158866429884353,1.9456626704774536,0.9999862514766297,1.2777777777777777,0.39166666666666666,1.7321927083333333,0.009374999999999967,0,Subject6Activity5Trial3
1.3446500000000001,1.0665326999206355,0.5389612852731531,0.9999963530940849,1.1571428571428573,0.4125,0.9341022135416667,0.0,0,Subject6Activity5Trial3
1.345125,1.0651511629811048,0.6724896135258955,0.999988204074464,1.1296296296296295,0.4270833333333333,0.791466796875,0.0,0,Subject6Activity5Trial3
1.4459,1.2800179686238784,12.614616899255507,0.9998407748094136,2.065934065934066,0.9052083333333333,1.645,0.0,0,Subject7Activity11Trial1
1.436175,1.0988958094378194,10.785795574866821,0.9999861649649917,1.510204081632653,0.9489583333333333,0.9431946614583333,0.0,0,Subject7Activity11Trial1
1.413475,1.0628838130294391,1.5022555962519313,0.9999966256006602,0.0,0.0,0.6630358072916667,0.0,0,Subject7Activity11Trial1
1.407,1.0609792646418683,0.7421982014783381,0.9999922848783674,0.0,0.0,0.6045807291666667,0.0,0,Subject7Activity11Trial1
1.40415,1.0609858622997763,0.7773714732673795,0.9999959429988754,0.0,0.0,0.6133216145833333,0.0,0,Subject7Activity11Trial1
1.40425,1.062520117456606,0.7801448779006783,0.9999870956332073,0.0,0.0,0.6440983072916666,0.0,0,Subject7Activity11Trial1
1.4037250000000001,1.062520117456606,0.9019471938088799,0.9999947963089599,0.0,0.0,0.6972708333333333,0.0,0,Subject7Activity11Trial1
1.4023999999999996,1.0614344068287969,1.251739149697407,0.9999875657935167,0.0,0.0,0.73928515625,0.0,0,Subject7Activity11Trial1
1.40475,1.0660961495099772,1.251739149697407,0.9999883590184451,0.6292134831460674,0.396875,1.1170514322916667,0.0,0,Subject7Activity11Trial1
1.4004249999999998,1.0660961495099772,1.2375596026915634,0.9999726531223214,1.0689655172413792,0.39895833333333336,1.7715266927083335,0.5260416666666667,0,Subject7Activity11Trial1
1.39805,1.0659404298552522,1.2375596026915634,0.9999884015173128,1.1666666666666667,0.39375,2.0921497395833333,0.0,0,Subject7Activity11Trial1
1.3996749999999998,1.090552612210892,4.433967295663683,0.9995441535309214,1.1986301369863013,0.46041666666666664,2.5334895833333335,0.0,0,Subject7Activity11Trial1
1.406175,1.090552612210892,4.433967295663683,0.9998971848635196,1.2142857142857142,0.5166666666666667,2.796779296875,0.009375000000000022,0,Subject7Activity11Trial1
1.410075,1.1101734098779343,3.3195000561429637,0.9992694377241514,0.9925373134328358,0.47291666666666665,2.1882265625,0.002083333333333326,0,Subject7Activity11Trial1
1.407075,1.1101734098779343,4.060506866954949,0.9998149485946046,0.6494845360824743,0.40520833333333334,1.7591243489583335,0.0031249999999999334,0,Subject7Activity11Trial1
1.4019249999999999,1.1028200215810375,4.060506866954949,0.9999917939119961,0.8431372549019608,0.48125,1.7262513020833332,0.0,0,Subject7Activity11Trial1
1.3947749999999999,1.0670379562133672,1.10782153967763,0.9999789384376521,0.7807017543859649,0.44166666666666665,1.2922408854166667,0.0,0,Subject7Activity11Trial1
1.39635,1.0670379562133672,0.6998254547882006,0.9999926415531208,1.013157894736842,0.4041666666666667,1.1193313802083333,0.0,0,Subject7Activity11Trial1
1.39715,1.0654388767076224,0.666069693660905,0.9999829728663728,1.0256410256410255,0.4041666666666667,1.2017552083333334,0.0,0,Subject7Activity11Trial1
1.398825,1.0654388767076224,0.8870281863671785,0.9999844327151288,1.3666666666666667,0.3958333333333333,1.3405,0.0,0,Subject7Activity11Trial1
1.3993749999999998,1.0631246399176344,0.9172217956619075,0.9999978068012365,1.651685393258427,0.396875,1.4241725260416667,0.052083333333333315,0,Subject7Activity11Trial1
1.398425,1.059181759661674,0.8891699221346041,0.9999863474222505,0.9318181818181818,0.3958333333333333,1.1129752604166665,0.021875000000000033,0,Subject7Activity11Trial1
1.40095,1.064378222249967,0.6791121678707732,0.9999962573663682,1.1159420289855073,0.41354166666666664,0.8855305989583332,0.0,0,Subject7Activity11Trial1
1.3984,1.0748288235807597,0.772962894678999,0.9999171958168159,1.0724637681159421,0.415625,1.0174446614583332,0.0,0,Subject7Activity11Trial1
1.3995000000000002,1.0748288235807597,2.7319013385868693,0.9999385172141289,0.5056179775280899,0.39479166666666665,1.1974414062499998,0.5375000000000001,0,Subject7Activity11Trial1
1.399025,1.0846354226190476,3.3726866263257094,0.9996444616281343,0.7386363636363636,0.39375,1.1348639322916667,0.0,0,Subject7Activity11Trial1
1.4015499999999999,1.0846354226190476,2.9930478149471877,0.9999606074143628,0.3793103448275862,0.39479166666666665,0.9654537760416666,0.0,0,Subject7Activity11Trial1
1.400975,1.0742378693753074,2.0983060480651883,0.9999951527556994,0.5072463768115942,0.41354166666666664,0.8201868489583333,0.0,0,Subject7Activity11Trial1
1.3998750000000002,1.0624476457689573,0.8999783405261859,0.9999917905119621,0.37681159420289856,0.41354166666666664,0.7349459635416666,0.0,0,Subject7Activity11Trial1
1.3989999999999998,1.0614353489497135,0.9658785089998574,0.9999965262261191,0.45454545454545453,0.39375,0.847810546875,0.0,0,Subject7Activity11Trial1
1.3986999999999998,1.0613265284538966,0.9954920487769368,0.9999948919518504,0.4659090909090909,0.39375,0.9455631510416665,0.0,0,Subject7Activity11Trial1
1.3991250000000002,1.061096602576787,0.8428932848691169,0.9999933923098027,0.5,0.3875,0.9226223958333334,0.0,0,Subject7Activity11Trial1
1.3978,1.0635976682937962,0.6558166540542487,0.9999788997640869,0.4772727272727273,0.3958333333333333,0.929271484375,0.0,0,Subject7Activity11Trial1
1.39885,1.0635976682937962,0.6321794636378613,0.9999983796229881,0.5057471264367817,0.39479166666666665,0.9136276041666667,0.0,0,Subject7Activity11Trial1
1.3956,1.0629270906322785,0.5849004271841736,0.9999966375812015,0.344,0.37604166666666666,0.921619140625,0.0,0,Subject7Activity11Trial1
1.397775,1.0629270906322785,0.9565551589190182,0.9999954323066146,0.52,0.37604166666666666,1.0532395833333335,0.0,0,Subject7Activity11Trial1
1.399,1.0630188145089436,1.3927960853156502,0.9999877369855729,0.782258064516129,0.375,1.2428645833333332,0.0,0,Subject7Activity11Trial1
1.39995,1.0630188145089436,1.422169902880567,0.9999922883591911,1.4329896907216495,0.403125,1.8141569010416667,0.08854166666666663,0,Subject7Activity11Trial1
1.3993499999999999,1.062173714606043,1.1361470169881436,0.9999948346093092,1.3505154639175259,0.4010416666666667,3.1604244791666667,0.14062500000000006,0,Subject7Activity11Trial1
1.39895,1.062173714606043,0.6213274214657183,0.9999983599886202,1.3333333333333333,0.4,3.0472688802083336,0.016666666666666607,0,Subject7Activity11Trial1
1.397975,1.0595197025067535,0.9018094231786407,0.9999937967544187,1.8217821782178218,0.40520833333333334,2.185864583333333,0.0,0,Subject7Activity11Trial1
1.3963,1.06253423474258,0.732061154634831,0.9999871685937322,0.8118811881188119,0.40520833333333334,1.4020084635416667,0.0,0,Subject7Activity11Trial1
1.3960249999999998,1.06253423474258,0.5876403064852695,0.9999967492633146,0.7023809523809523,0.4166666666666667,0.9556796875,0.0,0,Subject7Activity11Trial1
1.395575,1.0603626738055238,0.5673219640988201,0.9999948509783481,0.759493670886076,0.384375,0.8561770833333334,0.0,0,Subject7Activity11Trial1
1.3959,1.0601179179695057,0.6129707831219502,0.9999922634678973,1.0338983050847457,0.3614583333333333,0.74921875,0.0,0,Subject7Activity11Trial1
1.392525,1.0613241729085416,1.4651963719148675,0.9999926715417026,0.6938775510204082,0.4041666666666667,0.8461393229166667,0.0,0,Subject7Activity11Trial1
1.393275,1.0613241729085416,1.4651963719148675,0.9999953035519814,0.544,0.37604166666666666,0.9564173177083335,0.0,0,Subject7Activity11Trial1
1.394225,1.0595197025067535,0.9274915923419904,0.9999917771566142,0.5396825396825397,0.3770833333333333,1.7921809895833334,0.001041666666666663,0,Subject7Activity11Trial1
1.39485,1.0605234556576295,0.6035960076436648,0.9999945661049204,0.392,0.37604166666666666,3.4588502604166664,0.0,0,Subject7Activity11Trial1
1.3939249999999999,1.0605234556576295,0.6489779148444104,0.9999986417074034,0.9675324675324676,0.5104166666666666,2.58548828125,0.003124999999999989,0,Subject7Activity11Trial1
1.3934250000000001,1.0674141651673918,2.168331871783229,0.9999632876061457,1.1455696202531647,0.50625,2.3196796875000003,0.007291666666666696,0,Subject7Activity11Trial1
1.392425,1.0674141651673918,2.168331871783229,0.9999916007402,0.722972972972973,0.49375,2.5676432291666664,0.003124999999999989,0,Subject7Activity11Trial1
1.3922,1.0641329804117527,1.0523044608029455,0.9999877887502286,1.1379310344827587,0.4197916666666667,2.4008860677083335,0.0,0,Subject7Activity11Trial1
1.392325,1.0617975324891276,0.6213562342916248,0.9999961086101534,2.2111111111111112,0.4125,1.7711132812500001,0.014583333333333337,0,Subject7Activity11Trial1
1.392175,1.061104141920104,0.917360358049855,0.9999986562449417,1.2195121951219512,0.40208333333333335,1.1356881510416668,0.01874999999999999,0,Subject7Activity11Trial1
1.36945,1.0614697357908984,0.6810538954018011,0.9999878166552154,0.0,0.0,0.723046875,0.0,0,Subject7Activity11Trial2
1.3682750000000001,1.0614697357908984,0.7212721713619192,0.9999952175896468,0.0,0.0,0.7435286458333333,0.0,0,Subject7Activity11Trial2
1.369225,1.059262951301517,0.6895293514411378,0.9999949982170713,0.0,0.0,0.7382734375,0.0,0,Subject7Activity11Trial2
1.3695,1.058611354558414,0.7043442293810944,0.9999968644524848,0.0,0.0,0.7330403645833333,0.0,0,Subject7Activity11Trial2
1.36835,1.0588545698064489,0.7797366667340384,0.9999966400781023,0.0,0.0,0.7248639322916667,0.0,0,Subject7Activity11Trial2
1.3696,1.0603447552565155,0.9525757701085897,0.9999953840610976,0.0,0.0,0.7226920572916666,0.0,0,Subject7Activity11Trial2
1.3687,1.0603447552565155,1.0100195073752527,0.9999922125356324,0.0,0.0,0.7224544270833333,0.0,0,Subject7Activity11Trial2
1.3692499999999999,1.0597499705119129,0.845766729057484,0.99999254336496,0.0,0.0,0.7310026041666665,0.0,0,Subject7Activity11Trial2
1.36835,1.0597499705119129,0.7533708872810578,0.9999967880457612,0.0,0.0,0.7296634114583334,0.0,0,Subject7Activity11Trial2
1.3686,1.0599509422610087,0.8116329248439662,0.9999940658567379,0.0,0.0,0.7099309895833333,0.0,0,Subject7Activity11Trial2
1.3706999999999998,1.0726718976462468,1.057066480223268,0.9998678666958258,1.4042553191489362,0.9510416666666667,0.8423671875000001,0.0,0,Subject7Activity11Trial2
1.376125,1.0780630779318991,1.7871223506942506,0.9999160729327514,1.5333333333333334,0.953125,0.9490611979166665,0.0,0,Subject7Activity11Trial2
1.3733,1.0780630779318991,1.7871223506942506,0.9999897099787901,1.5217391304347827,0.9520833333333333,0.8702682291666667,0.0,0,Subject7Activity11Trial2
1.36975,1.064682581805488,1.027623970658336,0.9999957936859918,0.0,0.0,0.7481627604166666,0.0,0,Subject7Activity11Trial2
1.36965,1.0578303266592426,0.8956158913568917,0.999997883907552,0.0,0.0,0.7451914062499999,0.0,0,Subject7Activity11Trial2
1.3679999999999999,1.0594460816860856,1.4901939861853393,0.9999924024807625,1.2075471698113207,0.9447916666666667,0.802638671875,0.0,0,Subject7Activity11Trial2
1.368575,1.0669517327414582,2.2284300980479,0.9999829446553654,1.1176470588235294,0.9125,0.852482421875,0.0,0,Subject7Activity11Trial2
1.3673,1.0669517327414582,1.7806429856922694,0.9999951536457932,0.96,0.9479166666666666,0.8055963541666668,0.0,0,Subject7Activity11Trial2
1.3663750000000001,1.058975920406125,0.7626602273495404,0.9999950344987789,0.0,0.0,0.7233066406249999,0.0,0,Subject7Activity11Trial2
1.366525,1.058975920406125,0.7214393573006763,0.999997477395618,0.0,0.0,0.7659765625,0.0,0,Subject7Activity11Trial2
1.36605,1.0591978096654089,0.7460729692431549,0.999993798625056,0.8,0.43854166666666666,0.87056640625,0.0,0,Subject7Activity11Trial2
1.36665,1.0612454946900833,0.7460729692431549,0.9999916591538838,0.8676470588235294,0.41458333333333336,1.1046360677083331,0.0,0,Subject7Activity11Trial2
1.3669499999999999,1.0612454946900833,0.6703143448939777,0.9999971177847943,1.2608695652173914,0.38958333333333334,1.6108320312499997,0.0010416666666667185,0,Subject7Activity11Trial2
1.3664,1.0603329665722931,0.6743767782277512,0.999997703024141,1.8391608391608392,0.44479166666666664,2.3431894531250004,0.001041666666666663,0,Subject7Activity11Trial2
1.3672,1.0593611282277635,0.6958612183319843,0.9999947019961372,2.2065217391304346,0.39375,2.1157942708333337,0.017708333333333326,0,Subject7Activity11Trial2
1.3657249999999999,1.0607949849051888,0.7410545749195663,0.9999916371242301,1.0120481927710843,0.4239583333333333,1.9752968750000002,0.014583333333333337,0,Subject7Activity11Trial2
1.366425,1.0607949849051888,0.7969641904859994,0.999993057047828,1.2023809523809523,0.42291666666666666,2.0014765624999997,0.10520833333333329,0,Subject7Activity11Trial2
1.3656000000000001,1.0587025077896055,0.9219467193574928,0.9999981625398408,0.8617886178861789,0.47604166666666664,1.964470703125,0.06145833333333328,0,Subject7Activity11Trial2
1.366675,1.059758934852639,0.9983364658439946,0.9999945897828872,1.4809160305343512,0.478125,2.08094140625,0.010416666666666685,0,Subject7Activity11Trial2
1.365925,1.059758934852639,0.8145347018671281,0.9999939159912475,0.568,0.484375,1.5592415364583332,0.013541666666666674,0,Subject7Activity11Trial2
1.3653,1.0612393697936389,0.711444522842335,0.9999943265462106,0.1746031746031746,0.5,1.080232421875,0.0,0,Subject7Activity11Trial2
1.3653499999999998,1.0612393697936389,0.7973134048603043,0.9999953185827257,1.1666666666666667,0.32916666666666666,0.934990234375,0.0,0,Subject7Activity11Trial2
1.3658249999999998,1.0586595297828287,0.7841006194158311,0.9999907048680498,1.1935483870967742,0.328125,0.8616816406249999,0.0,0,Subject7Activity11Trial2
1.366025,1.058289657891449,0.6281483924878799,0.9999947785448522,0.0,0.0,0.8265338541666667,0.0,0,Subject7Activity11Trial2
1.3650000000000002,1.0587025077896055,0.5678739207888697,0.9999940052626674,0.0,0.0,0.8959342447916667,0.0,0,Subject7Activity11Trial2
1.3667500000000001,1.0602721348785884,0.5430515793623325,0.9999979026342245,0.0,0.0,0.8503463541666667,0.0,0,Subject7Activity11Trial2
1.364725,1.0602721348785884,0.640376162457958,0.9999963788585869,0.0,0.0,0.800498046875,0.0,0,Subject7Activity11Trial2
1.3674,1.0596537170226885,0.8821936318410319,0.9999959268914629,0.0,0.0,0.7977180989583333,0.0,0,Subject7Activity11Trial2
1.3666250000000002,1.0608996182485881,0.7550972989038875,0.9999956562166082,0.0,0.0,0.8187220052083333,0.0,0,Subject7Activity11Trial2
1.365425,1.0608996182485881,0.6171716011074384,0.9999952899969391,0.0,0.0,0.8055768229166667,0.0,0,Subject7Activity11Trial2
1.3657,1.0584602023694607,0.7441962634865558,0.9999985112701931,0.0,0.0,0.8142721354166668,0.0,0,Subject7Activity11Trial2
1.3642499999999997,1.0594286195869922,0.6751037960213715,0.9999963650064843,0.5147058823529411,0.5166666666666667,1.5292395833333332,0.0,0,Subject7Activity11Trial2
1.36575,1.0604008675967782,0.5410481383565191,0.9999947642991127,0.993103448275862,0.5135416666666667,2.1735729166666666,0.03333333333333327,0,Subject7Activity11Trial2
1.3631250000000001,1.0604008675967782,0.661892051111101,0.9999980005602592,1.0222222222222221,0.5052083333333334,1.949423177083333,0.007291666666666696,0,Subject7Activity11Trial2
1.3629000000000002,1.0585593984278823,0.582351831290298,0.9999965019224825,1.3661971830985915,0.43645833333333334,1.4961295572916666,0.0,0,Subject7Activity11Trial2
1.36295,1.0590377708089547,0.49823777011497405,0.9999952691613125,1.3108108108108107,0.43333333333333335,1.2394153645833335,0.0,0,Subject7Activity11Trial2
1.363375,1.0590377708089547,0.6569765513195893,0.9999973260234901,0.64,0.37604166666666666,1.1856074218750001,0.0,0,Subject7Activity11Trial2
1.3635000000000002,1.0590377708089547,0.611686239057585,0.9999962658392672,1.188976377952756,0.378125,1.627916015625,0.12291666666666667,0,Subject7Activity11Trial2
1.36355,1.0584120180723573,0.587395973358527,0.9999947485948005,1.411764705882353,0.4041666666666667,1.4995006510416666,0.046875,0,Subject7Activity11Trial2
1.36335,1.0583194224807555,0.5949639944512288,0.9999956005408724,0.4158415841584158,0.40520833333333334,0.981275390625,0.0,0,Subject7Activity11Trial2
1.36355,1.0599523574198983,0.5137825561058786,0.9999877034629893,1.1538461538461537,0.3385416666666667,0.8730247395833333,0.0,0,Subject7Activity11Trial2
1.3626,1.0603589015045802,1.0665955165668137,0.9999946525773902,0.0,0.0,0.7699075520833333,0.0,0,Subject7Activity11Trial3
1.364875,1.058841347889286,1.3123388964476916,0.9999930606216516,0.0,0.0,0.7507805989583333,0.0,0,Subject7Activity11Trial3
1.36235,1.058841347889286,1.3855246419267715,0.999998814991603,0.0,0.0,0.7872467447916667,0.0,0,Subject7Activity11Trial3
1.357075,1.0633461336742613,1.1561075992055194,0.9999913538390491,0.0,0.0,0.7500878906249999,0.0,0,Subject7Activity11Trial3
1.3597249999999999,1.0633461336742613,1.2268564536558912,0.9999867160493061,0.0,0.0,0.7738658854166667,0.0,0,Subject7Activity11Trial3
1.3622,1.0621478239868496,0.9896444059589893,0.9999939048679186,1.2692307692307692,0.35625,0.9017805989583334,0.0,0,Subject7Activity11Trial3
1.3616249999999999,1.0594885558607983,0.8775272510596857,0.9999909830190653,1.6666666666666667,0.3541666666666667,0.9687682291666668,0.0,0,Subject7Activity11Trial3
1.3628250000000002,1.0593172329382734,0.6798699862360955,0.9999929058098306,1.5192307692307692,0.35625,0.9496692708333333,0.0,0,Subject7Activity11Trial3
1.366175,1.0603400397985543,1.0703154438436204,0.9999926562360328,0.7884615384615384,0.35625,0.8225970052083333,0.0,0,Subject7Activity11Trial3
1.3652250000000001,1.0603400397985543,1.202017894628149,0.9999953220609126,0.0,0.0,0.7569973958333334,0.0,0,Subject7Activity11Trial3
1.3592,1.060344283711663,0.7747719903334147,0.9999943765651318,0.0,0.0,0.7307539062499999,0.0,0,Subject7Activity11Trial3
1.361075,1.0609957587097132,0.6181381753780215,0.9999860613180248,0.0,0.0,0.7277089843749999,0.0,0,Subject7Activity11Trial3
1.359425,1.0609957587097132,0.8042649301579221,0.9999936213357788,0.0,0.0,0.71975390625,0.0,0,Subject7Activity11Trial3
1.3602750000000001,1.059407381511003,0.8883555863510004,0.9999944868766492,0.0,0.0,0.7286373697916666,0.0,0,Subject7Activity11Trial3
1.3617000000000001,1.0607487921275236,0.6875158086236333,0.9999917229595784,0.0,0.0,0.7399394531250001,0.0,0,Subject7Activity11Trial3
1.35915,1.0607487921275236,0.8038606235015759,0.999994458574932,0.5338983050847458,0.5416666666666666,1.18757421875,0.00520833333333337,0,Subject7Activity11Trial3
1.361,1.0580647428205894,0.8038606235015759,0.9999974442569461,0.7222222222222222,0.475,1.3645052083333333,0.03125,0,Subject7Activity11Trial3
1.35955,1.0580047258873657,0.6335536679150628,0.9999966794939459,0.8315789473684211,0.38645833333333335,1.0402154947916666,0.0,0,Subject7Activity11Trial3
1.360475,1.0594314512982894,0.7310433265499423,0.9999935323297127,0.6526315789473685,0.38645833333333335,0.8752434895833334,0.0,0,Subject7Activity11Trial3
1.36005,1.0594314512982894,0.6820125897581732,0.9999959452546179,0.6896551724137931,0.425,0.7786549479166667,0.0,0,Subject7Activity11Trial3
1.359175,1.0581507454044532,0.66631082916488,0.9999938569277227,0.0,0.0,0.7478997395833333,0.0,0,Subject7Activity11Trial3
1.3592000000000002,1.0589055670832976,0.6579443158394032,0.9999936739952263,0.0,0.0,0.7486458333333333,0.0,0,Subject7Activity11Trial3
1.359275,1.0589055670832976,0.8617016163144999,0.9999975556411574,0.0,0.0,0.7187239583333334,0.0,0,Subject7Activity11Trial3
1.3598,1.0612393697936389,0.9025318720549151,0.9999916251875669,0.0,0.0,0.7036634114583333,0.0,0,Subject7Activity11Trial3
1.3561999999999999,1.0612393697936389,0.4423366807257274,0.9999957704945617,0.0,0.0,0.7045963541666667,0.0,0,Subject7Activity11Trial3
1.35775,1.0578506510845471,0.6308851185908324,0.9999960235205607,0.0,0.0,0.710458984375,0.0,0,Subject7Activity11Trial3
1.35815,1.0580047258873657,0.6159501462160808,0.9999964616029523,0.0,0.0,0.7264934895833333,0.0,0,Subject7Activity11Trial3
1.3577000000000001,1.0597575194354603,0.6290616656555237,0.9999936559303765,0.5882352941176471,0.55625,0.9427499999999999,0.0,0,Subject7Activity11Trial3
1.358775,1.0597575194354603,0.6290616656555237,0.9999976389757452,0.4429530201342282,0.546875,1.4283984375,0.0,0,Subject7Activity11Trial3
1.358025,1.0580274098528828,0.48775072613366177,0.9999955125312463,1.3253012048192772,0.41770833333333335,1.4588027343749999,0.003124999999999989,0,Subject7Activity11Trial3
1.358325,1.058683616572959,0.5160984379685125,0.9999969340648562,1.4761904761904763,0.4166666666666667,1.2780657552083332,0.0,0,Subject7Activity11Trial3
1.357575,1.058683616572959,0.42386857999288985,0.9999943525938115,0.8554216867469879,0.4197916666666667,1.0025319010416667,0.0,0,Subject7Activity11Trial3
1.358325,1.0586071036980622,0.8570469710344533,0.9999961797500267,0.7682926829268293,0.42083333333333334,1.066482421875,0.0,0,Subject7Activity11Trial3
1.3556000000000001,1.066167904225221,1.6543121186464855,0.9999844245716876,1.0,0.42083333333333334,1.259935546875,0.0,0,Subject7Activity11Trial3
1.3504749999999999,1.066167904225221,1.812919088304275,0.999984980414075,0.9880952380952381,0.41875,1.3551972656250002,0.0,0,Subject7Activity11Trial3
1.3519999999999999,1.0621835999487095,2.02334222511878,0.9999836855725333,0.8589743589743589,0.4125,1.163525390625,0.0,0,Subject7Activity11Trial3
1.3605,1.0675434417390235,2.5959582314612923,0.9999736241340407,0.7317073170731707,0.4166666666666667,1.1955963541666668,0.0,0,Subject7Activity11Trial3
1.3645,1.0675434417390235,2.303259057350447,0.9999740772797723,1.123456790123457,0.4197916666666667,1.3155514322916668,0.0,0,Subject7Activity11Trial3
1.3577249999999998,1.0622028996382942,2.2657475131568994,0.9999767425881991,1.5,0.42083333333333334,2.286713541666667,0.006249999999999978,0,Subject7Activity11Trial3
1.35825,1.0608209085420592,1.9606231359047541,0.9999894746630736,1.2535211267605635,0.415625,2.766819010416666,0.002083333333333326,0,Subject7Activity11Trial3
1.3585249999999998,1.074040036497709,1.8717948954977945,0.9999410605244405,0.7377049180327869,0.47708333333333336,2.535985677083333,0.0,0,Subject7Activity11Trial3
1.3597750000000002,1.074040036497709,1.9404323732018334,0.9999557683759053,1.4634146341463414,0.425,2.342979817708333,0.0,0,Subject7Activity11Trial3
1.36195,1.0635247998989021,2.0897759322902285,0.9999790461989331,1.7974683544303798,0.40729166666666666,1.8143320312499998,0.006249999999999978,0,Subject7Activity11Trial3
1.3625,1.0647032450406075,3.4381507891480343,0.9999719190485635,1.1153846153846154,0.40208333333333335,1.4236822916666667,0.0,0,Subject7Activity11Trial3
1.3656,1.0685906606367097,3.3475406903758387,0.9999503570674803,0.881578947368421,0.4041666666666667,1.311248046875,0.0,0,Subject7Activity11Trial3
1.365625,1.0685906606367097,3.1052427520966983,0.9999524705016483,1.26,0.43333333333333335,1.3177154947916667,0.0,0,Subject7Activity11Trial3
1.370625,1.0663245284621377,3.9394234201398906,0.9999761066956198,0.9444444444444444,0.41458333333333336,1.3505898437500001,0.0,0,Subject7Activity11Trial3
1.3752,1.0633705845094643,3.6513980963578287,0.9999962250169636,1.1125,0.42083333333333334,1.33758203125,0.0,0,Subject7Activity11Trial3
1.371,1.0613863575531766,2.4993271605905463,0.999991666351759,1.0617283950617284,0.421875,1.18365234375,0.0,0,Subject7Activity11Trial3
1.361725,1.0605531575550562,1.0340642675567935,0.9999935061655715,0.9880952380952381,0.41875,1.098422526041667,0.0,0,Subject7Activity11Trial3
1.3604499999999997,1.0596872180035013,0.663630113697625,0.9999953677093192,0.5396825396825397,0.3770833333333333,1.2015579427083334,0.0,0,Subject7Activity11Trial3
1.658375,4.459427541736719,65.98900410251596,0.2855382797222309,1.4561933534743203,0.6552083333333333,6.0521028645833335,0.259375,0,Subject7Activity1Trial1
1.53205,4.459427541736719,76.54385521343497,0.9228530496796977,1.4587155963302751,0.659375,7.900556640625,0.38020833333333326,1,Subject7Activity1Trial1
1.143575,1.6461011512054782,76.54385521343497,0.9951086458565945,2.4876543209876543,0.83125,3.4122454427083326,0.1645833333333333,0,Subject7Activity1Trial1
1.0604,1.157716286488188,8.91167143643608,0.9999309802431439,0.6724137931034483,0.41458333333333336,1.0987897135416669,0.0,0,Subject7Activity1Trial1
1.0674499999999998,1.0100158414599247,0.45058937408595057,0.9999951234534458,0.9649122807017544,0.415625,1.0012858072916668,0.0,0,Subject7Activity1Trial1
1.0671499999999998,0.9822514952902845,0.2531193772112488,0.9999937518454882,1.3148148148148149,0.41875,0.9848033854166667,0.0,0,Subject7Activity1Trial1
1.0672000000000001,0.9822514952902845,0.18783109960281763,0.99999721887692,1.1448275862068966,0.4947916666666667,1.500501953125,0.0,0,Subject7Activity1Trial1
1.07005,0.9812064003052569,0.6906734360697442,0.9999973985671238,1.2318840579710144,0.5020833333333333,2.15411328125,0.033333333333333326,0,Subject7Activity1Trial1
1.2375250000000002,4.655389994404335,115.51396205100173,0.35758375516873886,1.318452380952381,0.65,7.519494791666666,0.3145833333333334,1,Subject7Activity1Trial2
1.260475,4.655389994404335,116.37877341548256,0.8217951644488172,1.3709677419354838,0.6770833333333334,7.327258463541668,0.09999999999999998,1,Subject7Activity1Trial2
1.2193,2.391987667192287,111.62157419793611,0.9904302999437191,1.669291338582677,0.8677083333333333,2.195094401041667,0.10729166666666667,0,Subject7Activity1Trial2
1.024675,1.2658289773899156,3.6413489749643873,0.9999005280476996,0.9833333333333333,0.42083333333333334,0.9136751302083335,0.0,0,Subject7Activity1Trial2
1.0274750000000001,1.0038077505179963,0.1782302718218034,0.9999983369074524,0.8181818181818182,0.42604166666666665,0.7180735677083334,0.0,0,Subject7Activity1Trial2
1.0274999999999999,0.9828555336365564,0.13119737507747686,0.9999955319308486,0.8571428571428571,0.446875,0.675025390625,0.0,0,Subject7Activity1Trial2
1.027275,0.9828555336365564,0.14669408590049215,0.9999961880961276,0.0,0.0,0.6223893229166666,0.0,0,Subject7Activity1Trial2
1.027875,0.9818976525076328,0.17690569831742664,0.9999979986694182,0.0,0.0,0.6232233072916666,0.0,0,Subject7Activity1Trial2
1.30835,5.385768097495473,94.05360328410238,0.29633475999020054,1.452599388379205,0.659375,7.398051432291666,0.2406250000000001,1,Subject7Activity1Trial3
1.3184999999999998,5.385768097495473,162.62989002846797,0.5022935051742584,1.6764705882352942,0.7166666666666667,6.419145833333333,0.19791666666666663,1,Subject7Activity1Trial3
1.22465,3.3473169852883666,164.7995495505561,0.9735178283598418,3.1818181818181817,0.8739583333333333,3.5004108072916664,0.0625,0,Subject7Activity1Trial3
1.1187749999999999,1.644055351866232,8.23153369929193,0.9995175110104197,0.8571428571428571,0.49270833333333336,1.7623769531250002,0.0,0,Subject7Activity1Trial3
1.101425,1.0302528815781102,1.4157708588901698,0.9999957643423162,0.6217948717948718,0.51875,1.6734654947916667,0.015625,0,Subject7Activity1Trial3
1.098275,0.9915331562786995,0.2625772860696429,0.9999980902094614,0.20710059171597633,0.5322916666666667,1.079978515625,0.0,0,Subject7Activity1Trial3
1.095375,0.9833585307506107,0.14794046203712696,0.9999979719441386,0.0,0.0,0.636630859375,0.0,0,Subject7Activity1Trial3
1.09495,0.9852334748677595,0.1792037273000915,0.9999975280422141,0.0,0.0,0.6395794270833334,0.0,0,Subject7Activity1Trial3
1.285775,3.2079978179543702,70.45870488656544,0.8540055431571768,0.7345679012345679,0.6625,5.3839570312500005,0.11354166666666665,0,Subject7Activity2Trial1
1.387325,3.2079978179543702,70.45870488656544,0.9953068233623167,0.6167883211678832,0.7145833333333333,3.427654947916667,0.08333333333333337,0,Subject7Activity2Trial1
1.328875,1.2412324520411153,6.8135964915776555,0.9996928535626862,0.5736434108527132,0.865625,1.5228925781249998,0.03229166666666672,0,Subject7Activity2Trial1
1.332525,1.0771652612296776,2.1636738998411715,0.9999830830580434,0.5327868852459017,0.8625,1.4120240885416666,0.029166666666666674,0,Subject7Activity2Trial1
1.3522000000000003,1.0407478080687944,3.136784489965322,0.9999456216228191,0.44,0.875,1.1407115885416668,0.0010416666666667185,0,Subject7Activity2Trial1
1.3583000000000003,1.0404431748058132,1.714771826199481,0.9999529374550179,0.0,0.0,0.8958639322916667,0.0,0,Subject7Activity2Trial1
1.36075,1.0404431748058132,1.379653524956268,0.9999934508877718,0.0,0.0,0.7721790364583333,0.0,0,Subject7Activity2Trial1
1.368925,1.0315953664106872,0.9471158673044613,0.9999947148471398,0.0,0.0,0.7467200520833334,0.0,0,Subject7Activity2Trial1
1.3637249999999999,3.571789747451549,60.19873253660821,0.48221601214689,0.6553846153846153,0.6614583333333334,4.992361979166667,0.2427083333333333,0,Subject7Activity2Trial2
1.41355,3.571789747451549,60.19873253660821,0.9725549272406121,0.5353846153846153,0.6614583333333334,4.109993489583333,0.20520833333333333,0,Subject7Activity2Trial2
1.375475,1.3737124881138703,8.274935129199065,0.99888333516115,0.34710743801652894,0.7479166666666667,1.744025390625,0.0,0,Subject7Activity2Trial2
1.3949250000000002,1.1045727680872819,2.7193592253270964,0.9999208631360781,0.0,0.0,0.9212929687499999,0.0,0,Subject7Activity2Trial2
1.3943750000000001,1.0417878862801198,0.8894445402041242,0.9999965661310841,0.0,0.0,0.8262903645833335,0.0,0,Subject7Activity2Trial2
1.394025,1.0329167439827858,0.8093700728079654,0.9999900250685018,0.0,0.0,0.777689453125,0.0,0,Subject7Activity2Trial2
1.397325,1.0329167439827858,1.1324893901502264,0.9999888608330408,0.0,0.0,0.7906966145833334,0.0,0,Subject7Activity2Trial2
1.407125,1.034750211403699,2.5577305324849107,0.999937078507397,0.0,0.0,0.9141809895833335,0.0,0,Subject7Activity2Trial2
1.320625,3.3882145740788028,38.78628838526686,0.8617931617289124,0.6061538461538462,0.6614583333333334,5.221125,0.26249999999999996,0,Subject7Activity2Trial3
1.41465,3.3882145740788028,38.78628838526686,0.9922564179648097,0.6147859922178989,0.7322916666666667,3.8027981770833335,0.2791666666666667,0,Subject7Activity2Trial3
1.37075,1.2506714196782465,7.7631039547346035,0.9989397189671056,0.5985915492957746,0.8520833333333333,2.0906569010416662,0.05208333333333337,0,Subject7Activity2Trial3
1.4010500000000001,1.0911214414536998,2.2552643139696613,0.9998014786615198,0.4661016949152542,0.8770833333333333,1.2088359375,0.07916666666666661,0,Subject7Activity2Trial3
1.3932749999999998,1.0420849293603665,1.2762892878537997,0.9999841538251312,0.5657894736842105,0.91875,0.9913274739583333,0.0,0,Subject7Activity2Trial3
1.3990500000000001,1.0284677923979924,1.112528722709584,0.99999348878791,0.0,0.0,0.7973645833333334,0.0,0,Subject7Activity2Trial3
1.40265,1.0284677923979924,0.44459428179509075,0.9999923537941663,0.0,0.0,0.7220384114583334,0.0,0,Subject7Activity2Trial3
1.4050249999999997,1.0297820157683857,0.7868371072995615,0.9999984888546954,0.0,0.0,0.7371119791666667,0.0,0,Subject7Activity2Trial3
1.75075,6.489816407264538,109.949653644803,0.9908795207589269,1.4103343465045592,0.6572916666666667,7.338953776041667,0.22395833333333326,1,Subject7Activity3Trial1
1.8600249999999998,6.489816407264538,119.9515324266988,0.9690137684264684,1.6824817518248176,0.7145833333333333,5.906452473958334,0.11979166666666674,1,Subject7Activity3Trial1
1.4024249999999998,1.8079305849506502,53.078760554766546,0.9988296423127513,0.3806970509383378,0.41354166666666664,4.168330729166667,0.002083333333333326,0,Subject7Activity3Trial1
1.3807749999999999,1.1938567753294362,9.16318673469021,0.999966355834084,0.3582089552238806,0.41875,6.190278645833334,0.009374999999999967,0,Subject7Activity3Trial1
1.36985,1.0658208104554912,0.9241473862794471,0.9999965367909208,0.5366795366795367,0.565625,7.524418619791666,0.24479166666666669,0,Subject7Activity3Trial1
1.3676,1.0517309541893307,0.6561018371335017,0.9999925810737025,0.7412587412587412,0.6302083333333334,5.244121744791666,0.21666666666666667,0,Subject7Activity3Trial1
1.366675,1.0514432937633869,0.49719164297444607,0.9999970113937806,0.3959537572254335,0.3854166666666667,5.018955078125,0.08645833333333341,0,Subject7Activity3Trial1
1.365275,1.0529700850451544,0.5146596968077226,0.9999966278195346,0.5443548387096774,0.46458333333333335,6.284631510416666,0.2552083333333333,0,Subject7Activity3Trial1
1.56705,4.763408338574387,80.16187495867698,0.3133002349614885,1.3674698795180722,0.6541666666666667,8.641470052083333,0.2260416666666667,1,Subject7Activity3Trial2
1.63035,4.763408338574387,114.85885729128601,0.9731429013780282,1.343558282208589,0.6604166666666667,8.559930989583332,0.12916666666666665,1,Subject7Activity3Trial2
1.4862499999999998,1.3853440006005728,42.37841683148281,0.993320813292541,1.1596385542168675,0.6541666666666667,4.322368489583334,0.027083333333333348,0,Subject7Activity3Trial2
1.393525,1.250002799996864,28.244414627652436,0.9999858308952377,2.4642857142857144,0.9125,1.8409049479166666,0.0,0,Subject7Activity3Trial2
1.36685,1.0834505064837987,2.396710224374621,0.9999871769306764,0.43,0.4979166666666667,1.102099609375,0.0,0,Subject7Activity3Trial2
1.365625,1.0605677724690676,0.7396039821218956,0.9999956328413996,0.0,0.0,0.8071770833333332,0.0,0,Subject7Activity3Trial2
1.3634,1.0578610494767258,0.8224714899919405,0.999986155207004,0.0,0.0,0.7215833333333334,0.0,0,Subject7Activity3Trial2
1.3613,1.0578610494767258,0.5807018341440191,0.9999910236979123,0.0,0.0,0.758052734375,0.0,0,Subject7Activity3Trial2
1.609675,4.264281182098572,123.09905852295032,0.907632860667704,1.3685800604229608,0.6552083333333333,7.741780598958334,0.13541666666666674,1,Subject7Activity3Trial3
1.7811500000000002,4.264281182098572,145.2725352303003,0.9859449700155481,1.4681528662420382,0.6729166666666667,7.103720703125001,0.06770833333333337,1,Subject7Activity3Trial3
1.5356999999999998,1.7741254183399775,43.177066534127135,0.9998937382024067,4.010309278350515,0.8989583333333333,3.6940449218749998,0.044791666666666674,0,Subject7Activity3Trial3
1.40055,1.0727935495704661,6.220867404613696,0.9999877922086112,0.8442622950819673,0.44375,2.283070963541667,0.07916666666666666,0,Subject7Activity3Trial3
1.399575,1.0556528785543096,0.7744087308317091,0.9999962986279225,0.59375,0.45,1.2133125000000002,0.03125,0,Subject7Activity3Trial3
1.39855,1.0545283305819715,0.5618832026809919,0.999998180737422,0.0,0.0,0.6898567708333333,0.0,0,Subject7Activity3Trial3
1.3970499999999997,1.056080962805409,0.5023897247355045,0.9999940232215538,0.0,0.0,0.6839544270833333,0.0,0,Subject7Activity3Trial3
1.3961000000000001,1.056080962805409,0.42475460254641817,0.9999949113341826,0.0,0.0,0.6512552083333333,0.0,0,Subject7Activity3Trial3
1.7572250000000005,4.34127654037381,92.80498529914439,0.910693968301512,1.7548387096774194,0.6770833333333334,8.874118489583333,0.2791666666666667,1,Subject7Activity4Trial1
1.5751,4.34127654037381,86.55776221181699,0.9942373555508552,2.449438202247191,0.8145833333333333,4.095761067708333,0.09375,0,Subject7Activity4Trial1
1.4534749999999999,1.2101012354344574,15.731240362496195,0.9999787555857673,1.1612903225806452,0.9354166666666667,1.0334290364583334,0.0,0,Subject7Activity4Trial1
1.457,1.0862716050785823,1.7345265496445172,0.9999942522117337,0.0,0.0,0.7094817708333334,0.0,0,Subject7Activity4Trial1
1.4550749999999997,1.0664736283659337,0.6146280129992441,0.999992844464492,0.0,0.0,0.6764986979166668,0.0,0,Subject7Activity4Trial1
1.455425,1.06486571923412,0.8488711108560949,0.9999909071595305,0.0,0.0,0.664412109375,0.0,0,Subject7Activity4Trial1
1.4558499999999999,1.0643937241453465,0.8488711108560949,0.9999969027420477,0.0,0.0,0.6617415364583333,0.0,0,Subject7Activity4Trial1
1.456675,1.0659437133357466,0.47900770376713453,0.9999938698859784,0.0,0.0,0.6527721354166667,0.0,0,Subject7Activity4Trial1
1.7074500000000001,4.818626671573551,98.38952130033924,0.32864941705456324,1.5749235474006116,0.659375,7.753390625,0.18333333333333335,1,Subject7Activity4Trial2
1.83385,4.818626671573551,104.79529552516483,0.9399173425700009,1.4560260586319218,0.6802083333333333,7.243444010416667,0.05625000000000002,1,Subject7Activity4Trial2
1.51205,1.6341630885563412,42.23328636184484,0.9978539086323622,1.7632850241545894,0.784375,2.9333619791666665,0.006249999999999978,0,Subject7Activity4Trial2
1.435125,1.2953709893308556,14.370084068612003,0.9999852628455064,0.0,0.0,0.9588339843750001,0.0,0,Subject7Activity4Trial2
1.415625,1.0772381352328741,1.9720910150879725,0.9999958157569535,0.0,0.0,0.7046412760416667,0.0,0,Subject7Activity4Trial2
1.4102000000000001,1.064066727230957,1.2543115078116251,0.9999935642678146,0.0,0.0,0.6552428385416667,0.0,0,Subject7Activity4Trial2
1.4064,1.063242211351675,1.2017044892590718,0.9999968928043612,0.0,0.0,0.6668528645833333,0.0,0,Subject7Activity4Trial2
1.4045999999999998,1.0619967043263365,1.251911823732172,0.9999892940517214,0.0,0.0,0.6771393229166666,0.0,0,Subject7Activity4Trial2
1.6670250000000002,4.117208884669322,118.78177072442455,0.35548761045703464,1.0229166666666667,0.5,13.583857421875,0.3218749999999999,1,Subject7Activity4Trial3
1.8254750000000002,4.117208884669322,119.15823286723891,0.9778698119225138,1.7748091603053435,0.7270833333333333,11.422797526041666,0.05833333333333335,1,Subject7Activity4Trial3
1.6293,1.7762055061281619,39.276889619716314,0.9999421508275402,1.5104602510460252,0.7510416666666667,5.762844401041667,0.0,0,Subject7Activity4Trial3
1.51745,1.0882858080486029,14.250064737327332,0.9999972273855191,0.8951612903225806,0.6208333333333333,3.6513385416666666,0.0,0,Subject7Activity4Trial3
1.508575,1.0703405999960947,2.9595079854150548,0.9999964060465643,0.40285714285714286,0.38958333333333334,6.385597005208333,0.49375,0,Subject7Activity4Trial3
1.501825,1.068553227499688,1.5354099568963981,0.9999905067766144,0.3872832369942196,0.3854166666666667,7.089057291666665,0.0,0,Subject7Activity4Trial3
1.497225,1.068553227499688,0.8185049533679738,0.999997297708624,0.0,0.0,3.7806816406250006,0.0,0,Subject7Activity4Trial3
1.4889499999999998,1.0662574735963166,2.2500929433710724,0.9999968815997267,0.0,0.0,0.695810546875,0.0,0,Subject7Activity4Trial3
1.526325,3.9354413983694383,72.15566001323906,0.4421292273795292,1.363914373088685,0.659375,6.36264453125,0.10416666666666674,1,Subject7Activity5Trial1
1.6079250000000003,3.9354413983694383,124.90423664965624,0.9717562054864244,1.6349693251533743,0.6604166666666667,6.7198554687500005,0.05625000000000002,1,Subject7Activity5Trial1
1.441525,2.0713138342607573,90.77035637932268,0.997971749684299,2.1210526315789475,0.8020833333333334,4.457415364583333,0.0697916666666667,1,Subject7Activity5Trial1
1.33305,1.1708492644230513,15.929291215870798,0.9994072179920265,4.068181818181818,0.9083333333333333,2.1400546875,0.059374999999999956,0,Subject7Activity5Trial1
1.314075,1.1164828704462957,11.986443308696721,0.9999764615506335,1.3333333333333333,0.915625,1.4176165364583333,0.017708333333333326,0,Subject7Activity5Trial1
1.3251000000000002,1.0607667038515114,2.3687688428764933,0.9999922617656285,0.0,0.0,0.7491796875000001,0.0,0,Subject7Activity5Trial1
1.32065,1.0567393245261576,1.3732543308264944,0.9999945053670609,0.0,0.0,0.6515247395833333,0.0,0,Subject7Activity5Trial1
1.29905,1.0560137309713353,1.9403385660700625,0.9999947340124465,0.0,0.0,0.6523776041666667,0.0,0,Subject7Activity5Trial1
1.3869249999999997,3.385728577426135,78.64326025389514,0.6760511354227001,0.84,0.6614583333333334,5.325459635416666,0.35833333333333334,1,Subject7Activity5Trial2
1.608625,3.385728577426135,122.83697385493164,0.9362916043722871,1.5048543689320388,0.678125,6.3306673177083335,0.24791666666666667,1,Subject7Activity5Trial2
1.588025,2.709683929907693,119.22590989956272,0.9931046564641183,2.65625,0.8333333333333334,4.046903645833334,0.07708333333333328,1,Subject7Activity5Trial2
1.43905,1.1808488472281284,24.218600885481266,0.99998561257019,2.276923076923077,0.9322916666666666,1.8858281249999997,0.02604166666666663,0,Subject7Activity5Trial2
1.454375,1.0815604467619921,3.591841754845209,0.9999307144464967,0.49333333333333335,0.396875,0.878611328125,0.0,0,Subject7Activity5Trial2
1.4500499999999998,1.0708926183329492,0.7572356160361089,0.9999878453228578,0.0,0.0,0.7020755208333334,0.0,0,Subject7Activity5Trial2
1.4506249999999998,1.065409780319291,1.1956527471219403,0.9999892498759815,0.0,0.0,0.676619140625,0.0,0,Subject7Activity5Trial2
1.44735,1.065409780319291,1.1956527471219403,0.9999945241348226,0.0,0.0,0.6697617187499999,0.0,0,Subject7Activity5Trial2
1.38165,3.049572593003813,103.11898849757829,0.634791965350961,1.2492307692307691,0.6614583333333334,4.98936328125,0.10416666666666674,1,Subject7Activity5Trial3
1.4143000000000001,3.049572593003813,114.97687373920064,0.9930225711376611,1.4350877192982456,0.703125,5.625724609375,0.3270833333333333,1,Subject7Activity5Trial3
1.325925,1.236417809642032,19.103753960679633,0.9991398612144806,2.0648648648648646,0.8072916666666666,2.8368658854166666,0.1166666666666667,0,Subject7Activity5Trial3
1.278525,1.122614804819534,2.9448674681504663,0.9999948617251013,1.1355932203389831,0.9385416666666667,1.0700592447916666,0.0,0,Subject7Activity5Trial3
1.27345,1.0594092693572206,1.7415103986239266,0.9999771536242476,1.1454545454545455,0.9427083333333334,0.9185091145833333,0.0,0,Subject7Activity5Trial3
1.2708,1.0593082648596677,1.800546815048003,0.9999978895887768,1.3829787234042554,0.9510416666666667,0.8209778645833333,0.0,0,Subject7Activity5Trial3
1.26845,1.0573674857872262,1.390384197419202,0.9999787517239183,0.0,0.0,0.6491171874999999,0.0,0,Subject7Activity5Trial3
1.2649000000000001,1.0573674857872262,1.388574164453198,0.9999982852433283,0.0,0.0,0.6448190104166667,0.0,0,Subject7Activity5Trial3
1.4703,1.073262782360406,2.6542163339646905,0.9999935845001788,0.0,0.0,0.7234830729166667,0.0,0,Subject8Activity11Trial1
1.475075,1.0688526558885467,0.9183398773802729,0.9999975030377726,0.0,0.0,0.6675559895833334,0.0,0,Subject8Activity11Trial1
1.4746,1.0704223465529856,2.270944901798593,0.9999583270998678,1.2753623188405796,0.928125,0.9367858072916666,0.0,0,Subject8Activity11Trial1
1.47745,1.0852156467725664,1.984028526421369,0.9999851967008073,1.3013698630136987,0.9239583333333333,1.01956640625,0.0,0,Subject8Activity11Trial1
1.4785249999999999,1.0852156467725664,1.5084460065217051,0.9999953033361126,0.0,0.0,0.7128170572916666,0.0,0,Subject8Activity11Trial1
1.4775749999999999,1.0761231342183848,1.067500390463497,0.9999672322865611,0.7692307692307693,0.9114583333333334,0.7178483072916666,0.0,0,Subject8Activity11Trial1
1.476575,1.0761231342183848,0.7954473369425656,0.9999591703108972,0.0,0.0,0.6975683593750001,0.0,0,Subject8Activity11Trial1
1.476175,1.0755779841554958,0.9671999977673735,0.9999952297613467,0.0,0.0,0.6567167968750001,0.0,0,Subject8Activity11Trial1
1.475825,1.0707315256402978,0.8390824381036772,0.9999902095088975,0.0,0.0,0.6491712239583334,0.0,0,Subject8Activity11Trial1
1.4758749999999998,1.0707315256402978,0.7894263597057218,0.9999938714204712,0.0,0.0,0.6186634114583334,0.0,0,Subject8Activity11Trial1
1.4761250000000001,1.0698322298379312,0.8231866831732191,0.9999906287104466,0.0,0.0,0.6479309895833334,0.0,0,Subject8Activity11Trial1
1.4766750000000002,1.0734346743048688,0.8899237537483629,0.9999725997271368,0.6666666666666666,0.878125,0.7762376302083334,0.0,0,Subject8Activity11Trial1
1.477075,1.0734346743048688,1.5519862197271976,0.9999885749829294,0.9285714285714286,0.8979166666666667,1.0121822916666665,0.0010416666666667185,0,Subject8Activity11Trial1
1.4763749999999998,1.0748776674580227,1.8238095628827828,0.999977536549782,0.9797979797979798,0.896875,1.1498463541666666,0.006249999999999978,0,Subject8Activity11Trial1
1.479325,1.0748776674580227,1.8499128905837239,0.9999692038579349,2.0919540229885056,0.909375,1.2757207031250002,0.0,0,Subject8Activity11Trial1
1.4819499999999999,1.0733652686760458,1.3766797595061497,0.9999771235923876,1.794871794871795,0.91875,1.1455859375,0.0,0,Subject8Activity11Trial1
1.4817,1.0798342465397177,1.859241490219567,0.9999453712258117,1.5319148936170213,0.9364583333333333,0.7638333333333334,0.0,0,Subject8Activity11Trial1
1.4839499999999999,1.0798342465397177,1.859241490219567,0.9999597265211969,3.1315789473684212,0.8291666666666667,1.0529212239583334,0.0,0,Subject8Activity11Trial1
1.482475,1.0787033883324924,2.0181827991173193,0.9999338936224327,2.3392857142857144,0.8354166666666667,1.1557239583333332,0.0,0,Subject8Activity11Trial1
1.4797999999999998,1.0796832868948192,2.0181827991173193,0.9999888750755889,1.6470588235294117,0.846875,0.9157766927083333,0.0,0,Subject8Activity11Trial1
1.478675,1.0796832868948192,1.569389259649892,0.9999812944211295,0.0,0.0,0.7712109375,0.0,0,Subject8Activity11Trial1
1.477225,1.0710807625944925,1.3835023541995923,0.9999899487930385,1.0520833333333333,0.9,0.9663548177083333,0.0,0,Subject8Activity11Trial1
1.4781499999999999,1.0738798815510047,1.4969597847021348,0.9999822863459998,0.7980769230769231,0.8916666666666667,1.0610253906249998,0.0,0,Subject8Activity11Trial1
1.4825499999999998,1.0738798815510047,2.017373908440284,0.999964199389267,0.8380952380952381,0.890625,1.1394244791666668,0.0,0,Subject8Activity11Trial1
1.48505,1.073508267317956,2.017373908440284,0.9999870708802243,0.819047619047619,0.890625,1.0435416666666668,0.0,0,Subject8Activity11Trial1
1.4852,1.073028424600206,0.8132145493378786,0.9999944390553518,0.6082474226804123,0.8927083333333333,0.7908131510416666,0.0,0,Subject8Activity11Trial1
1.4863250000000001,1.0712137975212976,1.1433674865120764,0.999991646361483,0.4583333333333333,0.9291666666666667,0.8331458333333334,0.0,0,Subject8Activity11Trial1
1.48655,1.0712137975212976,1.3733802121886498,0.9999926108934453,0.7222222222222222,0.9020833333333333,0.8603450520833332,0.0,0,Subject8Activity11Trial1
1.487425,1.0711134393704524,1.5330364348854495,0.9999872145063581,1.411764705882353,0.8729166666666667,0.8296080729166666,0.0,0,Subject8Activity11Trial1
1.486575,1.0752999581512128,1.509254748059334,0.9999887417932423,0.0,0.0,0.7853372395833333,0.0,0,Subject8Activity11Trial1
1.4869499999999998,1.0776720280307919,1.6284927524915567,0.9999683026957742,0.8529411764705882,0.89375,0.9770514322916666,0.0,0,Subject8Activity11Trial1
1.483225,1.0863480105380596,3.4383394199288198,0.9998732261895454,0.8725490196078431,0.89375,1.0781204427083333,0.0,0,Subject8Activity11Trial1
1.4812249999999998,1.0863480105380596,3.4383394199288198,0.9999989203702365,0.8809523809523809,0.9125,0.8466582031250001,0.0,0,Subject8Activity11Trial1
1.484025,1.0698733569913776,1.2975172991250261,0.99999180467806,0.7307692307692307,0.9229166666666667,0.7059674479166667,0.0,0,Subject8Activity11Trial1
1.484325,1.070151858382725,1.2975172991250261,0.9999930179673752,0.6842105263157895,0.9302083333333333,0.7308307291666666,0.0,0,Subject8Activity11Trial1
1.484,1.0727571952683421,1.0937992410551516,0.9999686436862556,0.5161290322580645,0.903125,0.7744928385416666,0.0,0,Subject8Activity11Trial1
1.4812750000000001,1.0810208138606767,2.175096267361603,0.9999597468079906,0.631578947368421,0.940625,0.816400390625,0.0,0,Subject8Activity11Trial1
1.479425,1.0810208138606767,2.4172647373835616,0.9999654386157396,0.75,0.9416666666666667,0.76246875,0.0,0,Subject8Activity11Trial1
1.4842,1.0805915046862065,2.095937006387043,0.9998781401368199,0.6309523809523809,0.8958333333333334,0.7754752604166667,0.0,0,Subject8Activity11Trial1
1.485925,1.0805915046862065,1.5384876660225757,0.9999323028979711,0.5851063829787234,0.9020833333333333,0.8229283854166667,0.0,0,Subject8Activity11Trial1
1.4841000000000002,1.0779744894940697,1.928174350592812,0.999993209636922,1.1176470588235294,0.9114583333333334,0.9603326822916667,0.007291666666666696,0,Subject8Activity11Trial1
1.486125,1.0787599362230689,2.0719385556971197,0.9999677092923105,1.4230769230769231,0.91875,1.1245247395833333,0.0,0,Subject8Activity11Trial1
1.485425,1.0787599362230689,1.7135294126339673,0.9999713336849462,1.0952380952380953,0.9177083333333333,0.8430598958333334,0.0,0,Subject8Activity11Trial1
1.4867000000000001,1.073680119961248,0.9643815478567817,0.9999821278099326,1.0166666666666666,0.9166666666666666,0.7551940104166667,0.0,0,Subject8Activity11Trial1
1.488575,1.0732352957296922,1.0722236462259964,0.9999860368129622,0.0,0.0,0.6937539062499999,0.0,0,Subject8Activity11Trial1
1.4866249999999999,1.0727171108917763,1.319248114954064,0.9999840027441286,0.46808510638297873,0.934375,0.7110358072916667,0.0,0,Subject8Activity11Trial1
1.4874500000000002,1.0741140535343534,1.585287994037337,0.9999808098922928,1.28,0.925,0.7242141927083333,0.0,0,Subject8Activity11Trial1
1.48745,1.0741140535343534,1.9880750498729078,0.9999972688975587,0.0,0.0,0.64961328125,0.0,0,Subject8Activity11Trial1
1.487225,1.0716701918034297,1.3100921553483218,0.9999898157360109,0.0,0.0,0.6341321614583333,0.0,0,Subject8Activity11Trial1
1.488775,1.0728145226459231,1.6428064034279686,0.9999884155394687,0.0,0.0,0.6540266927083334,0.0,0,Subject8Activity11Trial1
1.487275,1.0728145226459231,2.9458277779769553,0.9999584125216592,0.0,0.0,0.6387727864583334,0.0,0,Subject8Activity11Trial1
1.4852750000000001,1.082808385634319,2.2892777488963674,0.9998878801836206,0.0,0.0,0.6023997395833333,0.0,0,Subject8Activity11Trial1
1.391125,1.1631852818876276,38.92024659106508,0.9589838250762927,0.6333333333333333,0.65,5.03037890625,0.3354166666666667,1,Subject8Activity1Trial1
1.6431499999999999,2.959065730936033,71.94268362510883,0.8198791964825498,1.8314606741573034,0.721875,6.402099609374998,0.26875000000000004,1,Subject8Activity1Trial1
1.7506749999999998,2.959065730936033,55.015741375823026,0.9994841114899449,4.154545454545454,0.8854166666666666,3.2222441406250004,0.019791666666666652,0,Subject8Activity1Trial1
1.5348,1.1620817527179401,6.204445761263202,0.9999196865477734,1.5,0.9541666666666667,0.9708378906250001,0.0,0,Subject8Activity1Trial1
1.5223,1.029357566640475,1.1767671215841062,0.9999896543247512,0.0,0.0,0.6503548177083334,0.0,0,Subject8Activity1Trial1
1.521975,1.0120331022254163,0.26096073003978404,0.9999950084506811,0.0,0.0,0.5998157552083333,0.0,0,Subject8Activity1Trial1
1.522325,1.0107769289017237,0.26107828854844684,0.9999949867608665,0.0,0.0,0.5943990885416667,0.0,0,Subject8Activity1Trial1
1.5213999999999999,1.0101113799972754,0.356054751056746,0.9999991120314513,0.0,0.0,0.5954335937499999,0.0,0,Subject8Activity1Trial1
1.4705,1.0859074546203282,18.069350321073173,0.9969241327255175,0.8903654485049833,0.6489583333333333,4.374284505208333,0.054166666666666696,0,Subject8Activity1Trial2
1.6080999999999999,4.655781889221187,114.07699781312905,0.3186808411068884,1.6886792452830188,0.66875,7.017857421875,0.18437500000000007,1,Subject8Activity1Trial2
1.6566500000000002,4.655781889221187,114.07699781312905,0.9463202538485626,1.927710843373494,0.740625,5.75743359375,0.2354166666666666,1,Subject8Activity1Trial2
1.4893250000000002,1.9928394315649216,78.5277705122606,0.9990925444204889,3.0428571428571427,0.9270833333333334,3.135367838541667,0.028124999999999956,0,Subject8Activity1Trial2
1.371725,1.0541072051741227,17.112943722722747,0.9999236302864908,2.1184210526315788,0.42916666666666664,2.4425266927083333,0.0010416666666667185,0,Subject8Activity1Trial2
1.308025,1.0038032675778654,0.9908988344720058,0.9999961120737605,2.026315789473684,0.42916666666666664,1.5741751302083333,0.001041666666666663,0,Subject8Activity1Trial2
1.305475,0.993163632036534,0.4355502403625451,0.9999993070236292,1.828125,0.41875,1.3843079427083331,0.0,0,Subject8Activity1Trial2
1.303725,0.9890995905367669,0.29822548018393036,0.9999979689903119,1.9504950495049505,0.4552083333333333,1.464666015625,0.07187500000000002,0,Subject8Activity1Trial2
1.4089499999999997,1.0803355960070926,27.708184300059045,0.9833910577808412,0.875,0.5,8.424117838541667,0.1864583333333334,0,Subject8Activity1Trial3
1.6871249999999995,3.3325157163920474,79.66260992899748,0.49476599039812774,1.1066098081023454,0.5114583333333333,11.526082682291667,0.5114583333333333,1,Subject8Activity1Trial3
1.6444000000000003,3.3325157163920474,91.04499872135412,0.9958878809944155,3.0437956204379564,0.8572916666666667,8.818755859375,0.3885416666666667,1,Subject8Activity1Trial3
1.2526,1.1313659885289111,46.48667421723712,0.9985442307214459,1.9722222222222223,0.5333333333333333,4.584150390625,0.4041666666666667,0,Subject8Activity1Trial3
1.21665,1.048569501749884,10.42929697480514,0.9999202042687318,3.7857142857142856,0.95625,1.333412109375,0.0,0,Subject8Activity1Trial3
1.2060499999999998,0.9962464554516618,2.4846067940489434,0.9999941252285892,0.0,0.0,0.7107428385416666,0.0,0,Subject8Activity1Trial3
1.20645,0.98726896031426,0.5387438739020354,0.999991909650086,0.0,0.0,0.638109375,0.0,0,Subject8Activity1Trial3
1.2075500000000001,0.98726896031426,0.34756879772658067,0.9999924351569545,0.0,0.0,0.6150377604166667,0.0,0,Subject8Activity1Trial3
1.4073999999999998,1.1127421084869575,10.585199898420086,0.9813357386573864,0.6784660766961652,0.646875,4.180774739583333,0.03437499999999993,0,Subject8Activity2Trial1
1.421725,2.0110996991695864,61.206606954450905,0.7917866950467478,1.3846153846153846,0.6479166666666667,7.181165364583333,0.30208333333333337,1,Subject8Activity2Trial1
1.4504750000000002,2.3774528386489604,102.18786124431156,0.981331814271795,1.3026706231454006,0.6489583333333333,7.46423828125,0.20937499999999998,1,Subject8Activity2Trial1
1.325875,2.3774528386489604,43.037457708209246,0.9997808845488648,1.183206106870229,0.43645833333333334,3.8476282552083334,0.020833333333333315,1,Subject8Activity2Trial1
1.21065,1.0390962419333447,3.4469118209631233,0.999981801025941,0.8372093023255814,0.43854166666666666,1.6285319010416668,0.0,0,Subject8Activity2Trial1
1.2098,0.9797555817651665,0.8781569403785454,0.9999914682994865,0.7590361445783133,0.3885416666666667,0.9022994791666668,0.0,0,Subject8Activity2Trial1
1.2138,0.9787839393860117,0.9228864340708469,0.9999946247242109,0.8352941176470589,0.38645833333333335,1.340599609375,0.0,0,Subject8Activity2Trial1
1.2215500000000001,0.9800581615394057,0.7229793102274868,0.9999845403887901,1.7281553398058251,0.46145833333333336,1.7008658854166665,0.0010416666666666075,0,Subject8Activity2Trial1
1.4893999999999998,1.155284380574757,19.78644146559111,0.9977203847947788,0.6073825503355704,0.6395833333333333,3.1506588541666667,0.08124999999999993,0,Subject8Activity2Trial2
1.5481749999999999,1.9803802665144894,37.77196191048699,0.798397151269311,0.9779874213836478,0.66875,5.222307291666667,0.16249999999999998,1,Subject8Activity2Trial2
1.6239750000000002,2.2513973438733554,110.92057140783722,0.7802897061098982,1.5472312703583062,0.6802083333333333,6.476556640625001,0.23854166666666665,1,Subject8Activity2Trial2
1.378,2.2513973438733554,117.66145649020429,0.9974471601754427,2.533333333333333,0.8125,4.1330332031250006,0.12916666666666665,1,Subject8Activity2Trial2
1.0863749999999999,1.043948753531513,22.409247537421606,0.9998972975367426,1.7246376811594204,0.928125,1.27060546875,0.0,0,Subject8Activity2Trial2
1.0721250000000002,1.014975861781944,1.2624485524636384,0.9999971798175344,1.84,0.9427083333333334,0.74196484375,0.0,0,Subject8Activity2Trial2
1.071375,0.9880895708385956,0.5046352109576162,0.9999881140005707,0.0,0.0,0.6622109374999999,0.0,0,Subject8Activity2Trial2
1.071525,0.9825853652482313,0.7329307442550714,0.9999824866468365,0.0,0.0,0.6819778645833333,0.0,0,Subject8Activity2Trial2
1.4910999999999999,1.1558049143345948,35.02776015021911,0.9766681721600242,0.8770491803278688,0.5895833333333333,5.210113281250001,0.13437500000000002,0,Subject8Activity2Trial3
1.5602749999999999,2.1479799812847418,76.64724123713385,0.7650198454473067,1.0041666666666667,0.5,10.337946614583334,0.26979166666666665,1,Subject8Activity2Trial3
1.633775,2.1666337946224323,116.01847723520736,0.980486628011323,1.2361111111111112,0.625,11.080344401041668,0.2739583333333333,1,Subject8Activity2Trial3
1.39785,2.1666337946224323,33.929871569761445,0.9997349582860553,4.951807228915663,0.9135416666666667,5.224330729166667,0.11770833333333341,1,Subject8Activity2Trial3
1.1386499999999997,1.0118275544775404,12.52277499227418,0.9999868997005561,1.0975609756097562,0.3614583333333333,3.5801881510416664,0.017708333333333326,0,Subject8Activity2Trial3
1.132975,0.9865956618595076,0.9433382765200804,0.9999948787814092,1.1355932203389831,0.3645833333333333,2.46881640625,0.25625,0,Subject8Activity2Trial3
1.134475,0.9698463795880252,0.4262808785044001,0.9999967003183852,0.949685534591195,0.471875,1.7388971354166667,0.04999999999999999,0,Subject8Activity2Trial3
1.134775,0.9698463795880252,0.4151808936064185,0.9999978917972862,1.5374149659863945,0.465625,2.1470384114583334,0.021874999999999978,0,Subject8Activity2Trial3
1.507625,1.1048841568236918,58.39420096068973,0.9689919870902551,0.5171339563862928,0.665625,3.68667578125,0.19791666666666663,1,Subject8Activity3Trial1
1.645525,2.6319414887113277,73.41581685535745,0.961132381787423,3.091549295774648,0.8520833333333333,6.690533854166667,0.2833333333333333,1,Subject8Activity3Trial1
1.7500250000000002,2.6319414887113277,67.51155280971562,0.9979447541087332,1.5924170616113744,0.7802083333333333,5.738729166666667,0.038541666666666696,1,Subject8Activity3Trial1
1.728525,1.1746148304869983,31.366584732600366,0.9992645925175214,2.0240963855421685,0.9135416666666667,2.85549609375,0.10416666666666669,0,Subject8Activity3Trial1
1.7567999999999997,1.099572644257759,10.40183316014896,0.9999656018377595,0.7514450867052023,0.534375,2.6324225260416663,0.027083333333333293,0,Subject8Activity3Trial1
1.7548000000000001,1.0496323165756665,2.3402784246077104,0.9999930762696039,1.1783783783783783,0.521875,2.9416868489583337,0.04270833333333335,0,Subject8Activity3Trial1
1.754,1.0422408550810125,2.96510528350251,0.9999921026954004,0.9696969696969697,0.40520833333333334,2.0608997395833333,0.008333333333333304,0,Subject8Activity3Trial1
1.75045,1.0471618786033037,4.031216625427987,0.9999630147308513,0.8775510204081632,0.4041666666666667,1.3768274739583333,0.004166666666666652,0,Subject8Activity3Trial1
1.5532499999999998,3.7328988735297934,92.3587918146313,0.6099147445660423,1.132716049382716,0.6625,4.931899739583334,0.234375,1,Subject8Activity3Trial2
1.6071750000000002,3.7328988735297934,92.3587918146313,0.9702519943404764,1.5928571428571427,0.7083333333333334,5.624975260416667,0.2875,1,Subject8Activity3Trial2
1.67225,1.706791434241454,37.184153137394134,0.999622943748775,1.4864864864864864,0.884375,2.4355371093749993,0.0,0,Subject8Activity3Trial2
1.71475,1.118271433955102,6.3713528844752645,0.9999628333678483,0.979381443298969,0.896875,1.3002174479166666,0.0,0,Subject8Activity3Trial2
1.7280250000000001,1.093376879214116,6.894162264612646,0.9989623952927779,0.9693877551020408,0.8979166666666667,1.3095794270833332,0.050000000000000044,0,Subject8Activity3Trial2
1.7380499999999999,1.093376879214116,5.494349068323089,0.9999564775474314,0.989010989010989,0.9052083333333333,0.9345579427083333,0.0,0,Subject8Activity3Trial2
1.7409500000000002,1.0555027238240553,3.950585006532414,0.9999828969943123,0.6987951807228916,0.47604166666666664,0.938669921875,0.0,0,Subject8Activity3Trial2
1.4910999999999999,3.7266484942908153,100.6697363754005,0.6184823889635943,0.9722222222222222,0.59375,6.493211588541667,0.30937499999999996,1,Subject8Activity3Trial3
1.613925,3.7266484942908153,100.6697363754005,0.9881571965645946,1.099041533546326,0.6739583333333333,6.417750651041667,0.3208333333333333,1,Subject8Activity3Trial3
1.771125,1.3438962013488989,29.134854920154915,0.9994704263048099,2.0638297872340425,0.9020833333333333,2.9741067708333335,0.011458333333333348,0,Subject8Activity3Trial3
1.774975,1.09091200378399,6.092486811625797,0.99997582086916,1.4705882352941178,0.425,1.2647910156250002,0.0,0,Subject8Activity3Trial3
1.7755249999999996,1.0493359805133913,2.3957206498578927,0.9999695607978967,1.1772151898734178,0.478125,0.9830084635416666,0.0,0,Subject8Activity3Trial3
1.7719,1.0490729240620025,4.017480770444976,0.9999698624931858,1.1630434782608696,0.4708333333333333,1.1185813802083333,0.0,0,Subject8Activity3Trial3
1.7719,1.0490729240620025,4.017480770444976,0.9999848290005665,1.2894736842105263,0.47708333333333336,1.01058984375,0.0,0,Subject8Activity3Trial3
1.4626750000000002,1.9432676089514795,44.08026710377245,0.8742177735880167,1.061919504643963,0.6635416666666667,4.9663704427083335,0.18541666666666667,0,Subject8Activity4Trial1
1.544425,2.1666607948638386,79.78330268707671,0.9873197836734263,1.632398753894081,0.665625,6.768706380208333,0.28125,1,Subject8Activity4Trial1
1.5467,2.1666607948638386,79.78330268707671,0.9983578563230917,3.171641791044776,0.8604166666666667,3.7304453124999997,0.5291666666666667,0,Subject8Activity4Trial1
1.489425,1.1258854293399483,6.58830455907146,0.9998026303781159,1.5217391304347827,0.9041666666666667,2.0845768229166666,0.0,0,Subject8Activity4Trial1
1.5030000000000001,1.102702135664931,6.889808728490664,0.9997224185697163,1.2272727272727273,0.4395833333333333,1.6819166666666665,0.003124999999999989,0,Subject8Activity4Trial1
1.526575,1.0958266286233422,6.747395181975136,0.99997732681871,1.2461538461538462,0.440625,1.2756354166666666,0.001041666666666663,0,Subject8Activity4Trial1
1.54535,1.0716160693084067,2.8854634807084523,0.9999554939873684,1.5757575757575757,0.4395833333333333,1.2178411458333334,0.001041666666666663,0,Subject8Activity4Trial1
1.552025,1.0716160693084067,2.285331667943808,0.9999981671628695,1.5522388059701493,0.43854166666666666,1.26559375,0.007291666666666696,0,Subject8Activity4Trial1
1.4893750000000001,2.735844659332836,48.99553313932339,0.7269021706016451,1.043076923076923,0.6614583333333334,6.2590664062500005,0.26979166666666665,1,Subject8Activity4Trial2
1.646275,2.735844659332836,63.69119455407654,0.9835998744339836,1.562111801242236,0.6645833333333333,6.597301432291667,0.1875,1,Subject8Activity4Trial2
1.7428249999999998,2.735844659332836,60.40289979745223,0.9988441810689571,3.1259259259259258,0.859375,3.499888671875,0.05833333333333335,1,Subject8Activity4Trial2
1.729475,1.3522285309813575,13.987195872282925,0.9999627887773778,1.0727272727272728,0.9052083333333333,1.3009296875,0.0,0,Subject8Activity4Trial2
1.73885,1.0751748694979808,1.7761088091705943,0.9999418781222692,1.0925925925925926,0.90625,0.8997955729166666,0.0,0,Subject8Activity4Trial2
1.742725,1.073646124195491,1.175442342339295,0.9999982658961619,0.0,0.0,0.70858203125,0.0,0,Subject8Activity4Trial2
1.74445,1.0683824221691407,1.5629635456258768,0.9999961511224436,0.0,0.0,0.6845716145833333,0.0,0,Subject8Activity4Trial2
1.40165,1.025254114841779,13.502822897881458,0.987838476796875,0.8793103448275862,0.5625,4.603794921875,0.01666666666666672,0,Subject8Activity4Trial3
1.4615500000000001,2.576778997120242,69.69539932240805,0.803419281600384,1.6276923076923078,0.6614583333333334,7.385587890625,0.4270833333333333,1,Subject8Activity4Trial3
1.401875,2.576778997120242,69.69539932240805,0.9996179559477448,1.8492063492063493,0.7375,5.912473307291666,0.13854166666666656,1,Subject8Activity4Trial3
1.2241,1.0442456607522963,21.790695893111945,0.9998933282959669,1.4102564102564104,0.878125,2.6221608072916665,0.06354166666666672,0,Subject8Activity4Trial3
1.2067,0.9854501509462565,4.717977972295429,0.9999831471228829,1.2777777777777777,0.90625,1.340701171875,0.0,0,Subject8Activity4Trial3
1.2042499999999998,0.9755126857196681,1.3317630426966787,0.9999975890283338,0.6721311475409836,0.47604166666666664,0.9924095052083333,0.0,0,Subject8Activity4Trial3
1.2038749999999998,0.9736708889558113,1.375042259416503,0.9999918708242346,0.4393939393939394,0.475,1.0506412760416666,0.0,0,Subject8Activity4Trial3
1.2045,0.9736708889558113,1.7930066886386555,0.9999944924569132,1.0636363636363637,0.49583333333333335,1.32369921875,0.02395833333333336,0,Subject8Activity4Trial3
1.642425,2.4457052152702294,61.93876951827403,0.7211578362218877,0.9190031152647975,0.665625,6.126368489583333,0.365625,1,Subject8Activity5Trial1
1.6652999999999998,2.4457052152702294,62.64512544191109,0.9588698017876268,1.1216617210682494,0.6489583333333333,8.694634765625,0.3739583333333333,1,Subject8Activity5Trial1
1.6344250000000002,1.3683570440495418,64.57440367130951,0.9908252203212069,1.984375,0.8,7.986373697916667,0.5302083333333334,1,Subject8Activity5Trial1
1.7414,1.297374271365052,39.988623734362264,0.9997872395145767,2.6083333333333334,0.875,6.183526692708334,0.012500000000000011,0,Subject8Activity5Trial1
1.7525750000000002,1.0769563593758105,7.841027978332917,0.9999925432525183,0.7604456824512534,0.37395833333333334,6.240584635416667,0.006249999999999978,0,Subject8Activity5Trial1
1.7475999999999998,1.0468648432343117,3.756641604476208,0.9999890597930089,0.6476426799007444,0.4197916666666667,5.8830338541666665,0.3458333333333333,0,Subject8Activity5Trial1
1.7454749999999997,1.0468648432343117,3.525318476571101,0.9999836651542958,1.1710526315789473,0.4708333333333333,4.027921223958334,0.26979166666666665,0,Subject8Activity5Trial1
1.7500000000000004,1.04636609272281,2.904401143518058,0.9999934773121841,0.4354066985645933,0.5864583333333333,2.6064029947916665,0.11249999999999999,0,Subject8Activity5Trial1
1.4563249999999996,1.0965559721236304,26.311405086823157,0.9973435833770089,0.7066115702479339,0.5791666666666667,2.999846354166667,0.01666666666666672,0,Subject8Activity5Trial2
1.6014249999999997,2.140774159036866,88.1241208636729,0.7828876375522603,1.2623456790123457,0.6625,5.919263671875,0.290625,1,Subject8Activity5Trial2
1.6634,2.140774159036866,70.98795049735249,0.9831174328477708,1.9945945945945946,0.8072916666666666,6.711477213541667,0.002083333333333326,1,Subject8Activity5Trial2
1.6706500000000002,1.2850412444742776,68.38012027796916,0.9995419429685868,2.1549295774647885,0.8520833333333333,3.287374348958333,0.2572916666666667,1,Subject8Activity5Trial2
1.738225,1.2424994969817895,12.358692632040519,0.9999799590774824,0.6056338028169014,0.8677083333333333,1.0305266927083334,0.0,0,Subject8Activity5Trial2
1.7236249999999997,1.0562750588743446,3.3520809143896955,0.9999948716940399,0.0,0.0,0.7193287760416667,0.0,0,Subject8Activity5Trial2
1.71695,1.049862371932626,3.092619541279724,0.9999843160094004,0.0,0.0,0.7332845052083332,0.0,0,Subject8Activity5Trial2
1.46095,1.0999772724924821,17.108662142570324,0.996236854767805,0.5914893617021276,0.5697916666666667,2.3485416666666667,0.04375000000000007,0,Subject8Activity5Trial3
1.4851,1.3820018089713195,73.72475017240356,0.9642862504878215,0.75,0.6625,3.963731770833333,0.4052083333333334,1,Subject8Activity5Trial3
1.6923000000000001,2.4765980699338352,60.96749444315218,0.9367801971956675,1.5620915032679739,0.68125,6.398587239583333,0.3614583333333333,1,Subject8Activity5Trial3
1.7352750000000001,2.4765980699338352,59.47587095526707,0.9960029351646108,1.8876404494382022,0.8145833333333333,5.061520182291666,0.025000000000000022,1,Subject8Activity5Trial3
1.6151499999999999,1.1879612788302487,25.565680716814946,0.999665835464513,2.147727272727273,0.9083333333333333,1.8633509114583333,0.06666666666666665,0,Subject8Activity5Trial3
1.644725,1.092491647565326,4.8595322327582124,0.9999928065772961,0.0,0.0,0.784638671875,0.0,0,Subject8Activity5Trial3
1.6420749999999997,1.0529126269543927,3.817588985860951,0.9999878225994894,0.0,0.0,0.6817005208333333,0.0,0,Subject8Activity5Trial3
1.643925,1.0527416587178453,3.817588985860951,0.9999937171761298,0.0,0.0,0.6831302083333334,0.0,0,Subject8Activity5Trial3
1.21135,1.162628917582906,6.966758693388859,0.9976099535519344,0.975609756097561,0.9145833333333333,1.055693359375,0.0,0,Subject9Activity11Trial1
1.20975,1.162628917582906,6.966758693388859,0.9999868017931711,0.9764705882352941,0.9114583333333334,1.0066106770833334,0.028124999999999956,0,Subject9Activity11Trial1
1.1886,1.0705895572066824,1.6481949192880716,0.9998971952604866,0.0,0.0,0.7273665364583334,0.0,0,Subject9Activity11Trial1
1.1829,1.071688387545559,1.9722800140043146,0.999782639140646,1.2191780821917808,0.9239583333333333,0.8829746093749999,0.0,0,Subject9Activity11Trial1
1.189375,1.0963977380494727,4.385252700636394,0.999947111601839,0.8472222222222222,0.925,0.9424824218750001,0.0,0,Subject9Activity11Trial1
1.183875,1.0963977380494727,4.15876052357157,0.9999602036060684,0.5083333333333333,0.49166666666666664,1.0005247395833332,0.0,0,Subject9Activity11Trial1
1.1821,1.0608835939913484,3.4790662504396996,0.9999731308080639,1.032,0.484375,1.791126953125,0.03333333333333338,0,Subject9Activity11Trial1
1.203175,1.0812613005189817,2.8710297175804174,0.999930646570943,0.8676470588235294,0.4979166666666667,1.582896484375,0.0,0,Subject9Activity11Trial1
1.1942499999999998,1.0812613005189817,2.886283575435054,0.9998462567718123,1.1081081081081081,0.40208333333333335,0.8806165364583334,0.0,0,Subject9Activity11Trial1
1.181,1.0685822382952095,1.841900331638393,0.9999025611919828,0.9178082191780822,0.396875,0.8197194010416666,0.0,0,Subject9Activity11Trial1
1.191725,1.0730377439773495,1.6546340663573478,0.9999671727649461,0.8648648648648649,0.3958333333333333,0.8254296875000001,0.0,0,Subject9Activity11Trial1
1.1903,1.0730377439773495,2.015809778746471,0.9999620888436915,1.0,0.3770833333333333,0.8217845052083333,0.0,0,Subject9Activity11Trial1
1.1854999999999998,1.0582669795472217,1.6595644173043862,0.9999638788159558,0.6496350364963503,0.490625,1.345697265625,0.0,0,Subject9Activity11Trial1
1.186375,1.0743975055816166,2.5689043633841573,0.9997860457434092,1.3884892086330936,0.4864583333333333,2.1998815104166667,0.09062500000000001,0,Subject9Activity11Trial1
1.18885,1.0743975055816166,3.051410264706159,0.9998623548771766,1.326086956521739,0.4791666666666667,2.0044251302083333,0.021875000000000033,0,Subject9Activity11Trial1
1.19865,1.0675069086427498,2.915907597205062,0.9999872462868147,1.4186046511627908,0.41875,1.8400605468750002,0.0,0,Subject9Activity11Trial1
1.1902750000000002,1.0675069086427498,2.9654501093909698,0.9998769375324744,0.9111111111111111,0.4166666666666667,2.2425169270833334,0.001041666666666663,0,Subject9Activity11Trial1
1.1896499999999999,1.0717341088161747,2.5253721576764736,0.9999439959402526,1.5595238095238095,0.4,1.7218444010416665,0.001041666666666663,0,Subject9Activity11Trial1
1.1888,1.0717341088161747,2.9177398462539896,0.9999765775600176,1.146341463414634,0.4,1.0673828125,0.013541666666666674,0,Subject9Activity11Trial1
1.182825,1.0728886242290017,2.497962298994117,0.9998242984312258,0.7654320987654321,0.39895833333333336,0.8421354166666667,0.0,0,Subject9Activity11Trial1
1.1875499999999999,1.0728886242290017,2.743469719466515,0.9999530920019363,0.9047619047619048,0.4197916666666667,0.8202825520833334,0.0,0,Subject9Activity11Trial1
1.18685,1.0672520789391793,2.721831939973293,0.9999360218114419,0.8529411764705882,0.4479166666666667,0.6574733072916666,0.0,0,Subject9Activity11Trial1
1.1882,1.0672520789391793,2.1059374710814946,0.9999450320553022,0.0,0.0,0.6216074218749998,0.0,0,Subject9Activity11Trial1
1.18935,1.0563455873907932,1.7619423079112737,0.9999564521746918,0.0,0.0,0.71473828125,0.0,0,Subject9Activity11Trial1
1.1977,1.0705778813332547,2.3925711867980546,0.9999893847464074,0.0,0.0,0.6782552083333333,0.0,0,Subject9Activity11Trial1
1.19385,1.0705778813332547,2.539112271858965,0.9999850374735587,0.0,0.0,0.6381569010416668,0.0,0,Subject9Activity11Trial1
1.1902,1.0502366400007193,1.897261361746061,0.9999940707110936,0.0,0.0,0.6072552083333334,0.0,0,Subject9Activity11Trial1
1.1997250000000002,1.053327109686255,1.452721620511345,0.9999880405761902,0.0,0.0,0.6042643229166667,0.0,0,Subject9Activity11Trial1
1.1993,1.0541826217501404,1.6150822251325314,0.9999156646323684,0.0,0.0,0.6381692708333333,0.0,0,Subject9Activity11Trial1
1.20935,1.0846773713874556,4.563122697923583,0.999723818522279,1.48,0.9479166666666666,0.7907161458333334,0.0,0,Subject9Activity11Trial1
1.226925,1.0846773713874556,4.0171388571858735,0.9998269139167062,1.3571428571428572,0.9416666666666667,0.8156080729166666,0.0,0,Subject9Activity11Trial1
1.232575,1.0615144841216253,2.2625754549339163,0.9999181103924785,1.1785714285714286,0.9479166666666666,0.7167076822916666,0.0,0,Subject9Activity11Trial1
1.223275,1.0638289336166789,2.6550927697725424,0.9999424627606994,1.6571428571428573,0.9635416666666666,0.7314544270833334,0.0,0,Subject9Activity11Trial1
1.2182499999999998,1.0638289336166789,2.3516998035543004,0.9999349085648152,0.0,0.0,0.7194778645833334,0.0,0,Subject9Activity11Trial1
1.21755,1.059009442828533,1.5379653479168756,0.9999540456924475,1.3454545454545455,0.3572916666666667,0.8309309895833333,0.0,0,Subject9Activity11Trial1
1.219525,1.0624754114801904,1.6089764802073496,0.9999176677055234,1.368421052631579,0.35520833333333335,0.8821022135416667,0.0,0,Subject9Activity11Trial1
1.215025,1.0624754114801904,1.773960054373724,0.9999601030965339,0.9423076923076923,0.3541666666666667,0.772724609375,0.0,0,Subject9Activity11Trial1
1.21005,1.0648009203602333,1.5288849520255354,0.9999604500480849,0.0,0.0,0.6783821614583333,0.0,0,Subject9Activity11Trial1
1.213025,1.0648009203602333,1.5866905957490234,0.9999076662218174,0.0,0.0,0.681068359375,0.0,0,Subject9Activity11Trial1
1.2139250000000001,1.06830894407938,2.3157217220805757,0.9999247690509343,1.3793103448275863,0.38229166666666664,0.6820377604166665,0.0,0,Subject9Activity11Trial1
1.2119499999999999,1.06830894407938,1.826942171990762,0.9999218666820252,1.1666666666666667,0.38125,0.6596165364583333,0.0,0,Subject9Activity11Trial1
1.2101,1.0555685671712662,1.4437048843380165,0.9999570371618411,1.3448275862068966,0.38229166666666664,0.6460618489583333,0.0,0,Subject9Activity11Trial1
1.208625,1.0555685671712662,1.7109691525957054,0.9999365035657495,1.4285714285714286,0.3854166666666667,0.661005859375,0.0,0,Subject9Activity11Trial1
1.20955,1.0570837242148796,1.8287411005360266,0.9999638551087976,1.28,0.38645833333333335,0.6370143229166667,0.0,0,Subject9Activity11Trial1
1.2081750000000002,1.0570837242148796,1.5656379777925995,0.9999496397507047,0.0,0.0,0.619548828125,0.0,0,Subject9Activity11Trial1
1.2045,1.052873211740141,1.0751315579748297,0.9999742907525424,0.0,0.0,0.622365234375,0.0,0,Subject9Activity11Trial1
1.213625,1.0615483973893982,1.5418601664388163,0.9998576150046599,0.0,0.0,0.614060546875,0.0,0,Subject9Activity11Trial1
1.2094999999999998,1.0615483973893982,1.7780573715651844,0.9999797470471256,0.0,0.0,0.602580078125,0.0,0,Subject9Activity11Trial1
1.2099250000000001,1.0509490948661595,1.3504790083364036,0.9999898502751722,0.0,0.0,0.5878925781250001,0.0,0,Subject9Activity11Trial1
1.21605,1.0552937979539159,1.0739315176855104,0.9999883135647524,0.0,0.0,0.5893411458333333,0.0,0,Subject9Activity11Trial1
1.2094,1.0552937979539159,1.2833498035842545,0.9999717552361926,0.0,0.0,0.6028391927083333,0.0,0,Subject9Activity11Trial1
1.207025,1.0536389324621598,0.9897533011179895,0.9999879267876443,0.0,0.0,0.6304205729166666,0.0,0,Subject9Activity11Trial1
1.207125,1.0576072049678935,1.0776730939631687,0.9999692440877005,0.0,0.0,0.6427291666666667,0.0,0,Subject9Activity11Trial1
1.209,1.0656767802668874,1.4385057048958423,0.9999730692481597,0.0,0.0,0.6828470052083333,0.0,0,Subject9Activity11Trial2
1.209825,1.063651258636965,1.4385057048958423,0.9999662764247689,0.0,0.0,0.6638736979166666,0.0,0,Subject9Activity11Trial2
1.21115,1.063651258636965,1.3649124520339324,0.9999341759418126,0.0,0.0,0.6126783854166666,0.0,0,Subject9Activity11Trial2
1.209725,1.0547900264981651,1.3649124520339324,0.9999679508564228,0.0,0.0,0.6202675781250001,0.0,0,Subject9Activity11Trial2
1.2101,1.0551639683006617,1.4220036479468234,0.9999395768720268,0.0,0.0,0.6283684895833334,0.0,0,Subject9Activity11Trial2
1.209075,1.0551639683006617,1.4220036479468234,0.9999816296593729,0.3614457831325301,0.4010416666666667,0.7035651041666667,0.0,0,Subject9Activity11Trial2
1.2139,1.0556514576317317,1.11376116267453,0.9999747965367252,0.36585365853658536,0.4,0.7289778645833335,0.0,0,Subject9Activity11Trial2
1.207075,1.0556514576317317,1.1648869444706715,0.9999880604834532,1.0133333333333334,0.39479166666666665,0.8698834635416667,0.027083333333333348,0,Subject9Activity11Trial2
1.208525,1.0558797279993588,1.145269267219673,0.9999814900072861,1.1805555555555556,0.39791666666666664,0.944556640625,0.0,0,Subject9Activity11Trial2
1.21345,1.0558797279993588,1.6000120912352003,0.9999834906301333,1.632183908045977,0.4197916666666667,1.2463118489583331,0.009374999999999967,0,Subject9Activity11Trial2
1.2151,1.0565803329610106,1.6000120912352003,0.9999792431897082,1.7241379310344827,0.41770833333333335,1.869209635416667,0.007291666666666696,0,Subject9Activity11Trial2
1.2173500000000002,1.0624881175806156,1.056743250422663,0.9999437636373854,2.2934782608695654,0.41458333333333336,1.8964733072916666,0.001041666666666663,0,Subject9Activity11Trial2
1.208175,1.0624881175806156,1.4470466401004085,0.9999688990228621,2.147727272727273,0.4125,1.6306588541666667,0.020833333333333315,0,Subject9Activity11Trial2
1.2101,1.0534111258193544,1.429706876460381,0.9999724981536864,1.5194805194805194,0.40520833333333334,1.2028899739583332,0.005208333333333315,0,Subject9Activity11Trial2
1.2183499999999998,1.0601268791989003,1.2806065296638582,0.9999755199678195,0.8857142857142857,0.4125,0.8482291666666667,0.0,0,Subject9Activity11Trial2
1.21335,1.0601268791989003,1.205064178368458,0.9998801755002825,0.7066666666666667,0.921875,0.8876627604166666,0.0,0,Subject9Activity11Trial2
1.20945,1.06614586244097,2.1683314761371992,0.9997715545787431,0.6911764705882353,0.9125,0.8560970052083332,0.0,0,Subject9Activity11Trial2
1.20595,1.06614586244097,2.1683314761371992,0.9999704272487058,0.7903225806451613,0.9104166666666667,0.77890625,0.0,0,Subject9Activity11Trial2
1.207925,1.063498001878706,1.4894012326048234,0.9999666663412679,0.8461538461538461,0.8864583333333333,0.7121842447916666,0.0,0,Subject9Activity11Trial2
1.2065249999999998,1.063498001878706,1.124111345109947,0.9999900889318359,0.9019607843137255,0.35520833333333335,0.7220182291666667,0.0,0,Subject9Activity11Trial2
1.205825,1.0526561641865781,1.110272207782085,0.9999883336832714,1.0961538461538463,0.35625,0.8604889322916666,0.001041666666666663,0,Subject9Activity11Trial2
1.2055250000000002,1.0526561641865781,1.1948488287380599,0.999958026588846,0.8461538461538461,0.35833333333333334,0.7654869791666666,0.0,0,Subject9Activity11Trial2
1.20965,1.0583099734954784,1.4480815746049363,0.9999679600471583,1.375,0.38125,0.6569075520833334,0.0,0,Subject9Activity11Trial2
1.2133749999999999,1.0583099734954784,1.1193900310855547,0.9999801134964378,0.0,0.0,0.622451171875,0.0,0,Subject9Activity11Trial2
1.2098,1.0550758266589184,0.9844162296613934,0.9999836462708981,0.0,0.0,0.60772265625,0.0,0,Subject9Activity11Trial2
1.215625,1.0546302669656318,1.1011751886555956,0.9999810987898227,0.0,0.0,0.591080078125,0.0,0,Subject9Activity11Trial2
1.21045,1.0552127747520876,1.464646103508528,0.9999527857394122,0.0,0.0,0.6078372395833334,0.0,0,Subject9Activity11Trial2
1.211125,1.0612280621996386,1.4192848802813174,0.9999642334489381,0.0,0.0,0.6090852864583333,0.0,0,Subject9Activity11Trial2
1.209975,1.0612280621996386,1.4005157664017336,0.9999464945814853,0.0,0.0,0.6072083333333333,0.0,0,Subject9Activity11Trial2
1.210925,1.0558418442172104,1.305421946891821,0.9999646027344669,0.0,0.0,0.59372265625,0.0,0,Subject9Activity11Trial2
1.2103,1.0558418442172104,1.2446796844801167,0.9999686168293598,0.0,0.0,0.5941614583333333,0.0,0,Subject9Activity11Trial2
1.2072,1.0558039590757369,1.288202083785011,0.9999823347103562,0.0,0.0,0.5929466145833333,0.0,0,Subject9Activity11Trial2
1.2098,1.0558039590757369,1.4522279084030725,0.9999834087136652,0.0,0.0,0.5868619791666667,0.0,0,Subject9Activity11Trial2
1.2079499999999999,1.0510627954599097,1.3544504847469057,0.9999942346097747,0.0,0.0,0.5859869791666666,0.0,0,Subject9Activity11Trial2
1.2161250000000001,1.0548938335207008,0.9484944366545243,0.9999807730863549,0.0,0.0,0.5803515625,0.0,0,Subject9Activity11Trial2
1.21205,1.0548938335207008,1.0767630599500002,0.9999840002917777,0.0,0.0,0.5827819010416666,0.0,0,Subject9Activity11Trial2
1.2135,1.0556514576317317,1.0066540886554876,0.999984469879124,0.0,0.0,0.5673391927083333,0.0,0,Subject9Activity11Trial2
1.2126499999999998,1.0556514576317317,1.1579984310674991,0.9999681313393479,0.0,0.0,0.5731653645833333,0.0,0,Subject9Activity11Trial2
1.2095749999999998,1.0588607084975812,1.166439046920626,0.9999655472397639,0.0,0.0,0.5843483072916666,0.0,0,Subject9Activity11Trial2
1.20965,1.0588607084975812,1.3154813869139304,0.9999541226623273,0.0,0.0,0.5844772135416667,0.0,0,Subject9Activity11Trial2
1.2068999999999999,1.0545240632626642,1.2963324867922736,0.9999554789888515,0.0,0.0,0.591859375,0.0,0,Subject9Activity11Trial2
1.2172,1.0548374282324267,1.2749488381859688,0.9999752576683927,0.0,0.0,0.5750208333333333,0.0,0,Subject9Activity11Trial2
1.2119250000000001,1.0554562994269352,1.3673198763253467,0.9999445347356962,0.0,0.0,0.5821770833333333,0.0,0,Subject9Activity11Trial2
1.210475,1.0597405342818589,1.3716328130442594,0.999963252392735,0.0,0.0,0.5749270833333333,0.0,0,Subject9Activity11Trial2
1.2104500000000002,1.0597405342818589,1.3290788759220824,0.9999529003233765,0.0,0.0,0.5827194010416668,0.0,0,Subject9Activity11Trial2
1.2056749999999998,1.0546207849269802,1.1344203793868068,0.9999896429820462,0.0,0.0,0.584669921875,0.0,0,Subject9Activity11Trial2
1.21265,1.0571333879884788,1.1039911030640024,0.9999766994157291,0.6052631578947368,0.44166666666666665,0.6100299479166666,0.0,0,Subject9Activity11Trial2
1.2111,1.0571333879884788,1.1294043746452296,0.9999872125573137,1.0,0.4375,0.6693222656250001,0.0,0,Subject9Activity11Trial2
1.2121499999999998,1.0579456507779594,1.3653349924337288,0.9999893513177128,0.8166666666666667,0.42083333333333334,0.7345989583333334,0.0,0,Subject9Activity11Trial2
1.207975,1.0579456507779594,1.5404436960521029,0.9999566376084357,0.7972972972972973,0.40625,0.7884381510416667,0.0,0,Subject9Activity11Trial2
1.205975,1.0574336858640356,1.5353563455252264,0.9999443409649513,0.7764705882352941,0.390625,0.8529088541666667,0.0,0,Subject9Activity11Trial2
1.2153500000000002,1.0591822317240787,1.4601323072020183,0.9999633578541706,1.2134831460674158,0.3927083333333333,1.0293216145833335,0.0,0,Subject9Activity11Trial2
1.210075,1.0591822317240787,1.4107146308244296,0.9999766005321796,2.072463768115942,0.415625,1.3820657552083333,0.009375000000000022,0,Subject9Activity11Trial2
1.21085,1.0610909480341446,1.232418180318641,0.9999979798788158,0.0,0.0,0.6097877604166667,0.0,0,Subject9Activity11Trial3
1.212725,1.0581559431388174,1.2730475889929647,0.9999938471357068,0.0,0.0,0.6405143229166667,0.0,0,Subject9Activity11Trial3
1.212275,1.0581559431388174,1.2253688106793756,0.9999941145183925,0.0,0.0,0.6294954427083332,0.0,0,Subject9Activity11Trial3
1.21485,1.0537580367427808,1.1584084634204004,0.999981738303807,0.0,0.0,0.6442584635416667,0.0,0,Subject9Activity11Trial3
1.212425,1.0594205963638803,1.6648943753488439,0.9999381735360237,1.6818181818181819,0.42291666666666666,0.6557968750000001,0.0,0,Subject9Activity11Trial3
1.204375,1.0594205963638803,2.337113384703553,0.9999780767876065,0.0,0.0,0.6472005208333333,0.0,0,Subject9Activity11Trial3
1.217025,1.054280797510796,1.8364084057309675,0.9999890231432156,0.0,0.0,0.655439453125,0.0,0,Subject9Activity11Trial3
1.2239499999999999,1.0576700808853392,1.3067495907373186,0.9999844988814175,0.0,0.0,0.6261041666666667,0.0,0,Subject9Activity11Trial3
1.2132749999999999,1.0576700808853392,1.1338063474196751,0.9999894188180541,0.0,0.0,0.5932415364583333,0.0,0,Subject9Activity11Trial3
1.21335,1.0536284924013777,1.65921108439926,0.999983563109161,0.0,0.0,0.5763619791666666,0.0,0,Subject9Activity11Trial3
1.2183,1.0550094786304054,1.2049202686057967,0.9999748791967201,0.0,0.0,0.5847467447916666,0.0,0,Subject9Activity11Trial3
1.2161000000000002,1.0550094786304054,1.2086120010681611,0.999995554463345,0.0,0.0,0.5919739583333333,0.0,0,Subject9Activity11Trial3
1.217025,1.0580401693697645,1.0283525981711001,0.9999754859169258,0.0,0.0,0.582267578125,0.0,0,Subject9Activity11Trial3
1.2159,1.0580401693697645,0.989162170775824,0.9999932866182021,0.0,0.0,0.5853958333333333,0.0,0,Subject9Activity11Trial3
1.2163499999999998,1.0578133105609893,1.230152732559283,0.9999549555290963,0.0,0.0,0.58150390625,0.0,0,Subject9Activity11Trial3
1.2162,1.0578133105609893,1.2368359579891184,0.9999920189109094,0.0,0.0,0.5887506510416666,0.0,0,Subject9Activity11Trial3
1.217075,1.0573310739782502,1.1036181668103673,0.9999797061373099,0.0,0.0,0.5862734375,0.0,0,Subject9Activity11Trial3
1.2185000000000001,1.0573310739782502,1.4900916589236566,0.9999651785346795,0.0,0.0,0.57736328125,0.0,0,Subject9Activity11Trial3
1.2170999999999998,1.0542504446287895,1.5391569174005095,0.9999866325888135,0.0,0.0,0.5670058593749999,0.0,0,Subject9Activity11Trial3
1.2179499999999999,1.0542504446287895,1.2369250610195426,0.9999799308141952,0.0,0.0,0.5746126302083333,0.0,0,Subject9Activity11Trial3
1.2181,1.0631128820590972,1.073587507272478,0.9999577428038388,0.0,0.0,0.5770514322916667,0.0,0,Subject9Activity11Trial3
1.218075,1.0631128820590972,1.4031875552309057,0.9999572505960717,0.0,0.0,0.5985872395833333,0.0,0,Subject9Activity11Trial3
1.217,1.0555491461793716,1.716553942777379,0.9999907642830431,0.7049180327868853,0.9052083333333333,0.683556640625,0.0,0,Subject9Activity11Trial3
1.2183,1.0637466803708484,1.537231534753344,0.9999467758183518,0.7068965517241379,0.9041666666666667,0.6974036458333334,0.0,0,Subject9Activity11Trial3
1.2167999999999999,1.0637466803708484,1.2379501202879624,0.999991778410775,0.8979591836734694,0.8947916666666667,0.6783372395833333,0.0,0,Subject9Activity11Trial3
1.217975,1.0635229193581115,1.170095384093365,0.9999808428310988,0.6458333333333334,0.89375,0.6593938802083333,0.0,0,Subject9Activity11Trial3
1.218825,1.0635229193581115,1.068750026976483,0.9999840138711963,0.0,0.0,0.5836770833333333,0.0,0,Subject9Activity11Trial3
1.2182749999999998,1.0594441939054646,1.1802155241902028,0.9999639359532554,0.0,0.0,0.5707506510416667,0.0,0,Subject9Activity11Trial3
1.220075,1.0594441939054646,1.0798064575159927,0.9999866728220902,0.0,0.0,0.5809375,0.0,0,Subject9Activity11Trial3
1.215725,1.0528456677025366,1.081298648011682,0.9999905184006007,0.0,0.0,0.5681842447916667,0.0,0,Subject9Activity11Trial3
1.218575,1.0530246910685428,1.1260510774751875,0.9999737113448688,0.0,0.0,0.568255859375,0.0,0,Subject9Activity11Trial3
1.22125,1.0561316205852374,1.0342148286715638,0.9999706314260619,0.0,0.0,0.5771230468749999,0.0,0,Subject9Activity11Trial3
1.2190999999999999,1.0561316205852374,1.174290183525038,0.9999770548808592,0.0,0.0,0.5655794270833333,0.0,0,Subject9Activity11Trial3
1.2182499999999998,1.0553032739454569,1.2175469467641378,0.9999862455431908,0.0,0.0,0.5748743489583333,0.0,0,Subject9Activity11Trial3
1.219875,1.056828273656605,1.1156296090302256,0.9999929750904423,0.0,0.0,0.575982421875,0.0,0,Subject9Activity11Trial3
1.21995,1.056828273656605,1.300928487453108,0.9999859485391942,0.0,0.0,0.5765520833333333,0.0,0,Subject9Activity11Trial3
1.2170999999999998,1.058817264687349,1.2531434110126245,0.9999779490045039,0.0,0.0,0.5740260416666667,0.0,0,Subject9Activity11Trial3
1.21895,1.058817264687349,1.1050877168903899,0.9999649669444493,0.0,0.0,0.57055859375,0.0,0,Subject9Activity11Trial3
1.217625,1.0533617612197623,1.0564783065968957,0.9999918738670729,0.0,0.0,0.5764830729166667,0.0,0,Subject9Activity11Trial3
1.21705,1.0594932751084358,0.9526219818828938,0.9999789950319022,0.717948717948718,0.934375,0.6162740885416668,0.0,0,Subject9Activity11Trial3
1.218925,1.0594932751084358,1.1195476727753935,0.9999911134444947,0.7380952380952381,0.9333333333333333,0.6655455729166666,0.0,0,Subject9Activity11Trial3
1.216775,1.0587719301152634,1.1813498961224305,0.9999729467825835,0.6923076923076923,0.915625,0.6945403645833333,0.0,0,Subject9Activity11Trial3
1.2195,1.0587719301152634,1.1079010181625364,0.9999676017541177,0.0,0.0,0.6803352864583334,0.0,0,Subject9Activity11Trial3
1.2202000000000002,1.0533608118778675,0.8723704750973678,0.9999910537537956,0.6721311475409836,0.909375,0.714748046875,0.0,0,Subject9Activity11Trial3
1.2199749999999998,1.0576506984822542,1.1288604111135196,0.9999783659060518,0.6271186440677966,0.9072916666666667,0.6463196614583334,0.0,0,Subject9Activity11Trial3
1.22025,1.0576506984822542,1.1288604111135196,0.9999954078356486,0.0,0.0,0.5788157552083334,0.0,0,Subject9Activity11Trial3
1.2194,1.0555647777374915,1.0945210782920984,0.9999770487448107,0.0,0.0,0.5680911458333333,0.0,0,Subject9Activity11Trial3
1.223175,1.0555647777374915,1.0198225341333842,0.9999760899424809,0.0,0.0,0.5685618489583334,0.0,0,Subject9Activity11Trial3
1.221875,1.0571594014149428,1.0460423315280085,0.9999763387789686,0.0,0.0,0.5666627604166666,0.0,0,Subject9Activity11Trial3
1.2233999999999998,1.0571594014149428,0.9641244798448749,0.9999757757582175,0.0,0.0,0.566896484375,0.0,0,Subject9Activity11Trial3
1.224175,1.0553260159780011,0.8109160265091315,0.9999968117860896,0.0,0.0,0.5953938802083334,0.0,0,Subject9Activity11Trial3
1.221325,1.053976280568021,0.823124109249779,0.9999860878974746,0.0,0.0,0.632943359375,0.0,0,Subject9Activity11Trial3
1.22235,1.053976280568021,1.0575707193832962,0.9999910674550536,0.5486111111111112,0.48541666666666666,0.9511582031250001,0.002083333333333326,0,Subject9Activity11Trial3
1.2213999999999998,1.0571480501802952,1.1392998207600726,0.9999728899792504,0.4956521739130435,0.5135416666666667,1.5144205729166667,0.0,0,Subject9Activity11Trial3
1.248525,3.768956619543398,109.46843406688166,0.4829741354830602,1.2315112540192925,0.6760416666666667,6.921695312500001,0.19374999999999998,0,Subject9Activity1Trial1
1.2646000000000002,3.768956619543398,109.46843406688166,0.9701042255526888,1.3651315789473684,0.6833333333333333,8.090098958333334,0.06458333333333333,1,Subject9Activity1Trial1
1.1061,1.3888084821169548,39.261649248530745,0.9996461986038678,2.453333333333333,0.84375,3.8745449218749997,0.07708333333333328,0,Subject9Activity1Trial1
1.0665499999999999,1.022089037217404,6.05681650013949,0.9994650703816904,1.46875,0.9,1.5081490885416666,0.0,0,Subject9Activity1Trial1
1.0713750000000002,1.022089037217404,1.110746257690323,0.9999823184083644,1.394736842105263,0.9604166666666667,0.7900690104166666,0.0,0,Subject9Activity1Trial1
1.0701749999999999,0.9794763907312927,0.4478632422565454,0.9999970419732512,0.0,0.0,0.6108118489583333,0.0,0,Subject9Activity1Trial1
1.072525,0.9777571273071856,0.38006072376472844,0.9999899311865199,0.0,0.0,0.6041477864583333,0.0,0,Subject9Activity1Trial1
1.072325,0.9777571273071856,0.43697251028268624,0.9999960339507028,0.0,0.0,0.6371380208333333,0.0,0,Subject9Activity1Trial1
1.3441,4.198739453693215,131.21164444288894,0.33392799716423244,1.2990353697749195,0.6760416666666667,6.474978515625,0.334375,1,Subject9Activity1Trial2
1.347725,4.198739453693215,131.21164444288894,0.967185766966646,1.2239263803680982,0.6604166666666667,7.828394531249998,0.12291666666666667,1,Subject9Activity1Trial2
1.0961,1.2367457297278208,47.339940541784756,0.999435854487415,2.5436241610738257,0.8447916666666667,3.442170572916667,0.044791666666666674,0,Subject9Activity1Trial2
1.075775,1.0171307683872313,4.734461854896267,0.9999000359125494,2.073529411764706,0.9291666666666667,1.4215305989583336,0.048958333333333326,0,Subject9Activity1Trial2
1.08575,0.9874517709741575,2.269222273467676,0.9999975734667609,0.0,0.0,0.7894453125,0.0,0,Subject9Activity1Trial2
1.088775,0.9794738383438325,0.2832018664603311,0.9999967098172986,2.36,0.390625,0.764755859375,0.0,0,Subject9Activity1Trial2
1.0900750000000001,0.9794738383438325,0.28877955366721153,0.9999986871952042,1.6,0.390625,0.7163111979166666,0.0,0,Subject9Activity1Trial2
1.0923,0.979006639405474,0.35961023937690584,0.9999980774956901,0.0,0.0,0.6185221354166668,0.0,0,Subject9Activity1Trial2
1.3224250000000002,3.602597535112686,128.6989701234871,0.502434428126264,1.6269592476489028,0.6677083333333333,7.6044726562500005,0.16562500000000002,1,Subject9Activity1Trial3
1.2870249999999999,3.602597535112686,129.78935368169806,0.9909335149252195,1.690909090909091,0.7135416666666666,6.640386067708333,0.0,0,Subject9Activity1Trial3
1.1094249999999999,1.186212881400299,11.787126478376166,0.9989629373691664,2.278481012658228,0.9177083333333333,1.9784342447916672,0.0,0,Subject9Activity1Trial3
1.1469,1.0926545657251425,3.6453566777196897,0.9999928435667783,0.9473684210526315,0.940625,1.1182213541666668,0.0,0,Subject9Activity1Trial3
1.14195,0.9896383177706894,0.7313459693565676,0.9999977045603311,0.0,0.0,0.6852734374999999,0.0,0,Subject9Activity1Trial3
1.143875,0.9828026251491191,0.3607084489919714,0.9999972081494759,0.0,0.0,0.7439720052083334,0.0,0,Subject9Activity1Trial3
1.142825,0.9836518693114957,0.7859387992278641,0.9999905858421739,0.0,0.0,0.6836627604166667,0.0,0,Subject9Activity1Trial3
1.319175,4.92345904827084,116.05701518814845,0.41911348615357474,1.2884012539184952,0.6677083333333333,7.171728515625,0.1885416666666666,0,Subject9Activity2Trial1
1.5178499999999997,4.92345904827084,125.90126178105649,0.9856207205345071,1.430921052631579,0.6833333333333333,7.796132161458333,0.078125,1,Subject9Activity2Trial1
1.35585,1.7922948976103235,27.634611563116607,0.9991303433113229,1.5634920634920635,0.86875,3.2963704427083336,0.015625,0,Subject9Activity2Trial1
1.230275,1.01852933192913,2.5451168726731623,0.9999849273150826,1.839080459770115,0.909375,1.43942578125,0.0,0,Subject9Activity2Trial1
1.209925,0.9878593017226694,1.4998196561010957,0.9999840440705373,2.1923076923076925,0.9729166666666667,0.8843027343750001,0.0,0,Subject9Activity2Trial1
1.2035,0.9850005076140823,0.6627156409993233,0.9999671924832491,0.0,0.0,0.8513951822916667,0.0,0,Subject9Activity2Trial1
1.1859749999999998,0.9962032925061028,2.7747066714226207,0.9998685385041813,1.9295774647887325,0.9260416666666667,1.232939453125,0.0,0,Subject9Activity2Trial1
1.262075,2.9865321026233755,86.38186066784904,0.60025532689545,1.1442006269592477,0.6677083333333333,6.28421875,0.1645833333333333,0,Subject9Activity2Trial2
1.425125,2.9865321026233755,86.38186066784904,0.9979899290950391,1.2026578073089702,0.6864583333333333,6.809763020833333,0.1260416666666666,1,Subject9Activity2Trial2
1.335675,1.3471636871590624,8.604286651721083,0.9994125621669053,1.7185185185185186,0.859375,2.774216796875,0.017708333333333326,0,Subject9Activity2Trial2
1.299275,1.0275918450435464,3.563733450505339,0.9999867662436097,1.5806451612903225,0.903125,1.1255761718750001,0.0,0,Subject9Activity2Trial2
1.3042250000000002,1.0887451492429254,2.4838885176758083,0.9978776439711801,0.8333333333333334,0.8958333333333334,0.84282421875,0.0,0,Subject9Activity2Trial2
1.2998750000000001,1.0887451492429254,3.192454806946529,0.9999159678391342,0.0,0.0,0.7825052083333333,0.0,0,Subject9Activity2Trial2
1.2891,0.9945149571524804,1.1166240923113548,0.9999824112950334,0.0,0.0,0.7001673177083334,0.0,0,Subject9Activity2Trial2
1.169325,1.4055582520834915,92.54298563553557,0.905565887923854,1.2268370607028753,0.6739583333333333,6.7267623697916665,0.14479166666666665,1,Subject9Activity2Trial3
1.28715,1.4205530613109811,98.96306620718418,0.9982193486252791,1.3125,0.7,6.069439453125,0.11770833333333341,1,Subject9Activity2Trial3
1.27295,1.4205530613109811,18.276814139832396,0.9999764898979702,1.6168224299065421,0.8885416666666667,1.7932246093750002,0.025000000000000022,0,Subject9Activity2Trial3
1.2363250000000001,0.987620372410371,0.5991433548460066,0.9999920743173983,0.0,0.0,0.8358880208333334,0.0,0,Subject9Activity2Trial3
1.2344249999999999,0.9784441731647238,1.1752924169244636,0.9999708280795155,1.5535714285714286,0.9416666666666667,0.9746236979166666,0.0,0,Subject9Activity2Trial3
1.229075,0.9784441731647238,1.4051228617254878,0.9999944492111131,1.5178571428571428,0.9416666666666667,0.9957109375,0.0,0,Subject9Activity2Trial3
1.219275,0.9794820059602932,1.5188457273316942,0.9999683128586017,1.2045454545454546,0.9541666666666667,0.8653496093749998,0.0,0,Subject9Activity2Trial3
1.21545,0.9794820059602932,0.6660693541751641,0.9999884110585288,1.6428571428571428,0.9708333333333333,0.7315533854166667,0.0,0,Subject9Activity2Trial3
1.2803499999999999,3.819104868945078,50.62198685314964,0.44844242920087213,1.2843137254901962,0.68125,5.511149088541667,0.12187500000000007,0,Subject9Activity3Trial1
1.535225,3.819104868945078,100.84504815060036,0.955013145478818,1.4327868852459016,0.6822916666666666,7.071873697916667,0.2354166666666666,1,Subject9Activity3Trial1
1.4185500000000002,1.7634996455911183,100.42932026339928,0.9977397404883855,1.9141414141414141,0.79375,4.7748333333333335,0.06666666666666665,1,Subject9Activity3Trial1
1.296,1.2224193224912636,21.752074247343124,0.9998896925072944,1.358974358974359,0.91875,2.1038496093749997,0.009375000000000022,0,Subject9Activity3Trial1
1.2988250000000001,1.0858733812005892,4.910429300595007,0.9999759841979443,1.3220338983050848,0.353125,1.00171484375,0.0,0,Subject9Activity3Trial1
1.2935,1.0521126365556113,2.6646259231887193,0.9999653705156353,0.9464285714285714,0.35,0.8510657552083332,0.0,0,Subject9Activity3Trial1
1.281775,1.0614735041441212,4.352571628027652,0.999845473257319,1.9428571428571428,0.9020833333333333,1.4035006510416665,0.5562499999999999,0,Subject9Activity3Trial1
1.252825,5.154654110607229,90.0363669342486,0.3755239967073063,1.2233009708737863,0.678125,5.689951171875,0.16041666666666665,0,Subject9Activity3Trial2
1.56065,5.154654110607229,122.41421466314613,0.9381948317258493,1.3986928104575163,0.68125,7.974960286458334,0.1875,1,Subject9Activity3Trial2
1.4843499999999998,1.8144048611045993,94.64609894596354,0.9972489068362067,2.188888888888889,0.8125,4.2471640625,0.08020833333333333,0,Subject9Activity3Trial2
1.3088250000000001,1.1963364911261378,10.358258076453025,0.9998083350991348,1.2127659574468086,0.3875,1.6667695312500002,0.013541666666666674,0,Subject9Activity3Trial2
1.320275,1.0616689691236152,2.9259833030941813,0.9999567243911693,1.6063829787234043,0.38958333333333334,1.810842447916667,0.015625,0,Subject9Activity3Trial2
1.3144500000000001,1.125031999544902,5.247724203775515,0.9952914729482675,2.116504854368932,0.403125,2.2046985677083333,0.027083333333333348,0,Subject9Activity3Trial2
1.308475,1.125031999544902,5.247724203775515,0.999967436113492,1.73109243697479,0.421875,2.173633463541667,0.002083333333333326,0,Subject9Activity3Trial2
1.51635,5.933295290140211,117.91064153682541,0.23098135772031494,1.322085889570552,0.6604166666666667,6.661239583333334,0.27604166666666674,1,Subject9Activity3Trial3
1.70275,5.933295290140211,126.63805149947812,0.957486463360452,1.3006134969325154,0.6604166666666667,7.23727734375,0.21562500000000007,1,Subject9Activity3Trial3
1.4024750000000001,2.1276134517341254,50.874132976448195,0.995442455551894,2.068783068783069,0.803125,3.38425,0.15520833333333328,0,Subject9Activity3Trial3
1.3165749999999998,1.3652358770556832,16.59584730130737,0.9998372364613394,0.8571428571428571,0.934375,0.9534244791666666,0.0,0,Subject9Activity3Trial3
1.3017499999999997,1.0669409543175292,1.9102153081025417,0.9999787693566232,0.0,0.0,0.6776764322916666,0.0,0,Subject9Activity3Trial3
1.3026499999999999,1.0497899789957987,2.2192010198477785,0.999988179535454,0.0,0.0,0.6647135416666666,0.0,0,Subject9Activity3Trial3
1.3054,1.0525464360302588,2.493421683812249,0.9999625066675432,0.0,0.0,0.6221406249999999,0.0,0,Subject9Activity3Trial3
1.3032,1.0525464360302588,2.4501454308737696,0.9999791307469178,0.0,0.0,0.6534075520833333,0.0,0,Subject9Activity3Trial3
1.563825,4.817416216188923,67.80129642968521,0.3061868709997163,1.5307443365695792,0.678125,6.458710937499999,0.16458333333333341,1,Subject9Activity4Trial1
1.68825,4.817416216188923,71.52257972543677,0.9681332873099544,1.5815602836879432,0.70625,6.4919843749999995,0.05625000000000002,1,Subject9Activity4Trial1
1.573525,1.4423040594826044,20.795568124283925,0.9996336592617879,1.4259259259259258,0.8875,2.065492838541666,0.02604166666666663,0,Subject9Activity4Trial1
1.613675,1.0308084206097659,5.86801509413975,0.9999849358267558,1.3076923076923077,0.9052083333333333,0.9806106770833333,0.0,0,Subject9Activity4Trial1
1.6030499999999996,0.970829027172138,3.5548705140511885,0.9999827290660599,1.3714285714285714,0.9114583333333334,0.777134765625,0.0,0,Subject9Activity4Trial1
1.599275,0.969387951235211,1.878432529476683,0.9999959228341249,0.0,0.0,0.6987734375000001,0.0,0,Subject9Activity4Trial1
1.600975,0.9688524139413597,1.9971957170757264,0.9999969576434413,0.0,0.0,0.6963626302083333,0.0,0,Subject9Activity4Trial1
1.288325,4.549302913634132,100.85753915833408,0.47111956334044824,1.2990353697749195,0.6760416666666667,6.0283789062499995,0.1010416666666667,0,Subject9Activity4Trial2
1.4216250000000001,4.549302913634132,100.85753915833408,0.9655248710939283,1.4782608695652173,0.6885416666666667,6.444288411458333,0.05312500000000009,1,Subject9Activity4Trial2
1.4172500000000001,1.754713936799956,34.41656226980635,0.9999509579385808,2.2233009708737863,0.8927083333333333,2.276423828125,0.0,0,Subject9Activity4Trial2
1.3787,0.9806492747154816,3.2004705135906875,0.9999617144464484,1.0,0.9052083333333333,0.95681640625,0.0,0,Subject9Activity4Trial2
1.3775,0.9741745223521298,3.150122815143405,0.9999505392643441,1.1,0.9541666666666667,0.9213417968750001,0.0,0,Subject9Activity4Trial2
1.3579,0.9545333938632007,3.126164476341529,0.999996011235048,1.1842105263157894,0.95625,0.8996041666666666,0.0,0,Subject9Activity4Trial2
1.34345,0.9595379096210842,5.739570819674967,0.9999286135437842,1.6551724137931034,0.9697916666666667,0.8858385416666665,0.0,0,Subject9Activity4Trial2
1.461825,4.816488451143634,97.05995711138871,0.32042557412993367,1.5320512820512822,0.675,6.526919270833334,0.09687500000000004,1,Subject9Activity4Trial3
1.6881749999999998,4.816488451143634,97.05995711138871,0.9912115024144398,1.7967479674796747,0.74375,5.811080078125,0.02083333333333337,0,Subject9Activity4Trial3
1.61845,1.2929006148965976,26.315711405634637,0.9999692156089983,1.3333333333333333,0.884375,1.677650390625,0.0,0,Subject9Activity4Trial3
1.6222250000000003,0.9803397370299748,5.285429575731996,0.9999948492124857,0.0,0.0,0.80011328125,0.0,0,Subject9Activity4Trial3
1.6301499999999998,0.9783153888189636,3.8484892395681882,0.9999972600607636,0.0,0.0,0.6410143229166667,0.0,0,Subject9Activity4Trial3
1.634675,0.9780945762041624,3.126817610830784,0.999995406116375,0.0,0.0,0.669189453125,0.0,0,Subject9Activity4Trial3
1.6358000000000001,0.9780945762041624,3.421802184016684,0.9999972664344855,0.0,0.0,0.7195234375,0.0,0,Subject9Activity4Trial3
1.2968249999999997,3.1719605924412115,99.84430866502966,0.733602269644354,1.1346153846153846,0.675,5.708624348958333,0.15520833333333328,1,Subject9Activity5Trial1
1.339525,3.1719605924412115,105.16880380666512,0.9982746018481826,1.10580204778157,0.6947916666666667,6.2804589843750005,0.13645833333333335,1,Subject9Activity5Trial1
1.2195500000000001,1.2283700582479207,23.412477958513364,0.9987157431717983,1.7582417582417582,0.8104166666666667,3.1859244791666668,0.19479166666666659,1,Subject9Activity5Trial1
1.2135,1.1253768257788146,9.175947424693646,0.999730877247452,1.380952380952381,0.890625,1.9229433593750003,0.039583333333333304,0,Subject9Activity5Trial1
1.2163,1.1146456836143044,4.03285940988776,0.9999586625153195,0.8478260869565217,0.875,0.9072278645833334,0.0,0,Subject9Activity5Trial1
1.2284,1.0581951615841003,4.81190119322445,0.9999575387113472,0.8604651162790697,0.8802083333333334,0.9163776041666667,0.0,0,Subject9Activity5Trial1
1.2399499999999999,1.0669376739060255,2.715367547508496,0.9999098308467075,0.0,0.0,0.7494765625,0.0,0,Subject9Activity5Trial1
1.4235250000000002,2.403849620920577,86.36902592671984,0.7477569236765506,1.1806451612903226,0.6770833333333334,5.908477864583334,0.07604166666666667,1,Subject9Activity5Trial2
1.502875,2.403849620920577,102.15904811407945,0.9925628874581907,1.4022988505747127,0.728125,6.9072460937499995,0.09999999999999998,1,Subject9Activity5Trial2
1.3004250000000002,1.2584379205983902,19.563432766997437,0.9989103363084412,1.95906432748538,0.821875,3.054579427083333,0.16875000000000007,0,Subject9Activity5Trial2
1.2687249999999999,1.1068288033837934,6.077812424298333,0.9999547329214812,0.9850746268656716,0.8927083333333333,1.0306009114583334,0.0,0,Subject9Activity5Trial2
1.27715,1.0542722608510573,3.4158871503553705,0.9999792986930935,0.0,0.0,0.8373808593750001,0.0,0,Subject9Activity5Trial2
1.273425,1.0504865539358417,3.1192674187023375,0.9999912004858628,0.5975609756097561,0.39791666666666664,1.050532552083333,0.0,0,Subject9Activity5Trial2
1.2715,1.0626499894132593,2.9314311400329185,0.9999145221338263,0.46875,0.4666666666666667,1.8125078125000003,0.11458333333333337,0,Subject9Activity5Trial2
1.237375,3.165052606197881,91.02305464516913,0.7127948501065722,1.2443729903536977,0.6760416666666667,5.90585546875,0.11666666666666659,1,Subject9Activity5Trial3
1.3523249999999998,3.165052606197881,96.70336661698404,0.9955287566075456,1.2882562277580072,0.7072916666666667,7.394444661458334,0.03020833333333328,1,Subject9Activity5Trial3
1.2693249999999998,1.5072644094517722,30.106727880962588,0.9981913170796198,1.9649122807017543,0.821875,3.2483509114583335,0.0,0,Subject9Activity5Trial3
1.259575,1.1538461769230768,13.776897763123962,0.9999889321700008,1.0,0.88125,1.0017884114583333,0.0,0,Subject9Activity5Trial3
1.2564499999999998,1.0556154602884518,3.022470009401964,0.9999806169229323,0.0,0.0,0.6731119791666667,0.0,0,Subject9Activity5Trial3
1.257525,1.0556154602884518,2.8757321506880515,0.9999775596142005,0.0,0.0,0.676396484375,0.0,0,Subject9Activity5Trial3
1.2541,1.0574464525449976,2.274370564243899,0.9999928327447586,0.0,0.0,0.6676595052083333,0.0,0,Subject9Activity5Trial3
1.25245,1.0574464525449976,3.1330786911534645,0.9999889768259096,0.0,0.0,0.647330078125,0.0,0,Subject9Activity5Trial3
